#pragma once

// MP3_2_WAV: https://convertio.co/de/mp3-wav/
// MP3_2_WAV: https://online-audio-converter.com/de/
// WAV_2_HEX: http://tomeko.net/online_tools/file_to_hex.php?lang=en

// 16-bit PCM WAV data (mono or stereo, any sample rate) 

unsigned const char cSoundErrorWAV[] = { 
0x52, 0x49, 0x46, 0x46, 0xB2, 0x92, 0x00, 0x00, 0x57, 0x41, 0x56, 0x45, 0x66, 0x6D, 0x74, 0x20, 
0x10, 0x00, 0x00, 0x00, 0x01, 0x00, 0x01, 0x00, 0x22, 0x56, 0x00, 0x00, 0x44, 0xAC, 0x00, 0x00, 
0x02, 0x00, 0x10, 0x00, 0x4C, 0x49, 0x53, 0x54, 0x1A, 0x00, 0x00, 0x00, 0x49, 0x4E, 0x46, 0x4F, 
0x49, 0x53, 0x46, 0x54, 0x0E, 0x00, 0x00, 0x00, 0x4C, 0x61, 0x76, 0x66, 0x35, 0x38, 0x2E, 0x37, 
0x36, 0x2E, 0x31, 0x30, 0x30, 0x00, 0x64, 0x61, 0x74, 0x61, 0x6C, 0x92, 0x00, 0x00, 0x00, 0x00, 
0x0E, 0x00, 0x39, 0x00, 0x79, 0x00, 0xC7, 0x00, 0x18, 0x01, 0x5E, 0x01, 0x8E, 0x01, 0x9E, 0x01, 
0x85, 0x01, 0x3E, 0x01, 0xCA, 0x00, 0x2C, 0x00, 0x6F, 0xFF, 0x9D, 0xFE, 0xC8, 0xFD, 0x02, 0xFD, 
0x5C, 0xFC, 0xE9, 0xFB, 0xB8, 0xFB, 0xD4, 0xFB, 0x41, 0xFC, 0xFF, 0xFC, 0x08, 0xFE, 0x4D, 0xFF, 
0xBA, 0x00, 0x3A, 0x02, 0xAF, 0x03, 0xFF, 0x04, 0x0D, 0x06, 0xC2, 0x06, 0x0B, 0x07, 0xDB, 0x06, 
0x2D, 0x06, 0x08, 0x05, 0x77, 0x03, 0x92, 0x01, 0x76, 0xFF, 0x45, 0xFD, 0x25, 0xFB, 0x3E, 0xF9, 
0xB4, 0xF7, 0xA7, 0xF6, 0x31, 0xF6, 0x5F, 0xF6, 0x37, 0xF7, 0xB2, 0xF8, 0xBC, 0xFA, 0x39, 0xFD, 
0x00, 0x00, 0xE5, 0x02, 0xB6, 0x05, 0x42, 0x08, 0x58, 0x0A, 0xD1, 0x0B, 0x8C, 0x0C, 0x76, 0x0C, 
0x89, 0x0B, 0xCD, 0x09, 0x59, 0x07, 0x51, 0x04, 0xE4, 0x00, 0x4C, 0xFD, 0xC3, 0xF9, 0x88, 0xF6, 
0xD5, 0xF3, 0xDC, 0xF1, 0xC7, 0xF0, 0xAD, 0xF0, 0x99, 0xF1, 0x82, 0xF3, 0x4E, 0xF6, 0xD5, 0xF9, 
0xDF, 0xFD, 0x29, 0x02, 0x6D, 0x06, 0x60, 0x0A, 0xBE, 0x0D, 0x48, 0x10, 0xCE, 0x11, 0x2E, 0x12, 
0x5A, 0x11, 0x5A, 0x0F, 0x48, 0x0C, 0x52, 0x08, 0xB5, 0x03, 0xBE, 0xFE, 0xBE, 0xF9, 0x0B, 0xF5, 
0xF6, 0xF0, 0xC9, 0xED, 0xBF, 0xEB, 0x02, 0xEB, 0xA6, 0xEB, 0xA6, 0xED, 0xEA, 0xF0, 0x3F, 0xF5, 
0x62, 0xFA, 0x00, 0x00, 0xBB, 0x05, 0x34, 0x0B, 0x0A, 0x10, 0xEA, 0x13, 0x8B, 0x16, 0xBB, 0x17, 
0x5F, 0x17, 0x74, 0x15, 0x15, 0x12, 0x73, 0x0D, 0xD7, 0x07, 0x9B, 0x01, 0x28, 0xFB, 0xE8, 0xF4, 
0x47, 0xEF, 0xA8, 0xEA, 0x5D, 0xE7, 0xA4, 0xE5, 0xA2, 0xE5, 0x5E, 0xE7, 0xC3, 0xEA, 0x9E, 0xEF, 
0xA3, 0xF5, 0x71, 0xFC, 0x97, 0x03, 0x9F, 0x0A, 0x11, 0x11, 0x7D, 0x16, 0x83, 0x1A, 0xD9, 0x1C, 
0x50, 0x1D, 0xDA, 0x1B, 0x87, 0x18, 0x89, 0x13, 0x2C, 0x0D, 0xD9, 0x05, 0x07, 0xFE, 0x38, 0xF6, 
0xF0, 0xEE, 0xAE, 0xE8, 0xDE, 0xE3, 0xD7, 0xE0, 0xD4, 0xDF, 0xEC, 0xE0, 0x15, 0xE4, 0x21, 0xE9, 
0xC2, 0xEF, 0x8C, 0xF7, 0x00, 0x00, 0x92, 0x08, 0xB1, 0x10, 0xD3, 0x17, 0x7B, 0x1D, 0x44, 0x21, 
0xE9, 0x22, 0x47, 0x22, 0x60, 0x1F, 0x5D, 0x1A, 0x8D, 0x13, 0x5D, 0x0B, 0x53, 0x02, 0x05, 0xF9, 
0x0E, 0xF0, 0x07, 0xE8, 0x7B, 0xE1, 0xDD, 0xDC, 0x81, 0xDA, 0x97, 0xDA, 0x23, 0xDD, 0x04, 0xE2, 
0xED, 0xE8, 0x70, 0xF1, 0x02, 0xFB, 0x05, 0x05, 0xD2, 0x0E, 0xC2, 0x17, 0x3C, 0x1F, 0xBE, 0x24, 
0xE4, 0x27, 0x73, 0x28, 0x5A, 0x26, 0xB4, 0x21, 0xC9, 0x1A, 0x07, 0x12, 0xFC, 0x07, 0x4F, 0xFD, 
0xB1, 0xF2, 0xD6, 0xE8, 0x65, 0xE0, 0xF2, 0xD9, 0xEF, 0xD5, 0xA5, 0xD4, 0x32, 0xD6, 0x84, 0xDA, 
0x59, 0xE1, 0x44, 0xEA, 0xB6, 0xF4, 0x00, 0x00, 0x68, 0x0B, 0x2E, 0x16, 0x9B, 0x1F, 0x0C, 0x27, 
0xFE, 0x2B, 0x18, 0x2E, 0x2F, 0x2D, 0x4B, 0x29, 0xA5, 0x22, 0xA8, 0x19, 0xE4, 0x0E, 0x0A, 0x03, 
0xE1, 0xF6, 0x33, 0xEB, 0xC6, 0xE0, 0x4E, 0xD8, 0x5D, 0xD2, 0x5F, 0xCF, 0x8B, 0xCF, 0xE8, 0xD2, 
0x44, 0xD9, 0x3C, 0xE2, 0x3D, 0xED, 0x9C, 0xF9, 0x64, 0x06, 0xC3, 0x12, 0xE7, 0x1D, 0x17, 0x27, 
0xB8, 0x2D, 0x5B, 0x31, 0xC4, 0x31, 0xEC, 0x2E, 0x02, 0x29, 0x69, 0x20, 0xB1, 0x15, 0x8E, 0x09, 
0xCC, 0xFC, 0x3F, 0xF0, 0xBA, 0xE4, 0xFD, 0xDA, 0xAC, 0xD3, 0x41, 0xCF, 0x07, 0xCE, 0x12, 0xD0, 
0x3F, 0xD5, 0x38, 0xDD, 0x77, 0xE7, 0x52, 0xF3, 0x00, 0x00, 0xAE, 0x0C, 0x89, 0x18, 0xC8, 0x22, 
0xC1, 0x2A, 0xEE, 0x2F, 0xF9, 0x31, 0xBF, 0x30, 0x54, 0x2C, 0x03, 0x25, 0x46, 0x1B, 0xC1, 0x0F, 
0x34, 0x03, 0x72, 0xF6, 0x4F, 0xEA, 0x97, 0xDF, 0xFE, 0xD6, 0x14, 0xD1, 0x3C, 0xCE, 0xA5, 0xCE, 
0x48, 0xD2, 0xE9, 0xD8, 0x19, 0xE2, 0x3D, 0xED, 0x9C, 0xF9, 0x64, 0x06, 0xC3, 0x12, 0xE7, 0x1D, 
0x17, 0x27, 0xB8, 0x2D, 0x5B, 0x31, 0xC4, 0x31, 0xEC, 0x2E, 0x02, 0x29, 0x69, 0x20, 0xB1, 0x15, 
0x8E, 0x09, 0xCC, 0xFC, 0x3F, 0xF0, 0xBA, 0xE4, 0xFD, 0xDA, 0xAC, 0xD3, 0x41, 0xCF, 0x07, 0xCE, 
0x12, 0xD0, 0x3F, 0xD5, 0x38, 0xDD, 0x77, 0xE7, 0x52, 0xF3, 0x00, 0x00, 0xAE, 0x0C, 0x89, 0x18, 
0xC8, 0x22, 0xC1, 0x2A, 0xEE, 0x2F, 0xF9, 0x31, 0xBF, 0x30, 0x54, 0x2C, 0x03, 0x25, 0x46, 0x1B, 
0xC1, 0x0F, 0x34, 0x03, 0x72, 0xF6, 0x4F, 0xEA, 0x97, 0xDF, 0xFE, 0xD6, 0x14, 0xD1, 0x3C, 0xCE, 
0xA5, 0xCE, 0x48, 0xD2, 0xE9, 0xD8, 0x19, 0xE2, 0x3D, 0xED, 0x9C, 0xF9, 0x64, 0x06, 0xC3, 0x12, 
0xE7, 0x1D, 0x17, 0x27, 0xB8, 0x2D, 0x5B, 0x31, 0xC4, 0x31, 0xEC, 0x2E, 0x02, 0x29, 0x69, 0x20, 
0xB1, 0x15, 0x8E, 0x09, 0xCC, 0xFC, 0x3F, 0xF0, 0xBA, 0xE4, 0xFD, 0xDA, 0xAC, 0xD3, 0x41, 0xCF, 
0x07, 0xCE, 0x12, 0xD0, 0x3F, 0xD5, 0x38, 0xDD, 0x77, 0xE7, 0x52, 0xF3, 0x00, 0x00, 0xAE, 0x0C, 
0x89, 0x18, 0xC8, 0x22, 0xC1, 0x2A, 0xEE, 0x2F, 0xF9, 0x31, 0xBF, 0x30, 0x54, 0x2C, 0x03, 0x25, 
0x46, 0x1B, 0xC1, 0x0F, 0x34, 0x03, 0x72, 0xF6, 0x4F, 0xEA, 0x97, 0xDF, 0xFE, 0xD6, 0x14, 0xD1, 
0x3C, 0xCE, 0xA5, 0xCE, 0x48, 0xD2, 0xE9, 0xD8, 0x19, 0xE2, 0x3D, 0xED, 0x9C, 0xF9, 0x64, 0x06, 
0xC3, 0x12, 0xE7, 0x1D, 0x17, 0x27, 0xB8, 0x2D, 0x5B, 0x31, 0xC4, 0x31, 0xEC, 0x2E, 0x02, 0x29, 
0x69, 0x20, 0xB1, 0x15, 0x8E, 0x09, 0xCC, 0xFC, 0x3F, 0xF0, 0xBA, 0xE4, 0xFD, 0xDA, 0xAC, 0xD3, 
0x41, 0xCF, 0x07, 0xCE, 0x12, 0xD0, 0x3F, 0xD5, 0x38, 0xDD, 0x77, 0xE7, 0x52, 0xF3, 0x00, 0x00, 
0xAE, 0x0C, 0x89, 0x18, 0xC8, 0x22, 0xC1, 0x2A, 0xEE, 0x2F, 0xF9, 0x31, 0xBF, 0x30, 0x54, 0x2C, 
0x03, 0x25, 0x46, 0x1B, 0xC1, 0x0F, 0x34, 0x03, 0x72, 0xF6, 0x4F, 0xEA, 0x97, 0xDF, 0xFE, 0xD6, 
0x14, 0xD1, 0x3C, 0xCE, 0xA5, 0xCE, 0x48, 0xD2, 0xE9, 0xD8, 0x19, 0xE2, 0x3D, 0xED, 0x9C, 0xF9, 
0x64, 0x06, 0xC3, 0x12, 0xE7, 0x1D, 0x17, 0x27, 0xB8, 0x2D, 0x5B, 0x31, 0xC4, 0x31, 0xEC, 0x2E, 
0x02, 0x29, 0x69, 0x20, 0xB1, 0x15, 0x8E, 0x09, 0xCC, 0xFC, 0x3F, 0xF0, 0xBA, 0xE4, 0xFD, 0xDA, 
0xAC, 0xD3, 0x41, 0xCF, 0x07, 0xCE, 0x12, 0xD0, 0x3F, 0xD5, 0x38, 0xDD, 0x77, 0xE7, 0x52, 0xF3, 
0x00, 0x00, 0xAE, 0x0C, 0x89, 0x18, 0xC8, 0x22, 0xC1, 0x2A, 0xEE, 0x2F, 0xF9, 0x31, 0xBF, 0x30, 
0x54, 0x2C, 0x03, 0x25, 0x46, 0x1B, 0xC1, 0x0F, 0x34, 0x03, 0x72, 0xF6, 0x4F, 0xEA, 0x97, 0xDF, 
0xFE, 0xD6, 0x14, 0xD1, 0x3C, 0xCE, 0xA5, 0xCE, 0x48, 0xD2, 0xE9, 0xD8, 0x19, 0xE2, 0x3D, 0xED, 
0x9C, 0xF9, 0x64, 0x06, 0xC3, 0x12, 0xE7, 0x1D, 0x17, 0x27, 0xB8, 0x2D, 0x5B, 0x31, 0xC4, 0x31, 
0xEC, 0x2E, 0x02, 0x29, 0x69, 0x20, 0xB1, 0x15, 0x8E, 0x09, 0xCC, 0xFC, 0x3F, 0xF0, 0xBA, 0xE4, 
0xFD, 0xDA, 0xAC, 0xD3, 0x41, 0xCF, 0x07, 0xCE, 0x12, 0xD0, 0x3F, 0xD5, 0x38, 0xDD, 0x77, 0xE7, 
0x52, 0xF3, 0x00, 0x00, 0xAE, 0x0C, 0x89, 0x18, 0xC8, 0x22, 0xC1, 0x2A, 0xEE, 0x2F, 0xF9, 0x31, 
0xBF, 0x30, 0x54, 0x2C, 0x03, 0x25, 0x46, 0x1B, 0xC1, 0x0F, 0x34, 0x03, 0x72, 0xF6, 0x4F, 0xEA, 
0x97, 0xDF, 0xFE, 0xD6, 0x14, 0xD1, 0x3C, 0xCE, 0xA5, 0xCE, 0x48, 0xD2, 0xE9, 0xD8, 0x19, 0xE2, 
0x3D, 0xED, 0x9C, 0xF9, 0x64, 0x06, 0xC3, 0x12, 0xE7, 0x1D, 0x17, 0x27, 0xB8, 0x2D, 0x5B, 0x31, 
0xC4, 0x31, 0xEC, 0x2E, 0x02, 0x29, 0x69, 0x20, 0xB1, 0x15, 0x8E, 0x09, 0xCC, 0xFC, 0x3F, 0xF0, 
0xBA, 0xE4, 0xFD, 0xDA, 0xAC, 0xD3, 0x41, 0xCF, 0x07, 0xCE, 0x12, 0xD0, 0x3F, 0xD5, 0x38, 0xDD, 
0x77, 0xE7, 0x52, 0xF3, 0x00, 0x00, 0xAE, 0x0C, 0x89, 0x18, 0xC8, 0x22, 0xC1, 0x2A, 0xEE, 0x2F, 
0xF9, 0x31, 0xBF, 0x30, 0x54, 0x2C, 0x03, 0x25, 0x46, 0x1B, 0xC1, 0x0F, 0x34, 0x03, 0x72, 0xF6, 
0x4F, 0xEA, 0x97, 0xDF, 0xFE, 0xD6, 0x14, 0xD1, 0x3C, 0xCE, 0xA5, 0xCE, 0x48, 0xD2, 0xE9, 0xD8, 
0x19, 0xE2, 0x3D, 0xED, 0x9C, 0xF9, 0x64, 0x06, 0xC3, 0x12, 0xE7, 0x1D, 0x17, 0x27, 0xB8, 0x2D, 
0x5B, 0x31, 0xC4, 0x31, 0xEC, 0x2E, 0x02, 0x29, 0x69, 0x20, 0xB1, 0x15, 0x8E, 0x09, 0xCC, 0xFC, 
0x3F, 0xF0, 0xBA, 0xE4, 0xFD, 0xDA, 0xAC, 0xD3, 0x41, 0xCF, 0x07, 0xCE, 0x12, 0xD0, 0x3F, 0xD5, 
0x38, 0xDD, 0x77, 0xE7, 0x52, 0xF3, 0x00, 0x00, 0xAE, 0x0C, 0x89, 0x18, 0xC8, 0x22, 0xC1, 0x2A, 
0xEE, 0x2F, 0xF9, 0x31, 0xBF, 0x30, 0x54, 0x2C, 0x03, 0x25, 0x46, 0x1B, 0xC1, 0x0F, 0x34, 0x03, 
0x72, 0xF6, 0x4F, 0xEA, 0x97, 0xDF, 0xFE, 0xD6, 0x14, 0xD1, 0x3C, 0xCE, 0xA5, 0xCE, 0x48, 0xD2, 
0xE9, 0xD8, 0x19, 0xE2, 0x3D, 0xED, 0x9C, 0xF9, 0x64, 0x06, 0xC3, 0x12, 0xE7, 0x1D, 0x17, 0x27, 
0xB8, 0x2D, 0x5B, 0x31, 0xC4, 0x31, 0xEC, 0x2E, 0x02, 0x29, 0x69, 0x20, 0xB1, 0x15, 0x8E, 0x09, 
0xCC, 0xFC, 0x3F, 0xF0, 0xBA, 0xE4, 0xFD, 0xDA, 0xAC, 0xD3, 0x41, 0xCF, 0x07, 0xCE, 0x12, 0xD0, 
0x3F, 0xD5, 0x38, 0xDD, 0x77, 0xE7, 0x52, 0xF3, 0x00, 0x00, 0xAE, 0x0C, 0x89, 0x18, 0xC8, 0x22, 
0xC1, 0x2A, 0xEE, 0x2F, 0xF9, 0x31, 0xBF, 0x30, 0x54, 0x2C, 0x03, 0x25, 0x46, 0x1B, 0xC1, 0x0F, 
0x34, 0x03, 0x72, 0xF6, 0x4F, 0xEA, 0x97, 0xDF, 0xFE, 0xD6, 0x14, 0xD1, 0x3C, 0xCE, 0xA5, 0xCE, 
0x48, 0xD2, 0xE9, 0xD8, 0x19, 0xE2, 0x3D, 0xED, 0x9C, 0xF9, 0x64, 0x06, 0xC3, 0x12, 0xE7, 0x1D, 
0x17, 0x27, 0xB8, 0x2D, 0x5B, 0x31, 0xC4, 0x31, 0xEC, 0x2E, 0x02, 0x29, 0x69, 0x20, 0xB1, 0x15, 
0x8E, 0x09, 0xCC, 0xFC, 0x3F, 0xF0, 0xBA, 0xE4, 0xFD, 0xDA, 0xAC, 0xD3, 0x41, 0xCF, 0x07, 0xCE, 
0x12, 0xD0, 0x3F, 0xD5, 0x38, 0xDD, 0x77, 0xE7, 0x52, 0xF3, 0x00, 0x00, 0xAE, 0x0C, 0x89, 0x18, 
0xC8, 0x22, 0xC1, 0x2A, 0xEE, 0x2F, 0xF9, 0x31, 0xBF, 0x30, 0x54, 0x2C, 0x03, 0x25, 0x46, 0x1B, 
0xC1, 0x0F, 0x34, 0x03, 0x72, 0xF6, 0x4F, 0xEA, 0x97, 0xDF, 0xFE, 0xD6, 0x14, 0xD1, 0x3C, 0xCE, 
0xA5, 0xCE, 0x48, 0xD2, 0xE9, 0xD8, 0x19, 0xE2, 0x3D, 0xED, 0x9C, 0xF9, 0x64, 0x06, 0xC3, 0x12, 
0xE7, 0x1D, 0x17, 0x27, 0xB8, 0x2D, 0x5B, 0x31, 0xC4, 0x31, 0xEC, 0x2E, 0x02, 0x29, 0x69, 0x20, 
0xB1, 0x15, 0x8E, 0x09, 0xCC, 0xFC, 0x3F, 0xF0, 0xBA, 0xE4, 0xFD, 0xDA, 0xAC, 0xD3, 0x41, 0xCF, 
0x07, 0xCE, 0x12, 0xD0, 0x3F, 0xD5, 0x38, 0xDD, 0x77, 0xE7, 0x52, 0xF3, 0x00, 0x00, 0xAE, 0x0C, 
0x89, 0x18, 0xC8, 0x22, 0xC1, 0x2A, 0xEE, 0x2F, 0xF9, 0x31, 0xBF, 0x30, 0x54, 0x2C, 0x03, 0x25, 
0x46, 0x1B, 0xC1, 0x0F, 0x34, 0x03, 0x72, 0xF6, 0x4F, 0xEA, 0x97, 0xDF, 0xFE, 0xD6, 0x14, 0xD1, 
0x3C, 0xCE, 0xA5, 0xCE, 0x48, 0xD2, 0xE9, 0xD8, 0x19, 0xE2, 0x3D, 0xED, 0x9C, 0xF9, 0x64, 0x06, 
0xC3, 0x12, 0xE7, 0x1D, 0x17, 0x27, 0xB8, 0x2D, 0x5B, 0x31, 0xC4, 0x31, 0xEC, 0x2E, 0x02, 0x29, 
0x69, 0x20, 0xB1, 0x15, 0x8E, 0x09, 0xCC, 0xFC, 0x3F, 0xF0, 0xBA, 0xE4, 0xFD, 0xDA, 0xAC, 0xD3, 
0x41, 0xCF, 0x07, 0xCE, 0x12, 0xD0, 0x3F, 0xD5, 0x38, 0xDD, 0x77, 0xE7, 0x52, 0xF3, 0x00, 0x00, 
0xAE, 0x0C, 0x89, 0x18, 0xC8, 0x22, 0xC1, 0x2A, 0xEE, 0x2F, 0xF9, 0x31, 0xBF, 0x30, 0x54, 0x2C, 
0x03, 0x25, 0x46, 0x1B, 0xC1, 0x0F, 0x34, 0x03, 0x72, 0xF6, 0x4F, 0xEA, 0x97, 0xDF, 0xFE, 0xD6, 
0x14, 0xD1, 0x3C, 0xCE, 0xA5, 0xCE, 0x48, 0xD2, 0xE9, 0xD8, 0x19, 0xE2, 0x3D, 0xED, 0x9C, 0xF9, 
0x64, 0x06, 0xC3, 0x12, 0xE7, 0x1D, 0x17, 0x27, 0xB8, 0x2D, 0x5B, 0x31, 0xC4, 0x31, 0xEC, 0x2E, 
0x02, 0x29, 0x69, 0x20, 0xB1, 0x15, 0x8E, 0x09, 0xCC, 0xFC, 0x3F, 0xF0, 0xBA, 0xE4, 0xFD, 0xDA, 
0xAC, 0xD3, 0x41, 0xCF, 0x07, 0xCE, 0x12, 0xD0, 0x3F, 0xD5, 0x38, 0xDD, 0x77, 0xE7, 0x52, 0xF3, 
0x00, 0x00, 0xAE, 0x0C, 0x89, 0x18, 0xC8, 0x22, 0xC1, 0x2A, 0xEE, 0x2F, 0xF9, 0x31, 0xBF, 0x30, 
0x54, 0x2C, 0x03, 0x25, 0x46, 0x1B, 0xC1, 0x0F, 0x34, 0x03, 0x72, 0xF6, 0x4F, 0xEA, 0x97, 0xDF, 
0xFE, 0xD6, 0x14, 0xD1, 0x3C, 0xCE, 0xA5, 0xCE, 0x48, 0xD2, 0xE9, 0xD8, 0x19, 0xE2, 0x3D, 0xED, 
0x9C, 0xF9, 0x64, 0x06, 0xC3, 0x12, 0xE7, 0x1D, 0x17, 0x27, 0xB8, 0x2D, 0x5B, 0x31, 0xC4, 0x31, 
0xEC, 0x2E, 0x02, 0x29, 0x69, 0x20, 0xB1, 0x15, 0x8E, 0x09, 0xCC, 0xFC, 0x3F, 0xF0, 0xBA, 0xE4, 
0xFD, 0xDA, 0xAC, 0xD3, 0x41, 0xCF, 0x07, 0xCE, 0x12, 0xD0, 0x3F, 0xD5, 0x38, 0xDD, 0x77, 0xE7, 
0x52, 0xF3, 0x00, 0x00, 0xAE, 0x0C, 0x89, 0x18, 0xC8, 0x22, 0xC1, 0x2A, 0xEE, 0x2F, 0xF9, 0x31, 
0xBF, 0x30, 0x54, 0x2C, 0x03, 0x25, 0x46, 0x1B, 0xC1, 0x0F, 0x34, 0x03, 0x72, 0xF6, 0x4F, 0xEA, 
0x97, 0xDF, 0xFE, 0xD6, 0x14, 0xD1, 0x3C, 0xCE, 0xA5, 0xCE, 0x48, 0xD2, 0xE9, 0xD8, 0x19, 0xE2, 
0x3D, 0xED, 0x9C, 0xF9, 0x64, 0x06, 0xC3, 0x12, 0xE7, 0x1D, 0x17, 0x27, 0xB8, 0x2D, 0x5B, 0x31, 
0xC4, 0x31, 0xEC, 0x2E, 0x02, 0x29, 0x69, 0x20, 0xB1, 0x15, 0x8E, 0x09, 0xCC, 0xFC, 0x3F, 0xF0, 
0xBA, 0xE4, 0xFD, 0xDA, 0xAC, 0xD3, 0x41, 0xCF, 0x07, 0xCE, 0x12, 0xD0, 0x3F, 0xD5, 0x38, 0xDD, 
0x77, 0xE7, 0x52, 0xF3, 0x00, 0x00, 0xAE, 0x0C, 0x89, 0x18, 0xC8, 0x22, 0xC1, 0x2A, 0xEE, 0x2F, 
0xF9, 0x31, 0xBF, 0x30, 0x54, 0x2C, 0x03, 0x25, 0x46, 0x1B, 0xC1, 0x0F, 0x34, 0x03, 0x72, 0xF6, 
0x4F, 0xEA, 0x97, 0xDF, 0xFE, 0xD6, 0x14, 0xD1, 0x3C, 0xCE, 0xA5, 0xCE, 0x48, 0xD2, 0xE9, 0xD8, 
0x19, 0xE2, 0x3D, 0xED, 0x9C, 0xF9, 0x64, 0x06, 0xC3, 0x12, 0xE7, 0x1D, 0x17, 0x27, 0xB8, 0x2D, 
0x5B, 0x31, 0xC4, 0x31, 0xEC, 0x2E, 0x02, 0x29, 0x69, 0x20, 0xB1, 0x15, 0x8E, 0x09, 0xCC, 0xFC, 
0x3F, 0xF0, 0xBA, 0xE4, 0xFD, 0xDA, 0xAC, 0xD3, 0x41, 0xCF, 0x07, 0xCE, 0x12, 0xD0, 0x3F, 0xD5, 
0x38, 0xDD, 0x77, 0xE7, 0x52, 0xF3, 0x00, 0x00, 0xAE, 0x0C, 0x89, 0x18, 0xC8, 0x22, 0xC1, 0x2A, 
0xEE, 0x2F, 0xF9, 0x31, 0xBF, 0x30, 0x54, 0x2C, 0x03, 0x25, 0x46, 0x1B, 0xC1, 0x0F, 0x34, 0x03, 
0x72, 0xF6, 0x4F, 0xEA, 0x97, 0xDF, 0xFE, 0xD6, 0x14, 0xD1, 0x3C, 0xCE, 0xA5, 0xCE, 0x48, 0xD2, 
0xE9, 0xD8, 0x19, 0xE2, 0x3D, 0xED, 0x9C, 0xF9, 0x64, 0x06, 0xC3, 0x12, 0xE7, 0x1D, 0x17, 0x27, 
0xB8, 0x2D, 0x5B, 0x31, 0xC4, 0x31, 0xEC, 0x2E, 0x02, 0x29, 0x69, 0x20, 0xB1, 0x15, 0x8E, 0x09, 
0xCC, 0xFC, 0x3F, 0xF0, 0xBA, 0xE4, 0xFD, 0xDA, 0xAC, 0xD3, 0x41, 0xCF, 0x07, 0xCE, 0x12, 0xD0, 
0x3F, 0xD5, 0x38, 0xDD, 0x77, 0xE7, 0x52, 0xF3, 0x00, 0x00, 0xAE, 0x0C, 0x89, 0x18, 0xC8, 0x22, 
0xC1, 0x2A, 0xEE, 0x2F, 0xF9, 0x31, 0xBF, 0x30, 0x54, 0x2C, 0x03, 0x25, 0x46, 0x1B, 0xC1, 0x0F, 
0x34, 0x03, 0x72, 0xF6, 0x4F, 0xEA, 0x97, 0xDF, 0xFE, 0xD6, 0x14, 0xD1, 0x3C, 0xCE, 0xA5, 0xCE, 
0x48, 0xD2, 0xE9, 0xD8, 0x19, 0xE2, 0x3D, 0xED, 0x9C, 0xF9, 0x64, 0x06, 0xC3, 0x12, 0xE7, 0x1D, 
0x17, 0x27, 0xB8, 0x2D, 0x5B, 0x31, 0xC4, 0x31, 0xEC, 0x2E, 0x02, 0x29, 0x69, 0x20, 0xB1, 0x15, 
0x8E, 0x09, 0xCC, 0xFC, 0x3F, 0xF0, 0xBA, 0xE4, 0xFD, 0xDA, 0xAC, 0xD3, 0x41, 0xCF, 0x07, 0xCE, 
0x12, 0xD0, 0x3F, 0xD5, 0x38, 0xDD, 0x77, 0xE7, 0x52, 0xF3, 0x00, 0x00, 0xAE, 0x0C, 0x89, 0x18, 
0xC8, 0x22, 0xC1, 0x2A, 0xEE, 0x2F, 0xF9, 0x31, 0xBF, 0x30, 0x54, 0x2C, 0x03, 0x25, 0x46, 0x1B, 
0xC1, 0x0F, 0x34, 0x03, 0x72, 0xF6, 0x4F, 0xEA, 0x97, 0xDF, 0xFE, 0xD6, 0x14, 0xD1, 0x3C, 0xCE, 
0xA5, 0xCE, 0x48, 0xD2, 0xE9, 0xD8, 0x19, 0xE2, 0x3D, 0xED, 0x9C, 0xF9, 0x64, 0x06, 0xC3, 0x12, 
0xE7, 0x1D, 0x17, 0x27, 0xB8, 0x2D, 0x5B, 0x31, 0xC4, 0x31, 0xEC, 0x2E, 0x02, 0x29, 0x69, 0x20, 
0xB1, 0x15, 0x8E, 0x09, 0xCC, 0xFC, 0x3F, 0xF0, 0xBA, 0xE4, 0xFD, 0xDA, 0xAC, 0xD3, 0x41, 0xCF, 
0x07, 0xCE, 0x12, 0xD0, 0x3F, 0xD5, 0x38, 0xDD, 0x77, 0xE7, 0x52, 0xF3, 0x00, 0x00, 0xAE, 0x0C, 
0x89, 0x18, 0xC8, 0x22, 0xC1, 0x2A, 0xEE, 0x2F, 0xF9, 0x31, 0xBF, 0x30, 0x54, 0x2C, 0x03, 0x25, 
0x46, 0x1B, 0xC1, 0x0F, 0x34, 0x03, 0x72, 0xF6, 0x4F, 0xEA, 0x97, 0xDF, 0xFE, 0xD6, 0x14, 0xD1, 
0x3C, 0xCE, 0xA5, 0xCE, 0x48, 0xD2, 0xE9, 0xD8, 0x19, 0xE2, 0x3D, 0xED, 0x9C, 0xF9, 0x64, 0x06, 
0xC3, 0x12, 0xE7, 0x1D, 0x17, 0x27, 0xB8, 0x2D, 0x5B, 0x31, 0xC4, 0x31, 0xEC, 0x2E, 0x02, 0x29, 
0x69, 0x20, 0xB1, 0x15, 0x8E, 0x09, 0xCC, 0xFC, 0x3F, 0xF0, 0xBA, 0xE4, 0xFD, 0xDA, 0xAC, 0xD3, 
0x41, 0xCF, 0x07, 0xCE, 0x12, 0xD0, 0x3F, 0xD5, 0x38, 0xDD, 0x77, 0xE7, 0x52, 0xF3, 0x00, 0x00, 
0xAE, 0x0C, 0x89, 0x18, 0xC8, 0x22, 0xC1, 0x2A, 0xEE, 0x2F, 0xF9, 0x31, 0xBF, 0x30, 0x54, 0x2C, 
0x03, 0x25, 0x46, 0x1B, 0xC1, 0x0F, 0x34, 0x03, 0x72, 0xF6, 0x4F, 0xEA, 0x97, 0xDF, 0xFE, 0xD6, 
0x14, 0xD1, 0x3C, 0xCE, 0xA5, 0xCE, 0x48, 0xD2, 0xE9, 0xD8, 0x19, 0xE2, 0x3D, 0xED, 0x9C, 0xF9, 
0x64, 0x06, 0xC3, 0x12, 0xE7, 0x1D, 0x17, 0x27, 0xB8, 0x2D, 0x5B, 0x31, 0xC4, 0x31, 0xEC, 0x2E, 
0x02, 0x29, 0x69, 0x20, 0xB1, 0x15, 0x8E, 0x09, 0xCC, 0xFC, 0x3F, 0xF0, 0xBA, 0xE4, 0xFD, 0xDA, 
0xAC, 0xD3, 0x41, 0xCF, 0x07, 0xCE, 0x12, 0xD0, 0x3F, 0xD5, 0x38, 0xDD, 0x77, 0xE7, 0x52, 0xF3, 
0x00, 0x00, 0xAE, 0x0C, 0x89, 0x18, 0xC8, 0x22, 0xC1, 0x2A, 0xEE, 0x2F, 0xF9, 0x31, 0xBF, 0x30, 
0x54, 0x2C, 0x03, 0x25, 0x46, 0x1B, 0xC1, 0x0F, 0x34, 0x03, 0x72, 0xF6, 0x4F, 0xEA, 0x97, 0xDF, 
0xFE, 0xD6, 0x14, 0xD1, 0x3C, 0xCE, 0xA5, 0xCE, 0x48, 0xD2, 0xE9, 0xD8, 0x19, 0xE2, 0x3D, 0xED, 
0x9C, 0xF9, 0x64, 0x06, 0xC3, 0x12, 0xE7, 0x1D, 0x17, 0x27, 0xB8, 0x2D, 0x5B, 0x31, 0xC4, 0x31, 
0xEC, 0x2E, 0x02, 0x29, 0x69, 0x20, 0xB1, 0x15, 0x8E, 0x09, 0xCC, 0xFC, 0x3F, 0xF0, 0xBA, 0xE4, 
0xFD, 0xDA, 0xAC, 0xD3, 0x41, 0xCF, 0x07, 0xCE, 0x12, 0xD0, 0x3F, 0xD5, 0x38, 0xDD, 0x77, 0xE7, 
0x52, 0xF3, 0x00, 0x00, 0xAE, 0x0C, 0x89, 0x18, 0xC8, 0x22, 0xC1, 0x2A, 0xEE, 0x2F, 0xF9, 0x31, 
0xBF, 0x30, 0x54, 0x2C, 0x03, 0x25, 0x46, 0x1B, 0xC1, 0x0F, 0x34, 0x03, 0x72, 0xF6, 0x4F, 0xEA, 
0x97, 0xDF, 0xFE, 0xD6, 0x14, 0xD1, 0x3C, 0xCE, 0xA5, 0xCE, 0x48, 0xD2, 0xE9, 0xD8, 0x19, 0xE2, 
0x3D, 0xED, 0x9C, 0xF9, 0x64, 0x06, 0xC3, 0x12, 0xE7, 0x1D, 0x17, 0x27, 0xB8, 0x2D, 0x5B, 0x31, 
0xC4, 0x31, 0xEC, 0x2E, 0x02, 0x29, 0x69, 0x20, 0xB1, 0x15, 0x8E, 0x09, 0xCC, 0xFC, 0x3F, 0xF0, 
0xBA, 0xE4, 0xFD, 0xDA, 0xAC, 0xD3, 0x41, 0xCF, 0x07, 0xCE, 0x12, 0xD0, 0x3F, 0xD5, 0x38, 0xDD, 
0x77, 0xE7, 0x52, 0xF3, 0x00, 0x00, 0xAE, 0x0C, 0x89, 0x18, 0xC8, 0x22, 0xC1, 0x2A, 0xEE, 0x2F, 
0xF9, 0x31, 0xBF, 0x30, 0x54, 0x2C, 0x03, 0x25, 0x46, 0x1B, 0xC1, 0x0F, 0x34, 0x03, 0x72, 0xF6, 
0x4F, 0xEA, 0x97, 0xDF, 0xFE, 0xD6, 0x14, 0xD1, 0x3C, 0xCE, 0xA5, 0xCE, 0x48, 0xD2, 0xE9, 0xD8, 
0x19, 0xE2, 0x3D, 0xED, 0x9C, 0xF9, 0x64, 0x06, 0xC3, 0x12, 0xE7, 0x1D, 0x17, 0x27, 0xB8, 0x2D, 
0x5B, 0x31, 0xC4, 0x31, 0xEC, 0x2E, 0x02, 0x29, 0x69, 0x20, 0xB1, 0x15, 0x8E, 0x09, 0xCC, 0xFC, 
0x3F, 0xF0, 0xBA, 0xE4, 0xFD, 0xDA, 0xAC, 0xD3, 0x41, 0xCF, 0x07, 0xCE, 0x12, 0xD0, 0x3F, 0xD5, 
0x38, 0xDD, 0x77, 0xE7, 0x52, 0xF3, 0x00, 0x00, 0xAE, 0x0C, 0x89, 0x18, 0xC8, 0x22, 0xC1, 0x2A, 
0xEE, 0x2F, 0xF9, 0x31, 0xBF, 0x30, 0x54, 0x2C, 0x03, 0x25, 0x46, 0x1B, 0xC1, 0x0F, 0x34, 0x03, 
0x72, 0xF6, 0x4F, 0xEA, 0x97, 0xDF, 0xFE, 0xD6, 0x14, 0xD1, 0x3C, 0xCE, 0xA5, 0xCE, 0x48, 0xD2, 
0xE9, 0xD8, 0x19, 0xE2, 0x3D, 0xED, 0x9C, 0xF9, 0x64, 0x06, 0xC3, 0x12, 0xE7, 0x1D, 0x17, 0x27, 
0xB8, 0x2D, 0x5B, 0x31, 0xC4, 0x31, 0xEC, 0x2E, 0x02, 0x29, 0x69, 0x20, 0xB1, 0x15, 0x8E, 0x09, 
0xCC, 0xFC, 0x3F, 0xF0, 0xBA, 0xE4, 0xFD, 0xDA, 0xAC, 0xD3, 0x41, 0xCF, 0x07, 0xCE, 0x12, 0xD0, 
0x3F, 0xD5, 0x38, 0xDD, 0x77, 0xE7, 0x52, 0xF3, 0x00, 0x00, 0xAE, 0x0C, 0x89, 0x18, 0xC8, 0x22, 
0xC1, 0x2A, 0xEE, 0x2F, 0xF9, 0x31, 0xBF, 0x30, 0x54, 0x2C, 0x03, 0x25, 0x46, 0x1B, 0xC1, 0x0F, 
0x34, 0x03, 0x72, 0xF6, 0x4F, 0xEA, 0x97, 0xDF, 0xFE, 0xD6, 0x14, 0xD1, 0x3C, 0xCE, 0xA5, 0xCE, 
0x48, 0xD2, 0xE9, 0xD8, 0x19, 0xE2, 0x3D, 0xED, 0x9C, 0xF9, 0x64, 0x06, 0xC3, 0x12, 0xE7, 0x1D, 
0x17, 0x27, 0xB8, 0x2D, 0x5B, 0x31, 0xC4, 0x31, 0xEC, 0x2E, 0x02, 0x29, 0x69, 0x20, 0xB1, 0x15, 
0x8E, 0x09, 0xCC, 0xFC, 0x3F, 0xF0, 0xBA, 0xE4, 0xFD, 0xDA, 0xAC, 0xD3, 0x41, 0xCF, 0x07, 0xCE, 
0x12, 0xD0, 0x3F, 0xD5, 0x38, 0xDD, 0x77, 0xE7, 0x52, 0xF3, 0x00, 0x00, 0xAE, 0x0C, 0x89, 0x18, 
0xC8, 0x22, 0xC1, 0x2A, 0xEE, 0x2F, 0xF9, 0x31, 0xBF, 0x30, 0x54, 0x2C, 0x03, 0x25, 0x46, 0x1B, 
0xC1, 0x0F, 0x34, 0x03, 0x72, 0xF6, 0x4F, 0xEA, 0x97, 0xDF, 0xFE, 0xD6, 0x14, 0xD1, 0x3C, 0xCE, 
0xA5, 0xCE, 0x48, 0xD2, 0xE9, 0xD8, 0x19, 0xE2, 0x3D, 0xED, 0x9C, 0xF9, 0x64, 0x06, 0xC3, 0x12, 
0xE7, 0x1D, 0x17, 0x27, 0xB8, 0x2D, 0x5B, 0x31, 0xC4, 0x31, 0xEC, 0x2E, 0x02, 0x29, 0x69, 0x20, 
0xB1, 0x15, 0x8E, 0x09, 0xCC, 0xFC, 0x3F, 0xF0, 0xBA, 0xE4, 0xFD, 0xDA, 0xAC, 0xD3, 0x41, 0xCF, 
0x07, 0xCE, 0x12, 0xD0, 0x3F, 0xD5, 0x38, 0xDD, 0x77, 0xE7, 0x52, 0xF3, 0x00, 0x00, 0xAE, 0x0C, 
0x89, 0x18, 0xC8, 0x22, 0xC1, 0x2A, 0xEE, 0x2F, 0xF9, 0x31, 0xBF, 0x30, 0x54, 0x2C, 0x03, 0x25, 
0x46, 0x1B, 0xC1, 0x0F, 0x34, 0x03, 0x72, 0xF6, 0x4F, 0xEA, 0x97, 0xDF, 0xFE, 0xD6, 0x14, 0xD1, 
0x3C, 0xCE, 0xA5, 0xCE, 0x48, 0xD2, 0xE9, 0xD8, 0x19, 0xE2, 0x3D, 0xED, 0x9C, 0xF9, 0x64, 0x06, 
0xC3, 0x12, 0xE7, 0x1D, 0x17, 0x27, 0xB8, 0x2D, 0x5B, 0x31, 0xC4, 0x31, 0xEC, 0x2E, 0x02, 0x29, 
0x69, 0x20, 0xB1, 0x15, 0x8E, 0x09, 0xCC, 0xFC, 0x3F, 0xF0, 0xBA, 0xE4, 0xFD, 0xDA, 0xAC, 0xD3, 
0x41, 0xCF, 0x07, 0xCE, 0x12, 0xD0, 0x3F, 0xD5, 0x38, 0xDD, 0x77, 0xE7, 0x52, 0xF3, 0x00, 0x00, 
0xAE, 0x0C, 0x89, 0x18, 0xC8, 0x22, 0xC1, 0x2A, 0xEE, 0x2F, 0xF9, 0x31, 0xBF, 0x30, 0x54, 0x2C, 
0x03, 0x25, 0x46, 0x1B, 0xC1, 0x0F, 0x34, 0x03, 0x72, 0xF6, 0x4F, 0xEA, 0x97, 0xDF, 0xFE, 0xD6, 
0x14, 0xD1, 0x3C, 0xCE, 0xA5, 0xCE, 0x48, 0xD2, 0xE9, 0xD8, 0x19, 0xE2, 0x3D, 0xED, 0x9C, 0xF9, 
0x64, 0x06, 0xC3, 0x12, 0xE7, 0x1D, 0x17, 0x27, 0xB8, 0x2D, 0x5B, 0x31, 0xC4, 0x31, 0xEC, 0x2E, 
0x02, 0x29, 0x69, 0x20, 0xB1, 0x15, 0x8E, 0x09, 0xCC, 0xFC, 0x3F, 0xF0, 0xBA, 0xE4, 0xFD, 0xDA, 
0xAC, 0xD3, 0x41, 0xCF, 0x07, 0xCE, 0x12, 0xD0, 0x3F, 0xD5, 0x38, 0xDD, 0x77, 0xE7, 0x52, 0xF3, 
0x00, 0x00, 0xAE, 0x0C, 0x89, 0x18, 0xC8, 0x22, 0xC1, 0x2A, 0xEE, 0x2F, 0xF9, 0x31, 0xBF, 0x30, 
0x54, 0x2C, 0x03, 0x25, 0x46, 0x1B, 0xC1, 0x0F, 0x34, 0x03, 0x72, 0xF6, 0x4F, 0xEA, 0x97, 0xDF, 
0xFE, 0xD6, 0x14, 0xD1, 0x3C, 0xCE, 0xA5, 0xCE, 0x48, 0xD2, 0xE9, 0xD8, 0x19, 0xE2, 0x3D, 0xED, 
0x9C, 0xF9, 0x64, 0x06, 0xC3, 0x12, 0xE7, 0x1D, 0x17, 0x27, 0xB8, 0x2D, 0x5B, 0x31, 0xC4, 0x31, 
0xEC, 0x2E, 0x02, 0x29, 0x69, 0x20, 0xB1, 0x15, 0x8E, 0x09, 0xCC, 0xFC, 0x3F, 0xF0, 0xBA, 0xE4, 
0xFD, 0xDA, 0xAC, 0xD3, 0x41, 0xCF, 0x07, 0xCE, 0x12, 0xD0, 0x3F, 0xD5, 0x38, 0xDD, 0x77, 0xE7, 
0x52, 0xF3, 0x00, 0x00, 0xAE, 0x0C, 0x89, 0x18, 0xC8, 0x22, 0xC1, 0x2A, 0xEE, 0x2F, 0xF9, 0x31, 
0xBF, 0x30, 0x54, 0x2C, 0x03, 0x25, 0x46, 0x1B, 0xC1, 0x0F, 0x34, 0x03, 0x72, 0xF6, 0x4F, 0xEA, 
0x97, 0xDF, 0xFE, 0xD6, 0x14, 0xD1, 0x3C, 0xCE, 0xA5, 0xCE, 0x48, 0xD2, 0xE9, 0xD8, 0x19, 0xE2, 
0x3D, 0xED, 0x9C, 0xF9, 0x64, 0x06, 0xC3, 0x12, 0xE7, 0x1D, 0x17, 0x27, 0xB8, 0x2D, 0x5B, 0x31, 
0xC4, 0x31, 0xEC, 0x2E, 0x02, 0x29, 0x69, 0x20, 0xB1, 0x15, 0x8E, 0x09, 0xCC, 0xFC, 0x3F, 0xF0, 
0xBA, 0xE4, 0xFD, 0xDA, 0xAC, 0xD3, 0x41, 0xCF, 0x07, 0xCE, 0x12, 0xD0, 0x3F, 0xD5, 0x38, 0xDD, 
0x77, 0xE7, 0x52, 0xF3, 0x00, 0x00, 0xAE, 0x0C, 0x89, 0x18, 0xC8, 0x22, 0xC1, 0x2A, 0xEE, 0x2F, 
0xF9, 0x31, 0xBF, 0x30, 0x54, 0x2C, 0x03, 0x25, 0x46, 0x1B, 0xC1, 0x0F, 0x34, 0x03, 0x72, 0xF6, 
0x4F, 0xEA, 0x97, 0xDF, 0xFE, 0xD6, 0x14, 0xD1, 0x3C, 0xCE, 0xA5, 0xCE, 0x48, 0xD2, 0xE9, 0xD8, 
0x19, 0xE2, 0x3D, 0xED, 0x9C, 0xF9, 0x64, 0x06, 0xC3, 0x12, 0xE7, 0x1D, 0x17, 0x27, 0xB8, 0x2D, 
0x5B, 0x31, 0xC4, 0x31, 0xEC, 0x2E, 0x02, 0x29, 0x69, 0x20, 0xB1, 0x15, 0x8E, 0x09, 0xCC, 0xFC, 
0x3F, 0xF0, 0xBA, 0xE4, 0xFD, 0xDA, 0xAC, 0xD3, 0x41, 0xCF, 0x07, 0xCE, 0x12, 0xD0, 0x3F, 0xD5, 
0x38, 0xDD, 0x77, 0xE7, 0x52, 0xF3, 0x00, 0x00, 0xAE, 0x0C, 0x89, 0x18, 0xC8, 0x22, 0xC1, 0x2A, 
0xEE, 0x2F, 0xF9, 0x31, 0xBF, 0x30, 0x54, 0x2C, 0x03, 0x25, 0x46, 0x1B, 0xC1, 0x0F, 0x34, 0x03, 
0x72, 0xF6, 0x4F, 0xEA, 0x97, 0xDF, 0xFE, 0xD6, 0x14, 0xD1, 0x3C, 0xCE, 0xA5, 0xCE, 0x48, 0xD2, 
0xE9, 0xD8, 0x19, 0xE2, 0x3D, 0xED, 0x9C, 0xF9, 0x64, 0x06, 0xC3, 0x12, 0xE7, 0x1D, 0x17, 0x27, 
0xB8, 0x2D, 0x5B, 0x31, 0xC4, 0x31, 0xEC, 0x2E, 0x02, 0x29, 0x69, 0x20, 0xB1, 0x15, 0x8E, 0x09, 
0xCC, 0xFC, 0x3F, 0xF0, 0xBA, 0xE4, 0xFD, 0xDA, 0xAC, 0xD3, 0x41, 0xCF, 0x07, 0xCE, 0x12, 0xD0, 
0x3F, 0xD5, 0x38, 0xDD, 0x77, 0xE7, 0x52, 0xF3, 0x00, 0x00, 0xAE, 0x0C, 0x89, 0x18, 0xC8, 0x22, 
0xC1, 0x2A, 0xEE, 0x2F, 0xF9, 0x31, 0xBF, 0x30, 0x54, 0x2C, 0x03, 0x25, 0x46, 0x1B, 0xC1, 0x0F, 
0x34, 0x03, 0x72, 0xF6, 0x4F, 0xEA, 0x97, 0xDF, 0xFE, 0xD6, 0x14, 0xD1, 0x3C, 0xCE, 0xA5, 0xCE, 
0x48, 0xD2, 0xE9, 0xD8, 0x19, 0xE2, 0x3D, 0xED, 0x9C, 0xF9, 0x64, 0x06, 0xC3, 0x12, 0xE7, 0x1D, 
0x17, 0x27, 0xB8, 0x2D, 0x5B, 0x31, 0xC4, 0x31, 0xEC, 0x2E, 0x02, 0x29, 0x69, 0x20, 0xB1, 0x15, 
0x8E, 0x09, 0xCC, 0xFC, 0x3F, 0xF0, 0xBA, 0xE4, 0xFD, 0xDA, 0xAC, 0xD3, 0x41, 0xCF, 0x07, 0xCE, 
0x12, 0xD0, 0x3F, 0xD5, 0x38, 0xDD, 0x77, 0xE7, 0x52, 0xF3, 0x00, 0x00, 0xAE, 0x0C, 0x89, 0x18, 
0xC8, 0x22, 0xC1, 0x2A, 0xEE, 0x2F, 0xF9, 0x31, 0xBF, 0x30, 0x54, 0x2C, 0x03, 0x25, 0x46, 0x1B, 
0xC1, 0x0F, 0x34, 0x03, 0x72, 0xF6, 0x4F, 0xEA, 0x97, 0xDF, 0xFE, 0xD6, 0x14, 0xD1, 0x3C, 0xCE, 
0xA5, 0xCE, 0x48, 0xD2, 0xE9, 0xD8, 0x19, 0xE2, 0x3D, 0xED, 0x9C, 0xF9, 0x64, 0x06, 0xC3, 0x12, 
0xE7, 0x1D, 0x17, 0x27, 0xB8, 0x2D, 0x5B, 0x31, 0xC4, 0x31, 0xEC, 0x2E, 0x02, 0x29, 0x69, 0x20, 
0xB1, 0x15, 0x8E, 0x09, 0xCC, 0xFC, 0x3F, 0xF0, 0xBA, 0xE4, 0xFD, 0xDA, 0xAC, 0xD3, 0x41, 0xCF, 
0x07, 0xCE, 0x12, 0xD0, 0x3F, 0xD5, 0x38, 0xDD, 0x77, 0xE7, 0x52, 0xF3, 0x00, 0x00, 0xAE, 0x0C, 
0x89, 0x18, 0xC8, 0x22, 0xC1, 0x2A, 0xEE, 0x2F, 0xF9, 0x31, 0xBF, 0x30, 0x54, 0x2C, 0x03, 0x25, 
0x46, 0x1B, 0xC1, 0x0F, 0x34, 0x03, 0x72, 0xF6, 0x4F, 0xEA, 0x97, 0xDF, 0xFE, 0xD6, 0x14, 0xD1, 
0x3C, 0xCE, 0xA5, 0xCE, 0x48, 0xD2, 0xE9, 0xD8, 0x19, 0xE2, 0x3D, 0xED, 0x9C, 0xF9, 0x64, 0x06, 
0xC3, 0x12, 0xE7, 0x1D, 0x17, 0x27, 0xB8, 0x2D, 0x5B, 0x31, 0xC4, 0x31, 0xEC, 0x2E, 0x02, 0x29, 
0x69, 0x20, 0xB1, 0x15, 0x8E, 0x09, 0xCC, 0xFC, 0x3F, 0xF0, 0xBA, 0xE4, 0xFD, 0xDA, 0xAC, 0xD3, 
0x41, 0xCF, 0x07, 0xCE, 0x12, 0xD0, 0x3F, 0xD5, 0x38, 0xDD, 0x77, 0xE7, 0x52, 0xF3, 0x00, 0x00, 
0xAE, 0x0C, 0x89, 0x18, 0xC8, 0x22, 0xC1, 0x2A, 0xEE, 0x2F, 0xF9, 0x31, 0xBF, 0x30, 0x54, 0x2C, 
0x03, 0x25, 0x46, 0x1B, 0xC1, 0x0F, 0x34, 0x03, 0x72, 0xF6, 0x4F, 0xEA, 0x97, 0xDF, 0xFE, 0xD6, 
0x14, 0xD1, 0x3C, 0xCE, 0xA5, 0xCE, 0x48, 0xD2, 0xE9, 0xD8, 0x19, 0xE2, 0x3D, 0xED, 0x9C, 0xF9, 
0x64, 0x06, 0xAD, 0x12, 0xA1, 0x1D, 0x8E, 0x26, 0xE2, 0x2C, 0x3B, 0x30, 0x67, 0x30, 0x6C, 0x2D, 
0x82, 0x27, 0x14, 0x1F, 0xB4, 0x14, 0x13, 0x09, 0xF9, 0xFC, 0x2F, 0xF1, 0x78, 0xE6, 0x86, 0xDD, 
0xE9, 0xD6, 0x0A, 0xD3, 0x23, 0xD2, 0x3A, 0xD4, 0x26, 0xD9, 0x8E, 0xE0, 0xEE, 0xE9, 0xA7, 0xF4, 
0x00, 0x00, 0x3C, 0x0B, 0x9F, 0x15, 0x7E, 0x1E, 0x4A, 0x25, 0x96, 0x29, 0x20, 0x2B, 0xD8, 0x29, 
0xDA, 0x25, 0x6F, 0x1F, 0x0A, 0x17, 0x3C, 0x0D, 0xAD, 0x02, 0x0F, 0xF8, 0x12, 0xEE, 0x5D, 0xE5, 
0x7C, 0xDE, 0xDD, 0xD9, 0xC7, 0xD7, 0x56, 0xD8, 0x78, 0xDB, 0xF1, 0xE0, 0x61, 0xE8, 0x44, 0xF1, 
0x02, 0xFB, 0xF6, 0x04, 0x7A, 0x0E, 0xF0, 0x16, 0xCF, 0x1D, 0xA7, 0x22, 0x30, 0x25, 0x45, 0x25, 
0xEC, 0x22, 0x55, 0x1E, 0xD3, 0x17, 0xD9, 0x0F, 0xF0, 0x06, 0xB1, 0xFD, 0xB5, 0xF4, 0x92, 0xEC, 
0xCE, 0xE5, 0xD4, 0xE0, 0xF2, 0xDD, 0x51, 0xDD, 0xF4, 0xDE, 0xB7, 0xE2, 0x56, 0xE8, 0x6C, 0xEF, 
0x7D, 0xF7, 0x00, 0x00, 0x65, 0x08, 0x22, 0x10, 0xB6, 0x16, 0xB9, 0x1B, 0xDC, 0x1E, 0xF2, 0x1F, 
0xF0, 0x1E, 0xEF, 0x1B, 0x27, 0x17, 0xF0, 0x10, 0xB6, 0x09, 0xF5, 0x01, 0x33, 0xFA, 0xED, 0xF2, 
0x9D, 0xEC, 0xA9, 0xE7, 0x5D, 0xE4, 0xEA, 0xE2, 0x61, 0xE3, 0xB2, 0xE5, 0xB0, 0xE9, 0x12, 0xEF, 
0x77, 0xF5, 0x71, 0xFC, 0x88, 0x03, 0x48, 0x0A, 0x40, 0x10, 0x10, 0x15, 0x6D, 0x18, 0x25, 0x1A, 
0x22, 0x1A, 0x6D, 0x18, 0x28, 0x15, 0x93, 0x10, 0xFE, 0x0A, 0xCD, 0x04, 0x68, 0xFE, 0x3B, 0xF8, 
0xAD, 0xF2, 0x16, 0xEE, 0xBF, 0xEA, 0xDA, 0xE8, 0x80, 0xE8, 0xAD, 0xE9, 0x48, 0xEC, 0x1E, 0xF0, 
0xE9, 0xF4, 0x54, 0xFA, 0x00, 0x00, 0x8F, 0x05, 0xA4, 0x0A, 0xEE, 0x0E, 0x28, 0x12, 0x22, 0x14, 
0xC3, 0x14, 0x08, 0x14, 0x03, 0x12, 0xDF, 0x0E, 0xD6, 0x0A, 0x2F, 0x06, 0x3E, 0x01, 0x56, 0xFC, 
0xC8, 0xF7, 0xDE, 0xF3, 0xD6, 0xF0, 0xDC, 0xEE, 0x0C, 0xEE, 0x6C, 0xEE, 0xED, 0xEF, 0x70, 0xF2, 
0xC3, 0xF5, 0xA9, 0xF9, 0xDF, 0xFD, 0x1A, 0x02, 0x15, 0x06, 0x8F, 0x09, 0x51, 0x0C, 0x32, 0x0E, 
0x19, 0x0F, 0xFF, 0x0E, 0xED, 0x0D, 0xFB, 0x0B, 0x52, 0x09, 0x24, 0x06, 0xA9, 0x02, 0x20, 0xFF, 
0xC2, 0xFB, 0xC7, 0xF8, 0x5E, 0xF6, 0xAB, 0xF4, 0xC2, 0xF3, 0xAE, 0xF3, 0x67, 0xF4, 0xD9, 0xF5, 
0xE7, 0xF7, 0x66, 0xFA, 0x2A, 0xFD, 0x00, 0x00, 0xB8, 0x02, 0x27, 0x05, 0x25, 0x07, 0x97, 0x08, 
0x69, 0x09, 0x95, 0x09, 0x20, 0x09, 0x18, 0x08, 0x97, 0x06, 0xBB, 0x04, 0xA9, 0x02, 0x86, 0x00, 
0x79, 0xFE, 0xA2, 0xFC, 0x1E, 0xFB, 0x03, 0xFA, 0x5C, 0xF9, 0x2F, 0xF9, 0x77, 0xF9, 0x28, 0xFA, 
0x2F, 0xFB, 0x74, 0xFC, 0xDC, 0xFD, 0x4D, 0xFF, 0xAB, 0x00, 0xE2, 0x01, 0xDE, 0x02, 0x91, 0x03, 
0xF7, 0x03, 0x0E, 0x04, 0xDD, 0x03, 0x6D, 0x03, 0xCF, 0x02, 0x12, 0x02, 0x49, 0x01, 0x86, 0x00, 
0xD7, 0xFF, 0x48, 0xFF, 0xE2, 0xFE, 0xA6, 0xFE, 0x96, 0xFE, 0xAB, 0xFE, 0xDC, 0xFE, 0x20, 0xFF, 
0x6B, 0xFF, 0xAF, 0xFF, 0xE4, 0xFF, 0x00, 0x00, 0x00, 0x00, 0x00, 0x00, 0x00, 0x00, 0x00, 0x00, 
0x00, 0x00, 0x00, 0x00, 0x00, 0x00, 0x00, 0x00, 0x00, 0x00, 0x00, 0x00, 0x00, 0x00, 0x00, 0x00, 
0x00, 0x00, 0x00, 0x00, 0x00, 0x00, 0x00, 0x00, 0x00, 0x00, 0x00, 0x00, 0x00, 0x00, 0x00, 0x00, 
0x00, 0x00, 0x00, 0x00, 0x00, 0x00, 0x00, 0x00, 0x00, 0x00, 0x00, 0x00, 0x00, 0x00, 0x00, 0x00, 
0x00, 0x00, 0x00, 0x00, 0x00, 0x00, 0x00, 0x00, 0x00, 0x00, 0x00, 0x00, 0x00, 0x00, 0x00, 0x00, 
0x00, 0x00, 0x00, 0x00, 0x00, 0x00, 0x00, 0x00, 0x00, 0x00, 0x00, 0x00, 0x00, 0x00, 0x00, 0x00, 
0x00, 0x00, 0x00, 0x00, 0x00, 0x00, 0x00, 0x00, 0x00, 0x00, 0x00, 0x00, 0x00, 0x00, 0x00, 0x00, 
0x00, 0x00, 0x00, 0x00, 0x00, 0x00, 0x00, 0x00, 0x00, 0x00, 0x00, 0x00, 0x00, 0x00, 0x00, 0x00, 
0x00, 0x00, 0x00, 0x00, 0x00, 0x00, 0x00, 0x00, 0x00, 0x00, 0x00, 0x00, 0x00, 0x00, 0x00, 0x00, 
0x00, 0x00, 0x00, 0x00, 0x00, 0x00, 0x00, 0x00, 0x00, 0x00, 0x00, 0x00, 0x00, 0x00, 0x00, 0x00, 
0x00, 0x00, 0x00, 0x00, 0x00, 0x00, 0x00, 0x00, 0x00, 0x00, 0x00, 0x00, 0x00, 0x00, 0x00, 0x00, 
0x00, 0x00, 0x00, 0x00, 0x00, 0x00, 0x00, 0x00, 0x00, 0x00, 0x00, 0x00, 0x00, 0x00, 0x00, 0x00, 
0x00, 0x00, 0x00, 0x00, 0x00, 0x00, 0x00, 0x00, 0x00, 0x00, 0x00, 0x00, 0x00, 0x00, 0x00, 0x00, 
0x00, 0x00, 0x00, 0x00, 0x00, 0x00, 0x00, 0x00, 0x00, 0x00, 0x00, 0x00, 0x00, 0x00, 0x00, 0x00, 
0x00, 0x00, 0x00, 0x00, 0x00, 0x00, 0x00, 0x00, 0x00, 0x00, 0x00, 0x00, 0x00, 0x00, 0x00, 0x00, 
0x00, 0x00, 0x00, 0x00, 0x00, 0x00, 0x00, 0x00, 0x00, 0x00, 0x00, 0x00, 0x00, 0x00, 0x00, 0x00, 
0x00, 0x00, 0x00, 0x00, 0x00, 0x00, 0x00, 0x00, 0x00, 0x00, 0x00, 0x00, 0x00, 0x00, 0x00, 0x00, 
0x00, 0x00, 0x00, 0x00, 0x00, 0x00, 0x00, 0x00, 0x00, 0x00, 0x00, 0x00, 0x00, 0x00, 0x00, 0x00, 
0x00, 0x00, 0x00, 0x00, 0x00, 0x00, 0x00, 0x00, 0x00, 0x00, 0x00, 0x00, 0x00, 0x00, 0x00, 0x00, 
0x00, 0x00, 0x00, 0x00, 0x00, 0x00, 0x00, 0x00, 0x00, 0x00, 0x00, 0x00, 0x00, 0x00, 0x00, 0x00, 
0x00, 0x00, 0x00, 0x00, 0x00, 0x00, 0x00, 0x00, 0x00, 0x00, 0x00, 0x00, 0x00, 0x00, 0x00, 0x00, 
0x00, 0x00, 0x00, 0x00, 0x00, 0x00, 0x00, 0x00, 0x00, 0x00, 0x00, 0x00, 0x00, 0x00, 0x00, 0x00, 
0x00, 0x00, 0x00, 0x00, 0x00, 0x00, 0x00, 0x00, 0x00, 0x00, 0x00, 0x00, 0x00, 0x00, 0x00, 0x00, 
0x00, 0x00, 0x00, 0x00, 0x00, 0x00, 0x00, 0x00, 0x00, 0x00, 0x00, 0x00, 0x00, 0x00, 0x00, 0x00, 
0x00, 0x00, 0x00, 0x00, 0x00, 0x00, 0x00, 0x00, 0x00, 0x00, 0x00, 0x00, 0x00, 0x00, 0x00, 0x00, 
0x00, 0x00, 0x00, 0x00, 0x00, 0x00, 0x00, 0x00, 0x00, 0x00, 0x00, 0x00, 0x00, 0x00, 0x00, 0x00, 
0x00, 0x00, 0x00, 0x00, 0x00, 0x00, 0x00, 0x00, 0x00, 0x00, 0x00, 0x00, 0x00, 0x00, 0x00, 0x00, 
0x00, 0x00, 0x00, 0x00, 0x00, 0x00, 0x00, 0x00, 0x00, 0x00, 0x00, 0x00, 0x00, 0x00, 0x00, 0x00, 
0x00, 0x00, 0x00, 0x00, 0x00, 0x00, 0x00, 0x00, 0x00, 0x00, 0x00, 0x00, 0x00, 0x00, 0x00, 0x00, 
0x00, 0x00, 0x00, 0x00, 0x00, 0x00, 0x00, 0x00, 0x00, 0x00, 0x00, 0x00, 0x00, 0x00, 0x00, 0x00, 
0x00, 0x00, 0x00, 0x00, 0x00, 0x00, 0x00, 0x00, 0x00, 0x00, 0x00, 0x00, 0x00, 0x00, 0x00, 0x00, 
0x00, 0x00, 0x00, 0x00, 0x00, 0x00, 0x00, 0x00, 0x00, 0x00, 0x00, 0x00, 0x00, 0x00, 0x00, 0x00, 
0x00, 0x00, 0x00, 0x00, 0x00, 0x00, 0x00, 0x00, 0x00, 0x00, 0x00, 0x00, 0x00, 0x00, 0x00, 0x00, 
0x00, 0x00, 0x00, 0x00, 0x00, 0x00, 0x00, 0x00, 0x00, 0x00, 0x00, 0x00, 0x00, 0x00, 0x00, 0x00, 
0x00, 0x00, 0x00, 0x00, 0x00, 0x00, 0x00, 0x00, 0x00, 0x00, 0x00, 0x00, 0x00, 0x00, 0x00, 0x00, 
0x00, 0x00, 0x00, 0x00, 0x00, 0x00, 0x00, 0x00, 0x00, 0x00, 0x00, 0x00, 0x00, 0x00, 0x00, 0x00, 
0x00, 0x00, 0x00, 0x00, 0x00, 0x00, 0x00, 0x00, 0x00, 0x00, 0x00, 0x00, 0x00, 0x00, 0x00, 0x00, 
0x00, 0x00, 0x00, 0x00, 0x00, 0x00, 0x00, 0x00, 0x00, 0x00, 0x00, 0x00, 0x00, 0x00, 0x00, 0x00, 
0x00, 0x00, 0x00, 0x00, 0x00, 0x00, 0x00, 0x00, 0x00, 0x00, 0x00, 0x00, 0x00, 0x00, 0x00, 0x00, 
0x00, 0x00, 0x00, 0x00, 0x00, 0x00, 0x00, 0x00, 0x00, 0x00, 0x00, 0x00, 0x00, 0x00, 0x00, 0x00, 
0x00, 0x00, 0x00, 0x00, 0x00, 0x00, 0x00, 0x00, 0x00, 0x00, 0x00, 0x00, 0x00, 0x00, 0x00, 0x00, 
0x00, 0x00, 0x00, 0x00, 0x00, 0x00, 0x00, 0x00, 0x00, 0x00, 0x00, 0x00, 0x00, 0x00, 0x00, 0x00, 
0x00, 0x00, 0x00, 0x00, 0x00, 0x00, 0x00, 0x00, 0x00, 0x00, 0x00, 0x00, 0x00, 0x00, 0x00, 0x00, 
0x00, 0x00, 0x00, 0x00, 0x00, 0x00, 0x00, 0x00, 0x00, 0x00, 0x00, 0x00, 0x00, 0x00, 0x00, 0x00, 
0x00, 0x00, 0x00, 0x00, 0x00, 0x00, 0x00, 0x00, 0x00, 0x00, 0x00, 0x00, 0x00, 0x00, 0x00, 0x00, 
0x00, 0x00, 0x00, 0x00, 0x00, 0x00, 0x00, 0x00, 0x00, 0x00, 0x00, 0x00, 0x00, 0x00, 0x00, 0x00, 
0x00, 0x00, 0x00, 0x00, 0x00, 0x00, 0x00, 0x00, 0x00, 0x00, 0x00, 0x00, 0x00, 0x00, 0x00, 0x00, 
0x00, 0x00, 0x00, 0x00, 0x00, 0x00, 0x00, 0x00, 0x00, 0x00, 0x00, 0x00, 0x00, 0x00, 0x00, 0x00, 
0x00, 0x00, 0x00, 0x00, 0x00, 0x00, 0x00, 0x00, 0x00, 0x00, 0x00, 0x00, 0x00, 0x00, 0x00, 0x00, 
0x00, 0x00, 0x00, 0x00, 0x00, 0x00, 0x00, 0x00, 0x00, 0x00, 0x00, 0x00, 0x00, 0x00, 0x00, 0x00, 
0x00, 0x00, 0x00, 0x00, 0x00, 0x00, 0x00, 0x00, 0x00, 0x00, 0x00, 0x00, 0x00, 0x00, 0x00, 0x00, 
0x00, 0x00, 0x00, 0x00, 0x00, 0x00, 0x00, 0x00, 0x00, 0x00, 0x00, 0x00, 0x00, 0x00, 0x00, 0x00, 
0x00, 0x00, 0x00, 0x00, 0x00, 0x00, 0x00, 0x00, 0x00, 0x00, 0x00, 0x00, 0x00, 0x00, 0x00, 0x00, 
0x00, 0x00, 0x00, 0x00, 0x00, 0x00, 0x00, 0x00, 0x00, 0x00, 0x00, 0x00, 0x00, 0x00, 0x00, 0x00, 
0x00, 0x00, 0x00, 0x00, 0x00, 0x00, 0x00, 0x00, 0x00, 0x00, 0x00, 0x00, 0x00, 0x00, 0x00, 0x00, 
0x00, 0x00, 0x00, 0x00, 0x00, 0x00, 0x00, 0x00, 0x00, 0x00, 0x00, 0x00, 0x00, 0x00, 0x00, 0x00, 
0x00, 0x00, 0x00, 0x00, 0x00, 0x00, 0x00, 0x00, 0x00, 0x00, 0x00, 0x00, 0x00, 0x00, 0x00, 0x00, 
0x00, 0x00, 0x00, 0x00, 0x00, 0x00, 0x00, 0x00, 0x00, 0x00, 0x00, 0x00, 0x00, 0x00, 0x00, 0x00, 
0x00, 0x00, 0x00, 0x00, 0x00, 0x00, 0x00, 0x00, 0x00, 0x00, 0x00, 0x00, 0x00, 0x00, 0x00, 0x00, 
0x00, 0x00, 0x00, 0x00, 0x00, 0x00, 0x00, 0x00, 0x00, 0x00, 0x00, 0x00, 0x00, 0x00, 0x00, 0x00, 
0x00, 0x00, 0x00, 0x00, 0x00, 0x00, 0x00, 0x00, 0x00, 0x00, 0x00, 0x00, 0x00, 0x00, 0x00, 0x00, 
0x00, 0x00, 0x00, 0x00, 0x00, 0x00, 0x00, 0x00, 0x00, 0x00, 0x00, 0x00, 0x00, 0x00, 0x00, 0x00, 
0x00, 0x00, 0x00, 0x00, 0x00, 0x00, 0x00, 0x00, 0x00, 0x00, 0x00, 0x00, 0x00, 0x00, 0x00, 0x00, 
0x00, 0x00, 0x00, 0x00, 0x00, 0x00, 0x00, 0x00, 0x00, 0x00, 0x00, 0x00, 0x00, 0x00, 0x00, 0x00, 
0x00, 0x00, 0x00, 0x00, 0x00, 0x00, 0x00, 0x00, 0x00, 0x00, 0x00, 0x00, 0x00, 0x00, 0x00, 0x00, 
0x00, 0x00, 0x00, 0x00, 0x00, 0x00, 0x00, 0x00, 0x00, 0x00, 0x00, 0x00, 0x00, 0x00, 0x00, 0x00, 
0x00, 0x00, 0x00, 0x00, 0x00, 0x00, 0x00, 0x00, 0x00, 0x00, 0x00, 0x00, 0x00, 0x00, 0x00, 0x00, 
0x00, 0x00, 0x00, 0x00, 0x00, 0x00, 0x00, 0x00, 0x00, 0x00, 0x00, 0x00, 0x00, 0x00, 0x00, 0x00, 
0x00, 0x00, 0x00, 0x00, 0x00, 0x00, 0x00, 0x00, 0x00, 0x00, 0x00, 0x00, 0x00, 0x00, 0x00, 0x00, 
0x00, 0x00, 0x00, 0x00, 0x00, 0x00, 0x00, 0x00, 0x00, 0x00, 0x00, 0x00, 0x00, 0x00, 0x00, 0x00, 
0x00, 0x00, 0x00, 0x00, 0x00, 0x00, 0x00, 0x00, 0x00, 0x00, 0x00, 0x00, 0x00, 0x00, 0x00, 0x00, 
0x00, 0x00, 0x00, 0x00, 0x00, 0x00, 0x00, 0x00, 0x00, 0x00, 0x00, 0x00, 0x00, 0x00, 0x00, 0x00, 
0x00, 0x00, 0x00, 0x00, 0x00, 0x00, 0x00, 0x00, 0x00, 0x00, 0x00, 0x00, 0x00, 0x00, 0x00, 0x00, 
0x00, 0x00, 0x00, 0x00, 0x00, 0x00, 0x00, 0x00, 0x00, 0x00, 0x00, 0x00, 0x00, 0x00, 0x00, 0x00, 
0x00, 0x00, 0x00, 0x00, 0x00, 0x00, 0x00, 0x00, 0x00, 0x00, 0x00, 0x00, 0x00, 0x00, 0x00, 0x00, 
0x00, 0x00, 0x00, 0x00, 0x00, 0x00, 0x00, 0x00, 0x00, 0x00, 0x00, 0x00, 0x00, 0x00, 0x00, 0x00, 
0x00, 0x00, 0x00, 0x00, 0x00, 0x00, 0x00, 0x00, 0x00, 0x00, 0x00, 0x00, 0x00, 0x00, 0x00, 0x00, 
0x00, 0x00, 0x00, 0x00, 0x00, 0x00, 0x00, 0x00, 0x00, 0x00, 0x00, 0x00, 0x00, 0x00, 0x00, 0x00, 
0x00, 0x00, 0x00, 0x00, 0x00, 0x00, 0x00, 0x00, 0x00, 0x00, 0x00, 0x00, 0x00, 0x00, 0x00, 0x00, 
0x00, 0x00, 0x00, 0x00, 0x00, 0x00, 0x00, 0x00, 0x00, 0x00, 0x00, 0x00, 0x00, 0x00, 0x00, 0x00, 
0x00, 0x00, 0x00, 0x00, 0x00, 0x00, 0x00, 0x00, 0x00, 0x00, 0x00, 0x00, 0x00, 0x00, 0x00, 0x00, 
0x00, 0x00, 0x00, 0x00, 0x00, 0x00, 0x00, 0x00, 0x00, 0x00, 0x00, 0x00, 0x00, 0x00, 0x00, 0x00, 
0x00, 0x00, 0x00, 0x00, 0x00, 0x00, 0x00, 0x00, 0x00, 0x00, 0x00, 0x00, 0x00, 0x00, 0x00, 0x00, 
0x00, 0x00, 0x00, 0x00, 0x00, 0x00, 0x00, 0x00, 0x00, 0x00, 0x00, 0x00, 0x00, 0x00, 0x00, 0x00, 
0x00, 0x00, 0x00, 0x00, 0x00, 0x00, 0x00, 0x00, 0x00, 0x00, 0x00, 0x00, 0x00, 0x00, 0x00, 0x00, 
0x00, 0x00, 0x00, 0x00, 0x00, 0x00, 0x00, 0x00, 0x00, 0x00, 0x00, 0x00, 0x00, 0x00, 0x00, 0x00, 
0x00, 0x00, 0x00, 0x00, 0x00, 0x00, 0x00, 0x00, 0x00, 0x00, 0x00, 0x00, 0x00, 0x00, 0x00, 0x00, 
0x00, 0x00, 0x00, 0x00, 0x00, 0x00, 0x00, 0x00, 0x00, 0x00, 0x00, 0x00, 0x00, 0x00, 0x00, 0x00, 
0x00, 0x00, 0x00, 0x00, 0x00, 0x00, 0x00, 0x00, 0x00, 0x00, 0x00, 0x00, 0x00, 0x00, 0x00, 0x00, 
0x00, 0x00, 0x00, 0x00, 0x00, 0x00, 0x00, 0x00, 0x00, 0x00, 0x00, 0x00, 0x00, 0x00, 0x00, 0x00, 
0x00, 0x00, 0x00, 0x00, 0x00, 0x00, 0x00, 0x00, 0x00, 0x00, 0x00, 0x00, 0x00, 0x00, 0x00, 0x00, 
0x00, 0x00, 0x00, 0x00, 0x00, 0x00, 0x00, 0x00, 0x00, 0x00, 0x00, 0x00, 0x00, 0x00, 0x00, 0x00, 
0x00, 0x00, 0x00, 0x00, 0x00, 0x00, 0x00, 0x00, 0x00, 0x00, 0x00, 0x00, 0x00, 0x00, 0x00, 0x00, 
0x00, 0x00, 0x00, 0x00, 0x00, 0x00, 0x00, 0x00, 0x00, 0x00, 0x00, 0x00, 0x00, 0x00, 0x00, 0x00, 
0x00, 0x00, 0x00, 0x00, 0x00, 0x00, 0x00, 0x00, 0x00, 0x00, 0x00, 0x00, 0x00, 0x00, 0x00, 0x00, 
0x00, 0x00, 0x00, 0x00, 0x00, 0x00, 0x00, 0x00, 0x00, 0x00, 0x00, 0x00, 0x00, 0x00, 0x00, 0x00, 
0x00, 0x00, 0x00, 0x00, 0x00, 0x00, 0x00, 0x00, 0x00, 0x00, 0x00, 0x00, 0x00, 0x00, 0x00, 0x00, 
0x00, 0x00, 0x00, 0x00, 0x00, 0x00, 0x00, 0x00, 0x00, 0x00, 0x00, 0x00, 0x00, 0x00, 0x00, 0x00, 
0x00, 0x00, 0x00, 0x00, 0x00, 0x00, 0x00, 0x00, 0x00, 0x00, 0x00, 0x00, 0x00, 0x00, 0x00, 0x00, 
0x00, 0x00, 0x00, 0x00, 0x00, 0x00, 0x00, 0x00, 0x00, 0x00, 0x00, 0x00, 0x00, 0x00, 0x00, 0x00, 
0x00, 0x00, 0x00, 0x00, 0x00, 0x00, 0x00, 0x00, 0x00, 0x00, 0x00, 0x00, 0x00, 0x00, 0x00, 0x00, 
0x00, 0x00, 0x00, 0x00, 0x00, 0x00, 0x00, 0x00, 0x00, 0x00, 0x00, 0x00, 0x00, 0x00, 0x00, 0x00, 
0x00, 0x00, 0x00, 0x00, 0x00, 0x00, 0x00, 0x00, 0x00, 0x00, 0x00, 0x00, 0x00, 0x00, 0x00, 0x00, 
0x00, 0x00, 0x00, 0x00, 0x00, 0x00, 0x00, 0x00, 0x00, 0x00, 0x00, 0x00, 0x00, 0x00, 0x00, 0x00, 
0x00, 0x00, 0x00, 0x00, 0x00, 0x00, 0x00, 0x00, 0x00, 0x00, 0x00, 0x00, 0x00, 0x00, 0x00, 0x00, 
0x00, 0x00, 0x00, 0x00, 0x00, 0x00, 0x00, 0x00, 0x00, 0x00, 0x00, 0x00, 0x00, 0x00, 0x00, 0x00, 
0x00, 0x00, 0x00, 0x00, 0x00, 0x00, 0x00, 0x00, 0x00, 0x00, 0x00, 0x00, 0x00, 0x00, 0x00, 0x00, 
0x00, 0x00, 0x00, 0x00, 0x00, 0x00, 0x00, 0x00, 0x00, 0x00, 0x00, 0x00, 0x00, 0x00, 0x00, 0x00, 
0x00, 0x00, 0x00, 0x00, 0x00, 0x00, 0x00, 0x00, 0x00, 0x00, 0x00, 0x00, 0x00, 0x00, 0x00, 0x00, 
0x00, 0x00, 0x00, 0x00, 0x00, 0x00, 0x00, 0x00, 0x00, 0x00, 0x00, 0x00, 0x00, 0x00, 0x00, 0x00, 
0x00, 0x00, 0x00, 0x00, 0x00, 0x00, 0x00, 0x00, 0x00, 0x00, 0x00, 0x00, 0x00, 0x00, 0x00, 0x00, 
0x00, 0x00, 0x00, 0x00, 0x00, 0x00, 0x00, 0x00, 0x00, 0x00, 0x00, 0x00, 0x00, 0x00, 0x00, 0x00, 
0x00, 0x00, 0x00, 0x00, 0x00, 0x00, 0x00, 0x00, 0x00, 0x00, 0x00, 0x00, 0x00, 0x00, 0x00, 0x00, 
0x00, 0x00, 0x00, 0x00, 0x00, 0x00, 0x00, 0x00, 0x00, 0x00, 0x00, 0x00, 0x00, 0x00, 0x00, 0x00, 
0x00, 0x00, 0x00, 0x00, 0x00, 0x00, 0x00, 0x00, 0x00, 0x00, 0x00, 0x00, 0x00, 0x00, 0x00, 0x00, 
0x00, 0x00, 0x00, 0x00, 0x00, 0x00, 0x00, 0x00, 0x00, 0x00, 0x00, 0x00, 0x00, 0x00, 0x00, 0x00, 
0x00, 0x00, 0x00, 0x00, 0x00, 0x00, 0x00, 0x00, 0x00, 0x00, 0x00, 0x00, 0x00, 0x00, 0x00, 0x00, 
0x00, 0x00, 0x00, 0x00, 0x00, 0x00, 0x00, 0x00, 0x00, 0x00, 0x00, 0x00, 0x00, 0x00, 0x00, 0x00, 
0x00, 0x00, 0x00, 0x00, 0x00, 0x00, 0x00, 0x00, 0x00, 0x00, 0x00, 0x00, 0x00, 0x00, 0x00, 0x00, 
0x00, 0x00, 0x00, 0x00, 0x00, 0x00, 0x00, 0x00, 0x00, 0x00, 0x00, 0x00, 0x00, 0x00, 0x00, 0x00, 
0x00, 0x00, 0x00, 0x00, 0x00, 0x00, 0x00, 0x00, 0x00, 0x00, 0x00, 0x00, 0x00, 0x00, 0x00, 0x00, 
0x00, 0x00, 0x00, 0x00, 0x00, 0x00, 0x00, 0x00, 0x00, 0x00, 0x00, 0x00, 0x00, 0x00, 0x00, 0x00, 
0x00, 0x00, 0x00, 0x00, 0x00, 0x00, 0x00, 0x00, 0x00, 0x00, 0x00, 0x00, 0x00, 0x00, 0x00, 0x00, 
0x00, 0x00, 0x00, 0x00, 0x00, 0x00, 0x00, 0x00, 0x00, 0x00, 0x00, 0x00, 0x00, 0x00, 0x00, 0x00, 
0x00, 0x00, 0x00, 0x00, 0x00, 0x00, 0x00, 0x00, 0x00, 0x00, 0x00, 0x00, 0x00, 0x00, 0x00, 0x00, 
0x00, 0x00, 0x00, 0x00, 0x00, 0x00, 0x00, 0x00, 0x00, 0x00, 0x00, 0x00, 0x00, 0x00, 0x00, 0x00, 
0x00, 0x00, 0x00, 0x00, 0x00, 0x00, 0x00, 0x00, 0x00, 0x00, 0x00, 0x00, 0x00, 0x00, 0x00, 0x00, 
0x00, 0x00, 0x00, 0x00, 0x00, 0x00, 0x00, 0x00, 0x00, 0x00, 0x00, 0x00, 0x00, 0x00, 0x00, 0x00, 
0x00, 0x00, 0x00, 0x00, 0x00, 0x00, 0x00, 0x00, 0x00, 0x00, 0x00, 0x00, 0x00, 0x00, 0x00, 0x00, 
0x00, 0x00, 0x00, 0x00, 0x00, 0x00, 0x00, 0x00, 0x00, 0x00, 0x00, 0x00, 0x00, 0x00, 0x00, 0x00, 
0x00, 0x00, 0x00, 0x00, 0x00, 0x00, 0x00, 0x00, 0x00, 0x00, 0x00, 0x00, 0x00, 0x00, 0x00, 0x00, 
0x00, 0x00, 0x00, 0x00, 0x00, 0x00, 0x00, 0x00, 0x00, 0x00, 0x00, 0x00, 0x00, 0x00, 0x00, 0x00, 
0x00, 0x00, 0x00, 0x00, 0x00, 0x00, 0x00, 0x00, 0x00, 0x00, 0x00, 0x00, 0x00, 0x00, 0x00, 0x00, 
0x00, 0x00, 0x00, 0x00, 0x00, 0x00, 0x00, 0x00, 0x00, 0x00, 0x00, 0x00, 0x00, 0x00, 0x00, 0x00, 
0x00, 0x00, 0x00, 0x00, 0x00, 0x00, 0x00, 0x00, 0x00, 0x00, 0x00, 0x00, 0x00, 0x00, 0x00, 0x00, 
0x00, 0x00, 0x00, 0x00, 0x00, 0x00, 0x00, 0x00, 0x00, 0x00, 0x00, 0x00, 0x00, 0x00, 0x00, 0x00, 
0x00, 0x00, 0x00, 0x00, 0x00, 0x00, 0x00, 0x00, 0x00, 0x00, 0x00, 0x00, 0x00, 0x00, 0x00, 0x00, 
0x00, 0x00, 0x00, 0x00, 0x00, 0x00, 0x00, 0x00, 0x00, 0x00, 0x00, 0x00, 0x00, 0x00, 0x00, 0x00, 
0x00, 0x00, 0x00, 0x00, 0x00, 0x00, 0x0E, 0x00, 0x39, 0x00, 0x79, 0x00, 0xC7, 0x00, 0x18, 0x01, 
0x5E, 0x01, 0x8E, 0x01, 0x9E, 0x01, 0x85, 0x01, 0x3E, 0x01, 0xCA, 0x00, 0x2C, 0x00, 0x6F, 0xFF, 
0x9D, 0xFE, 0xC8, 0xFD, 0x02, 0xFD, 0x5C, 0xFC, 0xE9, 0xFB, 0xB8, 0xFB, 0xD4, 0xFB, 0x41, 0xFC, 
0xFF, 0xFC, 0x08, 0xFE, 0x4D, 0xFF, 0xBA, 0x00, 0x3A, 0x02, 0xAF, 0x03, 0xFF, 0x04, 0x0D, 0x06, 
0xC2, 0x06, 0x0B, 0x07, 0xDB, 0x06, 0x2D, 0x06, 0x08, 0x05, 0x77, 0x03, 0x92, 0x01, 0x76, 0xFF, 
0x45, 0xFD, 0x25, 0xFB, 0x3E, 0xF9, 0xB4, 0xF7, 0xA7, 0xF6, 0x31, 0xF6, 0x5F, 0xF6, 0x37, 0xF7, 
0xB2, 0xF8, 0xBC, 0xFA, 0x39, 0xFD, 0x00, 0x00, 0xE5, 0x02, 0xB6, 0x05, 0x42, 0x08, 0x58, 0x0A, 
0xD1, 0x0B, 0x8C, 0x0C, 0x76, 0x0C, 0x89, 0x0B, 0xCD, 0x09, 0x59, 0x07, 0x51, 0x04, 0xE4, 0x00, 
0x4C, 0xFD, 0xC3, 0xF9, 0x88, 0xF6, 0xD5, 0xF3, 0xDC, 0xF1, 0xC7, 0xF0, 0xAD, 0xF0, 0x99, 0xF1, 
0x82, 0xF3, 0x4E, 0xF6, 0xD5, 0xF9, 0xDF, 0xFD, 0x29, 0x02, 0x6D, 0x06, 0x60, 0x0A, 0xBE, 0x0D, 
0x48, 0x10, 0xCE, 0x11, 0x2E, 0x12, 0x5A, 0x11, 0x5A, 0x0F, 0x48, 0x0C, 0x52, 0x08, 0xB5, 0x03, 
0xBE, 0xFE, 0xBE, 0xF9, 0x0B, 0xF5, 0xF6, 0xF0, 0xC9, 0xED, 0xBF, 0xEB, 0x02, 0xEB, 0xA6, 0xEB, 
0xA6, 0xED, 0xEA, 0xF0, 0x3F, 0xF5, 0x62, 0xFA, 0x00, 0x00, 0xBB, 0x05, 0x34, 0x0B, 0x0A, 0x10, 
0xEA, 0x13, 0x8B, 0x16, 0xBB, 0x17, 0x5F, 0x17, 0x74, 0x15, 0x15, 0x12, 0x73, 0x0D, 0xD7, 0x07, 
0x9B, 0x01, 0x28, 0xFB, 0xE8, 0xF4, 0x47, 0xEF, 0xA8, 0xEA, 0x5D, 0xE7, 0xA4, 0xE5, 0xA2, 0xE5, 
0x5E, 0xE7, 0xC3, 0xEA, 0x9E, 0xEF, 0xA3, 0xF5, 0x71, 0xFC, 0x97, 0x03, 0x9F, 0x0A, 0x11, 0x11, 
0x7D, 0x16, 0x83, 0x1A, 0xD9, 0x1C, 0x50, 0x1D, 0xDA, 0x1B, 0x87, 0x18, 0x89, 0x13, 0x2C, 0x0D, 
0xD9, 0x05, 0x07, 0xFE, 0x38, 0xF6, 0xF0, 0xEE, 0xAE, 0xE8, 0xDE, 0xE3, 0xD7, 0xE0, 0xD4, 0xDF, 
0xEC, 0xE0, 0x15, 0xE4, 0x21, 0xE9, 0xC2, 0xEF, 0x8C, 0xF7, 0x00, 0x00, 0x92, 0x08, 0xB1, 0x10, 
0xD3, 0x17, 0x7B, 0x1D, 0x44, 0x21, 0xE9, 0x22, 0x47, 0x22, 0x60, 0x1F, 0x5D, 0x1A, 0x8D, 0x13, 
0x5D, 0x0B, 0x53, 0x02, 0x05, 0xF9, 0x0E, 0xF0, 0x07, 0xE8, 0x7B, 0xE1, 0xDD, 0xDC, 0x81, 0xDA, 
0x97, 0xDA, 0x23, 0xDD, 0x04, 0xE2, 0xED, 0xE8, 0x70, 0xF1, 0x02, 0xFB, 0x05, 0x05, 0xD2, 0x0E, 
0xC2, 0x17, 0x3C, 0x1F, 0xBE, 0x24, 0xE4, 0x27, 0x73, 0x28, 0x5A, 0x26, 0xB4, 0x21, 0xC9, 0x1A, 
0x07, 0x12, 0xFC, 0x07, 0x4F, 0xFD, 0xB1, 0xF2, 0xD6, 0xE8, 0x65, 0xE0, 0xF2, 0xD9, 0xEF, 0xD5, 
0xA5, 0xD4, 0x32, 0xD6, 0x84, 0xDA, 0x59, 0xE1, 0x44, 0xEA, 0xB6, 0xF4, 0x00, 0x00, 0x68, 0x0B, 
0x2E, 0x16, 0x9B, 0x1F, 0x0C, 0x27, 0xFE, 0x2B, 0x18, 0x2E, 0x2F, 0x2D, 0x4B, 0x29, 0xA5, 0x22, 
0xA8, 0x19, 0xE4, 0x0E, 0x0A, 0x03, 0xE1, 0xF6, 0x33, 0xEB, 0xC6, 0xE0, 0x4E, 0xD8, 0x5D, 0xD2, 
0x5F, 0xCF, 0x8B, 0xCF, 0xE8, 0xD2, 0x44, 0xD9, 0x3C, 0xE2, 0x3D, 0xED, 0x9C, 0xF9, 0x64, 0x06, 
0xC3, 0x12, 0xE7, 0x1D, 0x17, 0x27, 0xB8, 0x2D, 0x5B, 0x31, 0xC4, 0x31, 0xEC, 0x2E, 0x02, 0x29, 
0x69, 0x20, 0xB1, 0x15, 0x8E, 0x09, 0xCC, 0xFC, 0x3F, 0xF0, 0xBA, 0xE4, 0xFD, 0xDA, 0xAC, 0xD3, 
0x41, 0xCF, 0x07, 0xCE, 0x12, 0xD0, 0x3F, 0xD5, 0x38, 0xDD, 0x77, 0xE7, 0x52, 0xF3, 0x00, 0x00, 
0xAE, 0x0C, 0x89, 0x18, 0xC8, 0x22, 0xC1, 0x2A, 0xEE, 0x2F, 0xF9, 0x31, 0xBF, 0x30, 0x54, 0x2C, 
0x03, 0x25, 0x46, 0x1B, 0xC1, 0x0F, 0x34, 0x03, 0x72, 0xF6, 0x4F, 0xEA, 0x97, 0xDF, 0xFE, 0xD6, 
0x14, 0xD1, 0x3C, 0xCE, 0xA5, 0xCE, 0x48, 0xD2, 0xE9, 0xD8, 0x19, 0xE2, 0x3D, 0xED, 0x9C, 0xF9, 
0x64, 0x06, 0xC3, 0x12, 0xE7, 0x1D, 0x17, 0x27, 0xB8, 0x2D, 0x5B, 0x31, 0xC4, 0x31, 0xEC, 0x2E, 
0x02, 0x29, 0x69, 0x20, 0xB1, 0x15, 0x8E, 0x09, 0xCC, 0xFC, 0x3F, 0xF0, 0xBA, 0xE4, 0xFD, 0xDA, 
0xAC, 0xD3, 0x41, 0xCF, 0x07, 0xCE, 0x12, 0xD0, 0x3F, 0xD5, 0x38, 0xDD, 0x77, 0xE7, 0x52, 0xF3, 
0x00, 0x00, 0xAE, 0x0C, 0x89, 0x18, 0xC8, 0x22, 0xC1, 0x2A, 0xEE, 0x2F, 0xF9, 0x31, 0xBF, 0x30, 
0x54, 0x2C, 0x03, 0x25, 0x46, 0x1B, 0xC1, 0x0F, 0x34, 0x03, 0x72, 0xF6, 0x4F, 0xEA, 0x97, 0xDF, 
0xFE, 0xD6, 0x14, 0xD1, 0x3C, 0xCE, 0xA5, 0xCE, 0x48, 0xD2, 0xE9, 0xD8, 0x19, 0xE2, 0x3D, 0xED, 
0x9C, 0xF9, 0x64, 0x06, 0xC3, 0x12, 0xE7, 0x1D, 0x17, 0x27, 0xB8, 0x2D, 0x5B, 0x31, 0xC4, 0x31, 
0xEC, 0x2E, 0x02, 0x29, 0x69, 0x20, 0xB1, 0x15, 0x8E, 0x09, 0xCC, 0xFC, 0x3F, 0xF0, 0xBA, 0xE4, 
0xFD, 0xDA, 0xAC, 0xD3, 0x41, 0xCF, 0x07, 0xCE, 0x12, 0xD0, 0x3F, 0xD5, 0x38, 0xDD, 0x77, 0xE7, 
0x52, 0xF3, 0x00, 0x00, 0xAE, 0x0C, 0x89, 0x18, 0xC8, 0x22, 0xC1, 0x2A, 0xEE, 0x2F, 0xF9, 0x31, 
0xBF, 0x30, 0x54, 0x2C, 0x03, 0x25, 0x46, 0x1B, 0xC1, 0x0F, 0x34, 0x03, 0x72, 0xF6, 0x4F, 0xEA, 
0x97, 0xDF, 0xFE, 0xD6, 0x14, 0xD1, 0x3C, 0xCE, 0xA5, 0xCE, 0x48, 0xD2, 0xE9, 0xD8, 0x19, 0xE2, 
0x3D, 0xED, 0x9C, 0xF9, 0x64, 0x06, 0xC3, 0x12, 0xE7, 0x1D, 0x17, 0x27, 0xB8, 0x2D, 0x5B, 0x31, 
0xC4, 0x31, 0xEC, 0x2E, 0x02, 0x29, 0x69, 0x20, 0xB1, 0x15, 0x8E, 0x09, 0xCC, 0xFC, 0x3F, 0xF0, 
0xBA, 0xE4, 0xFD, 0xDA, 0xAC, 0xD3, 0x41, 0xCF, 0x07, 0xCE, 0x12, 0xD0, 0x3F, 0xD5, 0x38, 0xDD, 
0x77, 0xE7, 0x52, 0xF3, 0x00, 0x00, 0xAE, 0x0C, 0x89, 0x18, 0xC8, 0x22, 0xC1, 0x2A, 0xEE, 0x2F, 
0xF9, 0x31, 0xBF, 0x30, 0x54, 0x2C, 0x03, 0x25, 0x46, 0x1B, 0xC1, 0x0F, 0x34, 0x03, 0x72, 0xF6, 
0x4F, 0xEA, 0x97, 0xDF, 0xFE, 0xD6, 0x14, 0xD1, 0x3C, 0xCE, 0xA5, 0xCE, 0x48, 0xD2, 0xE9, 0xD8, 
0x19, 0xE2, 0x3D, 0xED, 0x9C, 0xF9, 0x64, 0x06, 0xC3, 0x12, 0xE7, 0x1D, 0x17, 0x27, 0xB8, 0x2D, 
0x5B, 0x31, 0xC4, 0x31, 0xEC, 0x2E, 0x02, 0x29, 0x69, 0x20, 0xB1, 0x15, 0x8E, 0x09, 0xCC, 0xFC, 
0x3F, 0xF0, 0xBA, 0xE4, 0xFD, 0xDA, 0xAC, 0xD3, 0x41, 0xCF, 0x07, 0xCE, 0x12, 0xD0, 0x3F, 0xD5, 
0x38, 0xDD, 0x77, 0xE7, 0x52, 0xF3, 0x00, 0x00, 0xAE, 0x0C, 0x89, 0x18, 0xC8, 0x22, 0xC1, 0x2A, 
0xEE, 0x2F, 0xF9, 0x31, 0xBF, 0x30, 0x54, 0x2C, 0x03, 0x25, 0x46, 0x1B, 0xC1, 0x0F, 0x34, 0x03, 
0x72, 0xF6, 0x4F, 0xEA, 0x97, 0xDF, 0xFE, 0xD6, 0x14, 0xD1, 0x3C, 0xCE, 0xA5, 0xCE, 0x48, 0xD2, 
0xE9, 0xD8, 0x19, 0xE2, 0x3D, 0xED, 0x9C, 0xF9, 0x64, 0x06, 0xC3, 0x12, 0xE7, 0x1D, 0x17, 0x27, 
0xB8, 0x2D, 0x5B, 0x31, 0xC4, 0x31, 0xEC, 0x2E, 0x02, 0x29, 0x69, 0x20, 0xB1, 0x15, 0x8E, 0x09, 
0xCC, 0xFC, 0x3F, 0xF0, 0xBA, 0xE4, 0xFD, 0xDA, 0xAC, 0xD3, 0x41, 0xCF, 0x07, 0xCE, 0x12, 0xD0, 
0x3F, 0xD5, 0x38, 0xDD, 0x77, 0xE7, 0x52, 0xF3, 0x00, 0x00, 0xAE, 0x0C, 0x89, 0x18, 0xC8, 0x22, 
0xC1, 0x2A, 0xEE, 0x2F, 0xF9, 0x31, 0xBF, 0x30, 0x54, 0x2C, 0x03, 0x25, 0x46, 0x1B, 0xC1, 0x0F, 
0x34, 0x03, 0x72, 0xF6, 0x4F, 0xEA, 0x97, 0xDF, 0xFE, 0xD6, 0x14, 0xD1, 0x3C, 0xCE, 0xA5, 0xCE, 
0x48, 0xD2, 0xE9, 0xD8, 0x19, 0xE2, 0x3D, 0xED, 0x9C, 0xF9, 0x64, 0x06, 0xC3, 0x12, 0xE7, 0x1D, 
0x17, 0x27, 0xB8, 0x2D, 0x5B, 0x31, 0xC4, 0x31, 0xEC, 0x2E, 0x02, 0x29, 0x69, 0x20, 0xB1, 0x15, 
0x8E, 0x09, 0xCC, 0xFC, 0x3F, 0xF0, 0xBA, 0xE4, 0xFD, 0xDA, 0xAC, 0xD3, 0x41, 0xCF, 0x07, 0xCE, 
0x12, 0xD0, 0x3F, 0xD5, 0x38, 0xDD, 0x77, 0xE7, 0x52, 0xF3, 0x00, 0x00, 0xAE, 0x0C, 0x89, 0x18, 
0xC8, 0x22, 0xC1, 0x2A, 0xEE, 0x2F, 0xF9, 0x31, 0xBF, 0x30, 0x54, 0x2C, 0x03, 0x25, 0x46, 0x1B, 
0xC1, 0x0F, 0x34, 0x03, 0x72, 0xF6, 0x4F, 0xEA, 0x97, 0xDF, 0xFE, 0xD6, 0x14, 0xD1, 0x3C, 0xCE, 
0xA5, 0xCE, 0x48, 0xD2, 0xE9, 0xD8, 0x19, 0xE2, 0x3D, 0xED, 0x9C, 0xF9, 0x64, 0x06, 0xC3, 0x12, 
0xE7, 0x1D, 0x17, 0x27, 0xB8, 0x2D, 0x5B, 0x31, 0xC4, 0x31, 0xEC, 0x2E, 0x02, 0x29, 0x69, 0x20, 
0xB1, 0x15, 0x8E, 0x09, 0xCC, 0xFC, 0x3F, 0xF0, 0xBA, 0xE4, 0xFD, 0xDA, 0xAC, 0xD3, 0x41, 0xCF, 
0x07, 0xCE, 0x12, 0xD0, 0x3F, 0xD5, 0x38, 0xDD, 0x77, 0xE7, 0x52, 0xF3, 0x00, 0x00, 0xAE, 0x0C, 
0x89, 0x18, 0xC8, 0x22, 0xC1, 0x2A, 0xEE, 0x2F, 0xF9, 0x31, 0xBF, 0x30, 0x54, 0x2C, 0x03, 0x25, 
0x46, 0x1B, 0xC1, 0x0F, 0x34, 0x03, 0x72, 0xF6, 0x4F, 0xEA, 0x97, 0xDF, 0xFE, 0xD6, 0x14, 0xD1, 
0x3C, 0xCE, 0xA5, 0xCE, 0x48, 0xD2, 0xE9, 0xD8, 0x19, 0xE2, 0x3D, 0xED, 0x9C, 0xF9, 0x64, 0x06, 
0xC3, 0x12, 0xE7, 0x1D, 0x17, 0x27, 0xB8, 0x2D, 0x5B, 0x31, 0xC4, 0x31, 0xEC, 0x2E, 0x02, 0x29, 
0x69, 0x20, 0xB1, 0x15, 0x8E, 0x09, 0xCC, 0xFC, 0x3F, 0xF0, 0xBA, 0xE4, 0xFD, 0xDA, 0xAC, 0xD3, 
0x41, 0xCF, 0x07, 0xCE, 0x12, 0xD0, 0x3F, 0xD5, 0x38, 0xDD, 0x77, 0xE7, 0x52, 0xF3, 0x00, 0x00, 
0xAE, 0x0C, 0x89, 0x18, 0xC8, 0x22, 0xC1, 0x2A, 0xEE, 0x2F, 0xF9, 0x31, 0xBF, 0x30, 0x54, 0x2C, 
0x03, 0x25, 0x46, 0x1B, 0xC1, 0x0F, 0x34, 0x03, 0x72, 0xF6, 0x4F, 0xEA, 0x97, 0xDF, 0xFE, 0xD6, 
0x14, 0xD1, 0x3C, 0xCE, 0xA5, 0xCE, 0x48, 0xD2, 0xE9, 0xD8, 0x19, 0xE2, 0x3D, 0xED, 0x9C, 0xF9, 
0x64, 0x06, 0xC3, 0x12, 0xE7, 0x1D, 0x17, 0x27, 0xB8, 0x2D, 0x5B, 0x31, 0xC4, 0x31, 0xEC, 0x2E, 
0x02, 0x29, 0x69, 0x20, 0xB1, 0x15, 0x8E, 0x09, 0xCC, 0xFC, 0x3F, 0xF0, 0xBA, 0xE4, 0xFD, 0xDA, 
0xAC, 0xD3, 0x41, 0xCF, 0x07, 0xCE, 0x12, 0xD0, 0x3F, 0xD5, 0x38, 0xDD, 0x77, 0xE7, 0x52, 0xF3, 
0x00, 0x00, 0xAE, 0x0C, 0x89, 0x18, 0xC8, 0x22, 0xC1, 0x2A, 0xEE, 0x2F, 0xF9, 0x31, 0xBF, 0x30, 
0x54, 0x2C, 0x03, 0x25, 0x46, 0x1B, 0xC1, 0x0F, 0x34, 0x03, 0x72, 0xF6, 0x4F, 0xEA, 0x97, 0xDF, 
0xFE, 0xD6, 0x14, 0xD1, 0x3C, 0xCE, 0xA5, 0xCE, 0x48, 0xD2, 0xE9, 0xD8, 0x19, 0xE2, 0x3D, 0xED, 
0x9C, 0xF9, 0x64, 0x06, 0xC3, 0x12, 0xE7, 0x1D, 0x17, 0x27, 0xB8, 0x2D, 0x5B, 0x31, 0xC4, 0x31, 
0xEC, 0x2E, 0x02, 0x29, 0x69, 0x20, 0xB1, 0x15, 0x8E, 0x09, 0xCC, 0xFC, 0x3F, 0xF0, 0xBA, 0xE4, 
0xFD, 0xDA, 0xAC, 0xD3, 0x41, 0xCF, 0x07, 0xCE, 0x12, 0xD0, 0x3F, 0xD5, 0x38, 0xDD, 0x77, 0xE7, 
0x52, 0xF3, 0x00, 0x00, 0xAE, 0x0C, 0x89, 0x18, 0xC8, 0x22, 0xC1, 0x2A, 0xEE, 0x2F, 0xF9, 0x31, 
0xBF, 0x30, 0x54, 0x2C, 0x03, 0x25, 0x46, 0x1B, 0xC1, 0x0F, 0x34, 0x03, 0x72, 0xF6, 0x4F, 0xEA, 
0x97, 0xDF, 0xFE, 0xD6, 0x14, 0xD1, 0x3C, 0xCE, 0xA5, 0xCE, 0x48, 0xD2, 0xE9, 0xD8, 0x19, 0xE2, 
0x3D, 0xED, 0x9C, 0xF9, 0x64, 0x06, 0xC3, 0x12, 0xE7, 0x1D, 0x17, 0x27, 0xB8, 0x2D, 0x5B, 0x31, 
0xC4, 0x31, 0xEC, 0x2E, 0x02, 0x29, 0x69, 0x20, 0xB1, 0x15, 0x8E, 0x09, 0xCC, 0xFC, 0x3F, 0xF0, 
0xBA, 0xE4, 0xFD, 0xDA, 0xAC, 0xD3, 0x41, 0xCF, 0x07, 0xCE, 0x12, 0xD0, 0x3F, 0xD5, 0x38, 0xDD, 
0x77, 0xE7, 0x52, 0xF3, 0x00, 0x00, 0xAE, 0x0C, 0x89, 0x18, 0xC8, 0x22, 0xC1, 0x2A, 0xEE, 0x2F, 
0xF9, 0x31, 0xBF, 0x30, 0x54, 0x2C, 0x03, 0x25, 0x46, 0x1B, 0xC1, 0x0F, 0x34, 0x03, 0x72, 0xF6, 
0x4F, 0xEA, 0x97, 0xDF, 0xFE, 0xD6, 0x14, 0xD1, 0x3C, 0xCE, 0xA5, 0xCE, 0x48, 0xD2, 0xE9, 0xD8, 
0x19, 0xE2, 0x3D, 0xED, 0x9C, 0xF9, 0x64, 0x06, 0xC3, 0x12, 0xE7, 0x1D, 0x17, 0x27, 0xB8, 0x2D, 
0x5B, 0x31, 0xC4, 0x31, 0xEC, 0x2E, 0x02, 0x29, 0x69, 0x20, 0xB1, 0x15, 0x8E, 0x09, 0xCC, 0xFC, 
0x3F, 0xF0, 0xBA, 0xE4, 0xFD, 0xDA, 0xAC, 0xD3, 0x41, 0xCF, 0x07, 0xCE, 0x12, 0xD0, 0x3F, 0xD5, 
0x38, 0xDD, 0x77, 0xE7, 0x52, 0xF3, 0x00, 0x00, 0xAE, 0x0C, 0x89, 0x18, 0xC8, 0x22, 0xC1, 0x2A, 
0xEE, 0x2F, 0xF9, 0x31, 0xBF, 0x30, 0x54, 0x2C, 0x03, 0x25, 0x46, 0x1B, 0xC1, 0x0F, 0x34, 0x03, 
0x72, 0xF6, 0x4F, 0xEA, 0x97, 0xDF, 0xFE, 0xD6, 0x14, 0xD1, 0x3C, 0xCE, 0xA5, 0xCE, 0x48, 0xD2, 
0xE9, 0xD8, 0x19, 0xE2, 0x3D, 0xED, 0x9C, 0xF9, 0x64, 0x06, 0xC3, 0x12, 0xE7, 0x1D, 0x17, 0x27, 
0xB8, 0x2D, 0x5B, 0x31, 0xC4, 0x31, 0xEC, 0x2E, 0x02, 0x29, 0x69, 0x20, 0xB1, 0x15, 0x8E, 0x09, 
0xCC, 0xFC, 0x3F, 0xF0, 0xBA, 0xE4, 0xFD, 0xDA, 0xAC, 0xD3, 0x41, 0xCF, 0x07, 0xCE, 0x12, 0xD0, 
0x3F, 0xD5, 0x38, 0xDD, 0x77, 0xE7, 0x52, 0xF3, 0x00, 0x00, 0xAE, 0x0C, 0x89, 0x18, 0xC8, 0x22, 
0xC1, 0x2A, 0xEE, 0x2F, 0xF9, 0x31, 0xBF, 0x30, 0x54, 0x2C, 0x03, 0x25, 0x46, 0x1B, 0xC1, 0x0F, 
0x34, 0x03, 0x72, 0xF6, 0x4F, 0xEA, 0x97, 0xDF, 0xFE, 0xD6, 0x14, 0xD1, 0x3C, 0xCE, 0xA5, 0xCE, 
0x48, 0xD2, 0xE9, 0xD8, 0x19, 0xE2, 0x3D, 0xED, 0x9C, 0xF9, 0x64, 0x06, 0xC3, 0x12, 0xE7, 0x1D, 
0x17, 0x27, 0xB8, 0x2D, 0x5B, 0x31, 0xC4, 0x31, 0xEC, 0x2E, 0x02, 0x29, 0x69, 0x20, 0xB1, 0x15, 
0x8E, 0x09, 0xCC, 0xFC, 0x3F, 0xF0, 0xBA, 0xE4, 0xFD, 0xDA, 0xAC, 0xD3, 0x41, 0xCF, 0x07, 0xCE, 
0x12, 0xD0, 0x3F, 0xD5, 0x38, 0xDD, 0x77, 0xE7, 0x52, 0xF3, 0x00, 0x00, 0xAE, 0x0C, 0x89, 0x18, 
0xC8, 0x22, 0xC1, 0x2A, 0xEE, 0x2F, 0xF9, 0x31, 0xBF, 0x30, 0x54, 0x2C, 0x03, 0x25, 0x46, 0x1B, 
0xC1, 0x0F, 0x34, 0x03, 0x72, 0xF6, 0x4F, 0xEA, 0x97, 0xDF, 0xFE, 0xD6, 0x14, 0xD1, 0x3C, 0xCE, 
0xA5, 0xCE, 0x48, 0xD2, 0xE9, 0xD8, 0x19, 0xE2, 0x3D, 0xED, 0x9C, 0xF9, 0x64, 0x06, 0xC3, 0x12, 
0xE7, 0x1D, 0x17, 0x27, 0xB8, 0x2D, 0x5B, 0x31, 0xC4, 0x31, 0xEC, 0x2E, 0x02, 0x29, 0x69, 0x20, 
0xB1, 0x15, 0x8E, 0x09, 0xCC, 0xFC, 0x3F, 0xF0, 0xBA, 0xE4, 0xFD, 0xDA, 0xAC, 0xD3, 0x41, 0xCF, 
0x07, 0xCE, 0x12, 0xD0, 0x3F, 0xD5, 0x38, 0xDD, 0x77, 0xE7, 0x52, 0xF3, 0x00, 0x00, 0xAE, 0x0C, 
0x89, 0x18, 0xC8, 0x22, 0xC1, 0x2A, 0xEE, 0x2F, 0xF9, 0x31, 0xBF, 0x30, 0x54, 0x2C, 0x03, 0x25, 
0x46, 0x1B, 0xC1, 0x0F, 0x34, 0x03, 0x72, 0xF6, 0x4F, 0xEA, 0x97, 0xDF, 0xFE, 0xD6, 0x14, 0xD1, 
0x3C, 0xCE, 0xA5, 0xCE, 0x48, 0xD2, 0xE9, 0xD8, 0x19, 0xE2, 0x3D, 0xED, 0x9C, 0xF9, 0x64, 0x06, 
0xC3, 0x12, 0xE7, 0x1D, 0x17, 0x27, 0xB8, 0x2D, 0x5B, 0x31, 0xC4, 0x31, 0xEC, 0x2E, 0x02, 0x29, 
0x69, 0x20, 0xB1, 0x15, 0x8E, 0x09, 0xCC, 0xFC, 0x3F, 0xF0, 0xBA, 0xE4, 0xFD, 0xDA, 0xAC, 0xD3, 
0x41, 0xCF, 0x07, 0xCE, 0x12, 0xD0, 0x3F, 0xD5, 0x38, 0xDD, 0x77, 0xE7, 0x52, 0xF3, 0x00, 0x00, 
0xAE, 0x0C, 0x89, 0x18, 0xC8, 0x22, 0xC1, 0x2A, 0xEE, 0x2F, 0xF9, 0x31, 0xBF, 0x30, 0x54, 0x2C, 
0x03, 0x25, 0x46, 0x1B, 0xC1, 0x0F, 0x34, 0x03, 0x72, 0xF6, 0x4F, 0xEA, 0x97, 0xDF, 0xFE, 0xD6, 
0x14, 0xD1, 0x3C, 0xCE, 0xA5, 0xCE, 0x48, 0xD2, 0xE9, 0xD8, 0x19, 0xE2, 0x3D, 0xED, 0x9C, 0xF9, 
0x64, 0x06, 0xC3, 0x12, 0xE7, 0x1D, 0x17, 0x27, 0xB8, 0x2D, 0x5B, 0x31, 0xC4, 0x31, 0xEC, 0x2E, 
0x02, 0x29, 0x69, 0x20, 0xB1, 0x15, 0x8E, 0x09, 0xCC, 0xFC, 0x3F, 0xF0, 0xBA, 0xE4, 0xFD, 0xDA, 
0xAC, 0xD3, 0x41, 0xCF, 0x07, 0xCE, 0x12, 0xD0, 0x3F, 0xD5, 0x38, 0xDD, 0x77, 0xE7, 0x52, 0xF3, 
0x00, 0x00, 0xAE, 0x0C, 0x89, 0x18, 0xC8, 0x22, 0xC1, 0x2A, 0xEE, 0x2F, 0xF9, 0x31, 0xBF, 0x30, 
0x54, 0x2C, 0x03, 0x25, 0x46, 0x1B, 0xC1, 0x0F, 0x34, 0x03, 0x72, 0xF6, 0x4F, 0xEA, 0x97, 0xDF, 
0xFE, 0xD6, 0x14, 0xD1, 0x3C, 0xCE, 0xA5, 0xCE, 0x48, 0xD2, 0xE9, 0xD8, 0x19, 0xE2, 0x3D, 0xED, 
0x9C, 0xF9, 0x64, 0x06, 0xC3, 0x12, 0xE7, 0x1D, 0x17, 0x27, 0xB8, 0x2D, 0x5B, 0x31, 0xC4, 0x31, 
0xEC, 0x2E, 0x02, 0x29, 0x69, 0x20, 0xB1, 0x15, 0x8E, 0x09, 0xCC, 0xFC, 0x3F, 0xF0, 0xBA, 0xE4, 
0xFD, 0xDA, 0xAC, 0xD3, 0x41, 0xCF, 0x07, 0xCE, 0x12, 0xD0, 0x3F, 0xD5, 0x38, 0xDD, 0x77, 0xE7, 
0x52, 0xF3, 0x00, 0x00, 0xAE, 0x0C, 0x89, 0x18, 0xC8, 0x22, 0xC1, 0x2A, 0xEE, 0x2F, 0xF9, 0x31, 
0xBF, 0x30, 0x54, 0x2C, 0x03, 0x25, 0x46, 0x1B, 0xC1, 0x0F, 0x34, 0x03, 0x72, 0xF6, 0x4F, 0xEA, 
0x97, 0xDF, 0xFE, 0xD6, 0x14, 0xD1, 0x3C, 0xCE, 0xA5, 0xCE, 0x48, 0xD2, 0xE9, 0xD8, 0x19, 0xE2, 
0x3D, 0xED, 0x9C, 0xF9, 0x64, 0x06, 0xC3, 0x12, 0xE7, 0x1D, 0x17, 0x27, 0xB8, 0x2D, 0x5B, 0x31, 
0xC4, 0x31, 0xEC, 0x2E, 0x02, 0x29, 0x69, 0x20, 0xB1, 0x15, 0x8E, 0x09, 0xCC, 0xFC, 0x3F, 0xF0, 
0xBA, 0xE4, 0xFD, 0xDA, 0xAC, 0xD3, 0x41, 0xCF, 0x07, 0xCE, 0x12, 0xD0, 0x3F, 0xD5, 0x38, 0xDD, 
0x77, 0xE7, 0x52, 0xF3, 0x00, 0x00, 0xAE, 0x0C, 0x89, 0x18, 0xC8, 0x22, 0xC1, 0x2A, 0xEE, 0x2F, 
0xF9, 0x31, 0xBF, 0x30, 0x54, 0x2C, 0x03, 0x25, 0x46, 0x1B, 0xC1, 0x0F, 0x34, 0x03, 0x72, 0xF6, 
0x4F, 0xEA, 0x97, 0xDF, 0xFE, 0xD6, 0x14, 0xD1, 0x3C, 0xCE, 0xA5, 0xCE, 0x48, 0xD2, 0xE9, 0xD8, 
0x19, 0xE2, 0x3D, 0xED, 0x9C, 0xF9, 0x64, 0x06, 0xC3, 0x12, 0xE7, 0x1D, 0x17, 0x27, 0xB8, 0x2D, 
0x5B, 0x31, 0xC4, 0x31, 0xEC, 0x2E, 0x02, 0x29, 0x69, 0x20, 0xB1, 0x15, 0x8E, 0x09, 0xCC, 0xFC, 
0x3F, 0xF0, 0xBA, 0xE4, 0xFD, 0xDA, 0xAC, 0xD3, 0x41, 0xCF, 0x07, 0xCE, 0x12, 0xD0, 0x3F, 0xD5, 
0x38, 0xDD, 0x77, 0xE7, 0x52, 0xF3, 0x00, 0x00, 0xAE, 0x0C, 0x89, 0x18, 0xC8, 0x22, 0xC1, 0x2A, 
0xEE, 0x2F, 0xF9, 0x31, 0xBF, 0x30, 0x54, 0x2C, 0x03, 0x25, 0x46, 0x1B, 0xC1, 0x0F, 0x34, 0x03, 
0x72, 0xF6, 0x4F, 0xEA, 0x97, 0xDF, 0xFE, 0xD6, 0x14, 0xD1, 0x3C, 0xCE, 0xA5, 0xCE, 0x48, 0xD2, 
0xE9, 0xD8, 0x19, 0xE2, 0x3D, 0xED, 0x9C, 0xF9, 0x64, 0x06, 0xC3, 0x12, 0xE7, 0x1D, 0x17, 0x27, 
0xB8, 0x2D, 0x5B, 0x31, 0xC4, 0x31, 0xEC, 0x2E, 0x02, 0x29, 0x69, 0x20, 0xB1, 0x15, 0x8E, 0x09, 
0xCC, 0xFC, 0x3F, 0xF0, 0xBA, 0xE4, 0xFD, 0xDA, 0xAC, 0xD3, 0x41, 0xCF, 0x07, 0xCE, 0x12, 0xD0, 
0x3F, 0xD5, 0x38, 0xDD, 0x77, 0xE7, 0x52, 0xF3, 0x00, 0x00, 0xAE, 0x0C, 0x89, 0x18, 0xC8, 0x22, 
0xC1, 0x2A, 0xEE, 0x2F, 0xF9, 0x31, 0xBF, 0x30, 0x54, 0x2C, 0x03, 0x25, 0x46, 0x1B, 0xC1, 0x0F, 
0x34, 0x03, 0x72, 0xF6, 0x4F, 0xEA, 0x97, 0xDF, 0xFE, 0xD6, 0x14, 0xD1, 0x3C, 0xCE, 0xA5, 0xCE, 
0x48, 0xD2, 0xE9, 0xD8, 0x19, 0xE2, 0x3D, 0xED, 0x9C, 0xF9, 0x64, 0x06, 0xC3, 0x12, 0xE7, 0x1D, 
0x17, 0x27, 0xB8, 0x2D, 0x5B, 0x31, 0xC4, 0x31, 0xEC, 0x2E, 0x02, 0x29, 0x69, 0x20, 0xB1, 0x15, 
0x8E, 0x09, 0xCC, 0xFC, 0x3F, 0xF0, 0xBA, 0xE4, 0xFD, 0xDA, 0xAC, 0xD3, 0x41, 0xCF, 0x07, 0xCE, 
0x12, 0xD0, 0x3F, 0xD5, 0x38, 0xDD, 0x77, 0xE7, 0x52, 0xF3, 0x00, 0x00, 0xAE, 0x0C, 0x89, 0x18, 
0xC8, 0x22, 0xC1, 0x2A, 0xEE, 0x2F, 0xF9, 0x31, 0xBF, 0x30, 0x54, 0x2C, 0x03, 0x25, 0x46, 0x1B, 
0xC1, 0x0F, 0x34, 0x03, 0x72, 0xF6, 0x4F, 0xEA, 0x97, 0xDF, 0xFE, 0xD6, 0x14, 0xD1, 0x3C, 0xCE, 
0xA5, 0xCE, 0x48, 0xD2, 0xE9, 0xD8, 0x19, 0xE2, 0x3D, 0xED, 0x9C, 0xF9, 0x64, 0x06, 0xC3, 0x12, 
0xE7, 0x1D, 0x17, 0x27, 0xB8, 0x2D, 0x5B, 0x31, 0xC4, 0x31, 0xEC, 0x2E, 0x02, 0x29, 0x69, 0x20, 
0xB1, 0x15, 0x8E, 0x09, 0xCC, 0xFC, 0x3F, 0xF0, 0xBA, 0xE4, 0xFD, 0xDA, 0xAC, 0xD3, 0x41, 0xCF, 
0x07, 0xCE, 0x12, 0xD0, 0x3F, 0xD5, 0x38, 0xDD, 0x77, 0xE7, 0x52, 0xF3, 0x00, 0x00, 0xAE, 0x0C, 
0x89, 0x18, 0xC8, 0x22, 0xC1, 0x2A, 0xEE, 0x2F, 0xF9, 0x31, 0xBF, 0x30, 0x54, 0x2C, 0x03, 0x25, 
0x46, 0x1B, 0xC1, 0x0F, 0x34, 0x03, 0x72, 0xF6, 0x4F, 0xEA, 0x97, 0xDF, 0xFE, 0xD6, 0x14, 0xD1, 
0x3C, 0xCE, 0xA5, 0xCE, 0x48, 0xD2, 0xE9, 0xD8, 0x19, 0xE2, 0x3D, 0xED, 0x9C, 0xF9, 0x64, 0x06, 
0xC3, 0x12, 0xE7, 0x1D, 0x17, 0x27, 0xB8, 0x2D, 0x5B, 0x31, 0xC4, 0x31, 0xEC, 0x2E, 0x02, 0x29, 
0x69, 0x20, 0xB1, 0x15, 0x8E, 0x09, 0xCC, 0xFC, 0x3F, 0xF0, 0xBA, 0xE4, 0xFD, 0xDA, 0xAC, 0xD3, 
0x41, 0xCF, 0x07, 0xCE, 0x12, 0xD0, 0x3F, 0xD5, 0x38, 0xDD, 0x77, 0xE7, 0x52, 0xF3, 0x00, 0x00, 
0xAE, 0x0C, 0x89, 0x18, 0xC8, 0x22, 0xC1, 0x2A, 0xEE, 0x2F, 0xF9, 0x31, 0xBF, 0x30, 0x54, 0x2C, 
0x03, 0x25, 0x46, 0x1B, 0xC1, 0x0F, 0x34, 0x03, 0x72, 0xF6, 0x4F, 0xEA, 0x97, 0xDF, 0xFE, 0xD6, 
0x14, 0xD1, 0x3C, 0xCE, 0xA5, 0xCE, 0x48, 0xD2, 0xE9, 0xD8, 0x19, 0xE2, 0x3D, 0xED, 0x9C, 0xF9, 
0x64, 0x06, 0xC3, 0x12, 0xE7, 0x1D, 0x17, 0x27, 0xB8, 0x2D, 0x5B, 0x31, 0xC4, 0x31, 0xEC, 0x2E, 
0x02, 0x29, 0x69, 0x20, 0xB1, 0x15, 0x8E, 0x09, 0xCC, 0xFC, 0x3F, 0xF0, 0xBA, 0xE4, 0xFD, 0xDA, 
0xAC, 0xD3, 0x41, 0xCF, 0x07, 0xCE, 0x12, 0xD0, 0x3F, 0xD5, 0x38, 0xDD, 0x77, 0xE7, 0x52, 0xF3, 
0x00, 0x00, 0xAE, 0x0C, 0x89, 0x18, 0xC8, 0x22, 0xC1, 0x2A, 0xEE, 0x2F, 0xF9, 0x31, 0xBF, 0x30, 
0x54, 0x2C, 0x03, 0x25, 0x46, 0x1B, 0xC1, 0x0F, 0x34, 0x03, 0x72, 0xF6, 0x4F, 0xEA, 0x97, 0xDF, 
0xFE, 0xD6, 0x14, 0xD1, 0x3C, 0xCE, 0xA5, 0xCE, 0x48, 0xD2, 0xE9, 0xD8, 0x19, 0xE2, 0x3D, 0xED, 
0x9C, 0xF9, 0x64, 0x06, 0xC3, 0x12, 0xE7, 0x1D, 0x17, 0x27, 0xB8, 0x2D, 0x5B, 0x31, 0xC4, 0x31, 
0xEC, 0x2E, 0x02, 0x29, 0x69, 0x20, 0xB1, 0x15, 0x8E, 0x09, 0xCC, 0xFC, 0x3F, 0xF0, 0xBA, 0xE4, 
0xFD, 0xDA, 0xAC, 0xD3, 0x41, 0xCF, 0x07, 0xCE, 0x12, 0xD0, 0x3F, 0xD5, 0x38, 0xDD, 0x77, 0xE7, 
0x52, 0xF3, 0x00, 0x00, 0xAE, 0x0C, 0x89, 0x18, 0xC8, 0x22, 0xC1, 0x2A, 0xEE, 0x2F, 0xF9, 0x31, 
0xBF, 0x30, 0x54, 0x2C, 0x03, 0x25, 0x46, 0x1B, 0xC1, 0x0F, 0x34, 0x03, 0x72, 0xF6, 0x4F, 0xEA, 
0x97, 0xDF, 0xFE, 0xD6, 0x14, 0xD1, 0x3C, 0xCE, 0xA5, 0xCE, 0x48, 0xD2, 0xE9, 0xD8, 0x19, 0xE2, 
0x3D, 0xED, 0x9C, 0xF9, 0x64, 0x06, 0xC3, 0x12, 0xE7, 0x1D, 0x17, 0x27, 0xB8, 0x2D, 0x5B, 0x31, 
0xC4, 0x31, 0xEC, 0x2E, 0x02, 0x29, 0x69, 0x20, 0xB1, 0x15, 0x8E, 0x09, 0xCC, 0xFC, 0x3F, 0xF0, 
0xBA, 0xE4, 0xFD, 0xDA, 0xAC, 0xD3, 0x41, 0xCF, 0x07, 0xCE, 0x12, 0xD0, 0x3F, 0xD5, 0x38, 0xDD, 
0x77, 0xE7, 0x52, 0xF3, 0x00, 0x00, 0xAE, 0x0C, 0x89, 0x18, 0xC8, 0x22, 0xC1, 0x2A, 0xEE, 0x2F, 
0xF9, 0x31, 0xBF, 0x30, 0x54, 0x2C, 0x03, 0x25, 0x46, 0x1B, 0xC1, 0x0F, 0x34, 0x03, 0x72, 0xF6, 
0x4F, 0xEA, 0x97, 0xDF, 0xFE, 0xD6, 0x14, 0xD1, 0x3C, 0xCE, 0xA5, 0xCE, 0x48, 0xD2, 0xE9, 0xD8, 
0x19, 0xE2, 0x3D, 0xED, 0x9C, 0xF9, 0x64, 0x06, 0xC3, 0x12, 0xE7, 0x1D, 0x17, 0x27, 0xB8, 0x2D, 
0x5B, 0x31, 0xC4, 0x31, 0xEC, 0x2E, 0x02, 0x29, 0x69, 0x20, 0xB1, 0x15, 0x8E, 0x09, 0xCC, 0xFC, 
0x3F, 0xF0, 0xBA, 0xE4, 0xFD, 0xDA, 0xAC, 0xD3, 0x41, 0xCF, 0x07, 0xCE, 0x12, 0xD0, 0x3F, 0xD5, 
0x38, 0xDD, 0x77, 0xE7, 0x52, 0xF3, 0x00, 0x00, 0xAE, 0x0C, 0x89, 0x18, 0xC8, 0x22, 0xC1, 0x2A, 
0xEE, 0x2F, 0xF9, 0x31, 0xBF, 0x30, 0x54, 0x2C, 0x03, 0x25, 0x46, 0x1B, 0xC1, 0x0F, 0x34, 0x03, 
0x72, 0xF6, 0x4F, 0xEA, 0x97, 0xDF, 0xFE, 0xD6, 0x14, 0xD1, 0x3C, 0xCE, 0xA5, 0xCE, 0x48, 0xD2, 
0xE9, 0xD8, 0x19, 0xE2, 0x3D, 0xED, 0x9C, 0xF9, 0x64, 0x06, 0xC3, 0x12, 0xE7, 0x1D, 0x17, 0x27, 
0xB8, 0x2D, 0x5B, 0x31, 0xC4, 0x31, 0xEC, 0x2E, 0x02, 0x29, 0x69, 0x20, 0xB1, 0x15, 0x8E, 0x09, 
0xCC, 0xFC, 0x3F, 0xF0, 0xBA, 0xE4, 0xFD, 0xDA, 0xAC, 0xD3, 0x41, 0xCF, 0x07, 0xCE, 0x12, 0xD0, 
0x3F, 0xD5, 0x38, 0xDD, 0x77, 0xE7, 0x52, 0xF3, 0x00, 0x00, 0xAE, 0x0C, 0x89, 0x18, 0xC8, 0x22, 
0xC1, 0x2A, 0xEE, 0x2F, 0xF9, 0x31, 0xBF, 0x30, 0x54, 0x2C, 0x03, 0x25, 0x46, 0x1B, 0xC1, 0x0F, 
0x34, 0x03, 0x72, 0xF6, 0x4F, 0xEA, 0x97, 0xDF, 0xFE, 0xD6, 0x14, 0xD1, 0x3C, 0xCE, 0xA5, 0xCE, 
0x48, 0xD2, 0xE9, 0xD8, 0x19, 0xE2, 0x3D, 0xED, 0x9C, 0xF9, 0x64, 0x06, 0xC3, 0x12, 0xE7, 0x1D, 
0x17, 0x27, 0xB8, 0x2D, 0x5B, 0x31, 0xC4, 0x31, 0xEC, 0x2E, 0x02, 0x29, 0x69, 0x20, 0xB1, 0x15, 
0x8E, 0x09, 0xCC, 0xFC, 0x3F, 0xF0, 0xBA, 0xE4, 0xFD, 0xDA, 0xAC, 0xD3, 0x41, 0xCF, 0x07, 0xCE, 
0x12, 0xD0, 0x3F, 0xD5, 0x38, 0xDD, 0x77, 0xE7, 0x52, 0xF3, 0x00, 0x00, 0xAE, 0x0C, 0x89, 0x18, 
0xC8, 0x22, 0xC1, 0x2A, 0xEE, 0x2F, 0xF9, 0x31, 0xBF, 0x30, 0x54, 0x2C, 0x03, 0x25, 0x46, 0x1B, 
0xC1, 0x0F, 0x34, 0x03, 0x72, 0xF6, 0x4F, 0xEA, 0x97, 0xDF, 0xFE, 0xD6, 0x14, 0xD1, 0x3C, 0xCE, 
0xA5, 0xCE, 0x48, 0xD2, 0xE9, 0xD8, 0x19, 0xE2, 0x3D, 0xED, 0x9C, 0xF9, 0x64, 0x06, 0xC3, 0x12, 
0xE7, 0x1D, 0x17, 0x27, 0xB8, 0x2D, 0x5B, 0x31, 0xC4, 0x31, 0xEC, 0x2E, 0x02, 0x29, 0x69, 0x20, 
0xB1, 0x15, 0x8E, 0x09, 0xCC, 0xFC, 0x3F, 0xF0, 0xBA, 0xE4, 0xFD, 0xDA, 0xAC, 0xD3, 0x41, 0xCF, 
0x07, 0xCE, 0x12, 0xD0, 0x3F, 0xD5, 0x38, 0xDD, 0x77, 0xE7, 0x52, 0xF3, 0x00, 0x00, 0xAE, 0x0C, 
0x89, 0x18, 0xC8, 0x22, 0xC1, 0x2A, 0xEE, 0x2F, 0xF9, 0x31, 0xBF, 0x30, 0x54, 0x2C, 0x03, 0x25, 
0x46, 0x1B, 0xC1, 0x0F, 0x34, 0x03, 0x72, 0xF6, 0x4F, 0xEA, 0x97, 0xDF, 0xFE, 0xD6, 0x14, 0xD1, 
0x3C, 0xCE, 0xA5, 0xCE, 0x48, 0xD2, 0xE9, 0xD8, 0x19, 0xE2, 0x3D, 0xED, 0x9C, 0xF9, 0x64, 0x06, 
0xC3, 0x12, 0xE7, 0x1D, 0x17, 0x27, 0xB8, 0x2D, 0x5B, 0x31, 0xC4, 0x31, 0xEC, 0x2E, 0x02, 0x29, 
0x69, 0x20, 0xB1, 0x15, 0x8E, 0x09, 0xCC, 0xFC, 0x3F, 0xF0, 0xBA, 0xE4, 0xFD, 0xDA, 0xAC, 0xD3, 
0x41, 0xCF, 0x07, 0xCE, 0x12, 0xD0, 0x3F, 0xD5, 0x38, 0xDD, 0x77, 0xE7, 0x52, 0xF3, 0x00, 0x00, 
0xAE, 0x0C, 0x89, 0x18, 0xC8, 0x22, 0xC1, 0x2A, 0xEE, 0x2F, 0xF9, 0x31, 0xBF, 0x30, 0x54, 0x2C, 
0x03, 0x25, 0x46, 0x1B, 0xC1, 0x0F, 0x34, 0x03, 0x72, 0xF6, 0x4F, 0xEA, 0x97, 0xDF, 0xFE, 0xD6, 
0x14, 0xD1, 0x3C, 0xCE, 0xA5, 0xCE, 0x48, 0xD2, 0xE9, 0xD8, 0x19, 0xE2, 0x3D, 0xED, 0x9C, 0xF9, 
0x64, 0x06, 0xC3, 0x12, 0xE7, 0x1D, 0x17, 0x27, 0xB8, 0x2D, 0x5B, 0x31, 0xC4, 0x31, 0xEC, 0x2E, 
0x02, 0x29, 0x69, 0x20, 0xB1, 0x15, 0x8E, 0x09, 0xCC, 0xFC, 0x3F, 0xF0, 0xBA, 0xE4, 0xFD, 0xDA, 
0xAC, 0xD3, 0x41, 0xCF, 0x07, 0xCE, 0x12, 0xD0, 0x3F, 0xD5, 0x38, 0xDD, 0x77, 0xE7, 0x52, 0xF3, 
0x00, 0x00, 0xAE, 0x0C, 0x89, 0x18, 0xC8, 0x22, 0xC1, 0x2A, 0xEE, 0x2F, 0xF9, 0x31, 0xBF, 0x30, 
0x54, 0x2C, 0x03, 0x25, 0x46, 0x1B, 0xC1, 0x0F, 0x34, 0x03, 0x72, 0xF6, 0x4F, 0xEA, 0x97, 0xDF, 
0xFE, 0xD6, 0x14, 0xD1, 0x3C, 0xCE, 0xA5, 0xCE, 0x48, 0xD2, 0xE9, 0xD8, 0x19, 0xE2, 0x3D, 0xED, 
0x9C, 0xF9, 0x64, 0x06, 0xC3, 0x12, 0xE7, 0x1D, 0x17, 0x27, 0xB8, 0x2D, 0x5B, 0x31, 0xC4, 0x31, 
0xEC, 0x2E, 0x02, 0x29, 0x69, 0x20, 0xB1, 0x15, 0x8E, 0x09, 0xCC, 0xFC, 0x3F, 0xF0, 0xBA, 0xE4, 
0xFD, 0xDA, 0xAC, 0xD3, 0x41, 0xCF, 0x07, 0xCE, 0x12, 0xD0, 0x3F, 0xD5, 0x38, 0xDD, 0x77, 0xE7, 
0x52, 0xF3, 0x00, 0x00, 0xAE, 0x0C, 0x89, 0x18, 0xC8, 0x22, 0xC1, 0x2A, 0xEE, 0x2F, 0xF9, 0x31, 
0xBF, 0x30, 0x54, 0x2C, 0x03, 0x25, 0x46, 0x1B, 0xC1, 0x0F, 0x34, 0x03, 0x72, 0xF6, 0x4F, 0xEA, 
0x97, 0xDF, 0xFE, 0xD6, 0x14, 0xD1, 0x3C, 0xCE, 0xA5, 0xCE, 0x48, 0xD2, 0xE9, 0xD8, 0x19, 0xE2, 
0x3D, 0xED, 0x9C, 0xF9, 0x64, 0x06, 0xC3, 0x12, 0xE7, 0x1D, 0x17, 0x27, 0xB8, 0x2D, 0x5B, 0x31, 
0xC4, 0x31, 0xEC, 0x2E, 0x02, 0x29, 0x69, 0x20, 0xB1, 0x15, 0x8E, 0x09, 0xCC, 0xFC, 0x3F, 0xF0, 
0xBA, 0xE4, 0xFD, 0xDA, 0xAC, 0xD3, 0x41, 0xCF, 0x07, 0xCE, 0x12, 0xD0, 0x3F, 0xD5, 0x38, 0xDD, 
0x77, 0xE7, 0x52, 0xF3, 0x00, 0x00, 0xAE, 0x0C, 0x89, 0x18, 0xC8, 0x22, 0xC1, 0x2A, 0xEE, 0x2F, 
0xF9, 0x31, 0xBF, 0x30, 0x54, 0x2C, 0x03, 0x25, 0x46, 0x1B, 0xC1, 0x0F, 0x34, 0x03, 0x72, 0xF6, 
0x4F, 0xEA, 0x97, 0xDF, 0xFE, 0xD6, 0x14, 0xD1, 0x3C, 0xCE, 0xA5, 0xCE, 0x48, 0xD2, 0xE9, 0xD8, 
0x19, 0xE2, 0x3D, 0xED, 0x9C, 0xF9, 0x64, 0x06, 0xAD, 0x12, 0xA1, 0x1D, 0x8E, 0x26, 0xE2, 0x2C, 
0x3B, 0x30, 0x67, 0x30, 0x6C, 0x2D, 0x82, 0x27, 0x14, 0x1F, 0xB4, 0x14, 0x13, 0x09, 0xF9, 0xFC, 
0x2F, 0xF1, 0x78, 0xE6, 0x86, 0xDD, 0xE9, 0xD6, 0x0A, 0xD3, 0x23, 0xD2, 0x3A, 0xD4, 0x26, 0xD9, 
0x8E, 0xE0, 0xEE, 0xE9, 0xA7, 0xF4, 0x00, 0x00, 0x3C, 0x0B, 0x9F, 0x15, 0x7E, 0x1E, 0x4A, 0x25, 
0x96, 0x29, 0x20, 0x2B, 0xD8, 0x29, 0xDA, 0x25, 0x6F, 0x1F, 0x0A, 0x17, 0x3C, 0x0D, 0xAD, 0x02, 
0x0F, 0xF8, 0x12, 0xEE, 0x5D, 0xE5, 0x7C, 0xDE, 0xDD, 0xD9, 0xC7, 0xD7, 0x56, 0xD8, 0x78, 0xDB, 
0xF1, 0xE0, 0x61, 0xE8, 0x44, 0xF1, 0x02, 0xFB, 0xF6, 0x04, 0x7A, 0x0E, 0xF0, 0x16, 0xCF, 0x1D, 
0xA7, 0x22, 0x30, 0x25, 0x45, 0x25, 0xEC, 0x22, 0x55, 0x1E, 0xD3, 0x17, 0xD9, 0x0F, 0xF0, 0x06, 
0xB1, 0xFD, 0xB5, 0xF4, 0x92, 0xEC, 0xCE, 0xE5, 0xD4, 0xE0, 0xF2, 0xDD, 0x51, 0xDD, 0xF4, 0xDE, 
0xB7, 0xE2, 0x56, 0xE8, 0x6C, 0xEF, 0x7D, 0xF7, 0x00, 0x00, 0x65, 0x08, 0x22, 0x10, 0xB6, 0x16, 
0xB9, 0x1B, 0xDC, 0x1E, 0xF2, 0x1F, 0xF0, 0x1E, 0xEF, 0x1B, 0x27, 0x17, 0xF0, 0x10, 0xB6, 0x09, 
0xF5, 0x01, 0x33, 0xFA, 0xED, 0xF2, 0x9D, 0xEC, 0xA9, 0xE7, 0x5D, 0xE4, 0xEA, 0xE2, 0x61, 0xE3, 
0xB2, 0xE5, 0xB0, 0xE9, 0x12, 0xEF, 0x77, 0xF5, 0x71, 0xFC, 0x88, 0x03, 0x48, 0x0A, 0x40, 0x10, 
0x10, 0x15, 0x6D, 0x18, 0x25, 0x1A, 0x22, 0x1A, 0x6D, 0x18, 0x28, 0x15, 0x93, 0x10, 0xFE, 0x0A, 
0xCD, 0x04, 0x68, 0xFE, 0x3B, 0xF8, 0xAD, 0xF2, 0x16, 0xEE, 0xBF, 0xEA, 0xDA, 0xE8, 0x80, 0xE8, 
0xAD, 0xE9, 0x48, 0xEC, 0x1E, 0xF0, 0xE9, 0xF4, 0x54, 0xFA, 0x00, 0x00, 0x8F, 0x05, 0xA4, 0x0A, 
0xEE, 0x0E, 0x28, 0x12, 0x22, 0x14, 0xC3, 0x14, 0x08, 0x14, 0x03, 0x12, 0xDF, 0x0E, 0xD6, 0x0A, 
0x2F, 0x06, 0x3E, 0x01, 0x56, 0xFC, 0xC8, 0xF7, 0xDE, 0xF3, 0xD6, 0xF0, 0xDC, 0xEE, 0x0C, 0xEE, 
0x6C, 0xEE, 0xED, 0xEF, 0x70, 0xF2, 0xC3, 0xF5, 0xA9, 0xF9, 0xDF, 0xFD, 0x1A, 0x02, 0x15, 0x06, 
0x8F, 0x09, 0x51, 0x0C, 0x32, 0x0E, 0x19, 0x0F, 0xFF, 0x0E, 0xED, 0x0D, 0xFB, 0x0B, 0x52, 0x09, 
0x24, 0x06, 0xA9, 0x02, 0x20, 0xFF, 0xC2, 0xFB, 0xC7, 0xF8, 0x5E, 0xF6, 0xAB, 0xF4, 0xC2, 0xF3, 
0xAE, 0xF3, 0x67, 0xF4, 0xD9, 0xF5, 0xE7, 0xF7, 0x66, 0xFA, 0x2A, 0xFD, 0x00, 0x00, 0xB8, 0x02, 
0x27, 0x05, 0x25, 0x07, 0x97, 0x08, 0x69, 0x09, 0x95, 0x09, 0x20, 0x09, 0x18, 0x08, 0x97, 0x06, 
0xBB, 0x04, 0xA9, 0x02, 0x86, 0x00, 0x79, 0xFE, 0xA2, 0xFC, 0x1E, 0xFB, 0x03, 0xFA, 0x5C, 0xF9, 
0x2F, 0xF9, 0x77, 0xF9, 0x28, 0xFA, 0x2F, 0xFB, 0x74, 0xFC, 0xDC, 0xFD, 0x4D, 0xFF, 0xAB, 0x00, 
0xE2, 0x01, 0xDE, 0x02, 0x91, 0x03, 0xF7, 0x03, 0x0E, 0x04, 0xDD, 0x03, 0x6D, 0x03, 0xCF, 0x02, 
0x12, 0x02, 0x49, 0x01, 0x86, 0x00, 0xD7, 0xFF, 0x48, 0xFF, 0xE2, 0xFE, 0xA6, 0xFE, 0x96, 0xFE, 
0xAB, 0xFE, 0xDC, 0xFE, 0x20, 0xFF, 0x6B, 0xFF, 0xAF, 0xFF, 0xE4, 0xFF, 0x00, 0x00, 0x00, 0x00, 
0x00, 0x00, 0x00, 0x00, 0x00, 0x00, 0x00, 0x00, 0x00, 0x00, 0x00, 0x00, 0x00, 0x00, 0x00, 0x00, 
0x00, 0x00, 0x00, 0x00, 0x00, 0x00, 0x00, 0x00, 0x00, 0x00, 0x00, 0x00, 0x00, 0x00, 0x00, 0x00, 
0x00, 0x00, 0x00, 0x00, 0x00, 0x00, 0x00, 0x00, 0x00, 0x00, 0x00, 0x00, 0x00, 0x00, 0x00, 0x00, 
0x00, 0x00, 0x00, 0x00, 0x00, 0x00, 0x00, 0x00, 0x00, 0x00, 0x00, 0x00, 0x00, 0x00, 0x00, 0x00, 
0x00, 0x00, 0x00, 0x00, 0x00, 0x00, 0x00, 0x00, 0x00, 0x00, 0x00, 0x00, 0x00, 0x00, 0x00, 0x00, 
0x00, 0x00, 0x00, 0x00, 0x00, 0x00, 0x00, 0x00, 0x00, 0x00, 0x00, 0x00, 0x00, 0x00, 0x00, 0x00, 
0x00, 0x00, 0x00, 0x00, 0x00, 0x00, 0x00, 0x00, 0x00, 0x00, 0x00, 0x00, 0x00, 0x00, 0x00, 0x00, 
0x00, 0x00, 0x00, 0x00, 0x00, 0x00, 0x00, 0x00, 0x00, 0x00, 0x00, 0x00, 0x00, 0x00, 0x00, 0x00, 
0x00, 0x00, 0x00, 0x00, 0x00, 0x00, 0x00, 0x00, 0x00, 0x00, 0x00, 0x00, 0x00, 0x00, 0x00, 0x00, 
0x00, 0x00, 0x00, 0x00, 0x00, 0x00, 0x00, 0x00, 0x00, 0x00, 0x00, 0x00, 0x00, 0x00, 0x00, 0x00, 
0x00, 0x00, 0x00, 0x00, 0x00, 0x00, 0x00, 0x00, 0x00, 0x00, 0x00, 0x00, 0x00, 0x00, 0x00, 0x00, 
0x00, 0x00, 0x00, 0x00, 0x00, 0x00, 0x00, 0x00, 0x00, 0x00, 0x00, 0x00, 0x00, 0x00, 0x00, 0x00, 
0x00, 0x00, 0x00, 0x00, 0x00, 0x00, 0x00, 0x00, 0x00, 0x00, 0x00, 0x00, 0x00, 0x00, 0x00, 0x00, 
0x00, 0x00, 0x00, 0x00, 0x00, 0x00, 0x00, 0x00, 0x00, 0x00, 0x00, 0x00, 0x00, 0x00, 0x00, 0x00, 
0x00, 0x00, 0x00, 0x00, 0x00, 0x00, 0x00, 0x00, 0x00, 0x00, 0x00, 0x00, 0x00, 0x00, 0x00, 0x00, 
0x00, 0x00, 0x00, 0x00, 0x00, 0x00, 0x00, 0x00, 0x00, 0x00, 0x00, 0x00, 0x00, 0x00, 0x00, 0x00, 
0x00, 0x00, 0x00, 0x00, 0x00, 0x00, 0x00, 0x00, 0x00, 0x00, 0x00, 0x00, 0x00, 0x00, 0x00, 0x00, 
0x00, 0x00, 0x00, 0x00, 0x00, 0x00, 0x00, 0x00, 0x00, 0x00, 0x00, 0x00, 0x00, 0x00, 0x00, 0x00, 
0x00, 0x00, 0x00, 0x00, 0x00, 0x00, 0x00, 0x00, 0x00, 0x00, 0x00, 0x00, 0x00, 0x00, 0x00, 0x00, 
0x00, 0x00, 0x00, 0x00, 0x00, 0x00, 0x00, 0x00, 0x00, 0x00, 0x00, 0x00, 0x00, 0x00, 0x00, 0x00, 
0x00, 0x00, 0x00, 0x00, 0x00, 0x00, 0x00, 0x00, 0x00, 0x00, 0x00, 0x00, 0x00, 0x00, 0x00, 0x00, 
0x00, 0x00, 0x00, 0x00, 0x00, 0x00, 0x00, 0x00, 0x00, 0x00, 0x00, 0x00, 0x00, 0x00, 0x00, 0x00, 
0x00, 0x00, 0x00, 0x00, 0x00, 0x00, 0x00, 0x00, 0x00, 0x00, 0x00, 0x00, 0x00, 0x00, 0x00, 0x00, 
0x00, 0x00, 0x00, 0x00, 0x00, 0x00, 0x00, 0x00, 0x00, 0x00, 0x00, 0x00, 0x00, 0x00, 0x00, 0x00, 
0x00, 0x00, 0x00, 0x00, 0x00, 0x00, 0x00, 0x00, 0x00, 0x00, 0x00, 0x00, 0x00, 0x00, 0x00, 0x00, 
0x00, 0x00, 0x00, 0x00, 0x00, 0x00, 0x00, 0x00, 0x00, 0x00, 0x00, 0x00, 0x00, 0x00, 0x00, 0x00, 
0x00, 0x00, 0x00, 0x00, 0x00, 0x00, 0x00, 0x00, 0x00, 0x00, 0x00, 0x00, 0x00, 0x00, 0x00, 0x00, 
0x00, 0x00, 0x00, 0x00, 0x00, 0x00, 0x00, 0x00, 0x00, 0x00, 0x00, 0x00, 0x00, 0x00, 0x00, 0x00, 
0x00, 0x00, 0x00, 0x00, 0x00, 0x00, 0x00, 0x00, 0x00, 0x00, 0x00, 0x00, 0x00, 0x00, 0x00, 0x00, 
0x00, 0x00, 0x00, 0x00, 0x00, 0x00, 0x00, 0x00, 0x00, 0x00, 0x00, 0x00, 0x00, 0x00, 0x00, 0x00, 
0x00, 0x00, 0x00, 0x00, 0x00, 0x00, 0x00, 0x00, 0x00, 0x00, 0x00, 0x00, 0x00, 0x00, 0x00, 0x00, 
0x00, 0x00, 0x00, 0x00, 0x00, 0x00, 0x00, 0x00, 0x00, 0x00, 0x00, 0x00, 0x00, 0x00, 0x00, 0x00, 
0x00, 0x00, 0x00, 0x00, 0x00, 0x00, 0x00, 0x00, 0x00, 0x00, 0x00, 0x00, 0x00, 0x00, 0x00, 0x00, 
0x00, 0x00, 0x00, 0x00, 0x00, 0x00, 0x00, 0x00, 0x00, 0x00, 0x00, 0x00, 0x00, 0x00, 0x00, 0x00, 
0x00, 0x00, 0x00, 0x00, 0x00, 0x00, 0x00, 0x00, 0x00, 0x00, 0x00, 0x00, 0x00, 0x00, 0x00, 0x00, 
0x00, 0x00, 0x00, 0x00, 0x00, 0x00, 0x00, 0x00, 0x00, 0x00, 0x00, 0x00, 0x00, 0x00, 0x00, 0x00, 
0x00, 0x00, 0x00, 0x00, 0x00, 0x00, 0x00, 0x00, 0x00, 0x00, 0x00, 0x00, 0x00, 0x00, 0x00, 0x00, 
0x00, 0x00, 0x00, 0x00, 0x00, 0x00, 0x00, 0x00, 0x00, 0x00, 0x00, 0x00, 0x00, 0x00, 0x00, 0x00, 
0x00, 0x00, 0x00, 0x00, 0x00, 0x00, 0x00, 0x00, 0x00, 0x00, 0x00, 0x00, 0x00, 0x00, 0x00, 0x00, 
0x00, 0x00, 0x00, 0x00, 0x00, 0x00, 0x00, 0x00, 0x00, 0x00, 0x00, 0x00, 0x00, 0x00, 0x00, 0x00, 
0x00, 0x00, 0x00, 0x00, 0x00, 0x00, 0x00, 0x00, 0x00, 0x00, 0x00, 0x00, 0x00, 0x00, 0x00, 0x00, 
0x00, 0x00, 0x00, 0x00, 0x00, 0x00, 0x00, 0x00, 0x00, 0x00, 0x00, 0x00, 0x00, 0x00, 0x00, 0x00, 
0x00, 0x00, 0x00, 0x00, 0x00, 0x00, 0x00, 0x00, 0x00, 0x00, 0x00, 0x00, 0x00, 0x00, 0x00, 0x00, 
0x00, 0x00, 0x00, 0x00, 0x00, 0x00, 0x00, 0x00, 0x00, 0x00, 0x00, 0x00, 0x00, 0x00, 0x00, 0x00, 
0x00, 0x00, 0x00, 0x00, 0x00, 0x00, 0x00, 0x00, 0x00, 0x00, 0x00, 0x00, 0x00, 0x00, 0x00, 0x00, 
0x00, 0x00, 0x00, 0x00, 0x00, 0x00, 0x00, 0x00, 0x00, 0x00, 0x00, 0x00, 0x00, 0x00, 0x00, 0x00, 
0x00, 0x00, 0x00, 0x00, 0x00, 0x00, 0x00, 0x00, 0x00, 0x00, 0x00, 0x00, 0x00, 0x00, 0x00, 0x00, 
0x00, 0x00, 0x00, 0x00, 0x00, 0x00, 0x00, 0x00, 0x00, 0x00, 0x00, 0x00, 0x00, 0x00, 0x00, 0x00, 
0x00, 0x00, 0x00, 0x00, 0x00, 0x00, 0x00, 0x00, 0x00, 0x00, 0x00, 0x00, 0x00, 0x00, 0x00, 0x00, 
0x00, 0x00, 0x00, 0x00, 0x00, 0x00, 0x00, 0x00, 0x00, 0x00, 0x00, 0x00, 0x00, 0x00, 0x00, 0x00, 
0x00, 0x00, 0x00, 0x00, 0x00, 0x00, 0x00, 0x00, 0x00, 0x00, 0x00, 0x00, 0x00, 0x00, 0x00, 0x00, 
0x00, 0x00, 0x00, 0x00, 0x00, 0x00, 0x00, 0x00, 0x00, 0x00, 0x00, 0x00, 0x00, 0x00, 0x00, 0x00, 
0x00, 0x00, 0x00, 0x00, 0x00, 0x00, 0x00, 0x00, 0x00, 0x00, 0x00, 0x00, 0x00, 0x00, 0x00, 0x00, 
0x00, 0x00, 0x00, 0x00, 0x00, 0x00, 0x00, 0x00, 0x00, 0x00, 0x00, 0x00, 0x00, 0x00, 0x00, 0x00, 
0x00, 0x00, 0x00, 0x00, 0x00, 0x00, 0x00, 0x00, 0x00, 0x00, 0x00, 0x00, 0x00, 0x00, 0x00, 0x00, 
0x00, 0x00, 0x00, 0x00, 0x00, 0x00, 0x00, 0x00, 0x00, 0x00, 0x00, 0x00, 0x00, 0x00, 0x00, 0x00, 
0x00, 0x00, 0x00, 0x00, 0x00, 0x00, 0x00, 0x00, 0x00, 0x00, 0x00, 0x00, 0x00, 0x00, 0x00, 0x00, 
0x00, 0x00, 0x00, 0x00, 0x00, 0x00, 0x00, 0x00, 0x00, 0x00, 0x00, 0x00, 0x00, 0x00, 0x00, 0x00, 
0x00, 0x00, 0x00, 0x00, 0x00, 0x00, 0x00, 0x00, 0x00, 0x00, 0x00, 0x00, 0x00, 0x00, 0x00, 0x00, 
0x00, 0x00, 0x00, 0x00, 0x00, 0x00, 0x00, 0x00, 0x00, 0x00, 0x00, 0x00, 0x00, 0x00, 0x00, 0x00, 
0x00, 0x00, 0x00, 0x00, 0x00, 0x00, 0x00, 0x00, 0x00, 0x00, 0x00, 0x00, 0x00, 0x00, 0x00, 0x00, 
0x00, 0x00, 0x00, 0x00, 0x00, 0x00, 0x00, 0x00, 0x00, 0x00, 0x00, 0x00, 0x00, 0x00, 0x00, 0x00, 
0x00, 0x00, 0x00, 0x00, 0x00, 0x00, 0x00, 0x00, 0x00, 0x00, 0x00, 0x00, 0x00, 0x00, 0x00, 0x00, 
0x00, 0x00, 0x00, 0x00, 0x00, 0x00, 0x00, 0x00, 0x00, 0x00, 0x00, 0x00, 0x00, 0x00, 0x00, 0x00, 
0x00, 0x00, 0x00, 0x00, 0x00, 0x00, 0x00, 0x00, 0x00, 0x00, 0x00, 0x00, 0x00, 0x00, 0x00, 0x00, 
0x00, 0x00, 0x00, 0x00, 0x00, 0x00, 0x00, 0x00, 0x00, 0x00, 0x00, 0x00, 0x00, 0x00, 0x00, 0x00, 
0x00, 0x00, 0x00, 0x00, 0x00, 0x00, 0x00, 0x00, 0x00, 0x00, 0x00, 0x00, 0x00, 0x00, 0x00, 0x00, 
0x00, 0x00, 0x00, 0x00, 0x00, 0x00, 0x00, 0x00, 0x00, 0x00, 0x00, 0x00, 0x00, 0x00, 0x00, 0x00, 
0x00, 0x00, 0x00, 0x00, 0x00, 0x00, 0x00, 0x00, 0x00, 0x00, 0x00, 0x00, 0x00, 0x00, 0x00, 0x00, 
0x00, 0x00, 0x00, 0x00, 0x00, 0x00, 0x00, 0x00, 0x00, 0x00, 0x00, 0x00, 0x00, 0x00, 0x00, 0x00, 
0x00, 0x00, 0x00, 0x00, 0x00, 0x00, 0x00, 0x00, 0x00, 0x00, 0x00, 0x00, 0x00, 0x00, 0x00, 0x00, 
0x00, 0x00, 0x00, 0x00, 0x00, 0x00, 0x00, 0x00, 0x00, 0x00, 0x00, 0x00, 0x00, 0x00, 0x00, 0x00, 
0x00, 0x00, 0x00, 0x00, 0x00, 0x00, 0x00, 0x00, 0x00, 0x00, 0x00, 0x00, 0x00, 0x00, 0x00, 0x00, 
0x00, 0x00, 0x00, 0x00, 0x00, 0x00, 0x00, 0x00, 0x00, 0x00, 0x00, 0x00, 0x00, 0x00, 0x00, 0x00, 
0x00, 0x00, 0x00, 0x00, 0x00, 0x00, 0x00, 0x00, 0x00, 0x00, 0x00, 0x00, 0x00, 0x00, 0x00, 0x00, 
0x00, 0x00, 0x00, 0x00, 0x00, 0x00, 0x00, 0x00, 0x00, 0x00, 0x00, 0x00, 0x00, 0x00, 0x00, 0x00, 
0x00, 0x00, 0x00, 0x00, 0x00, 0x00, 0x00, 0x00, 0x00, 0x00, 0x00, 0x00, 0x00, 0x00, 0x00, 0x00, 
0x00, 0x00, 0x00, 0x00, 0x00, 0x00, 0x00, 0x00, 0x00, 0x00, 0x00, 0x00, 0x00, 0x00, 0x00, 0x00, 
0x00, 0x00, 0x00, 0x00, 0x00, 0x00, 0x00, 0x00, 0x00, 0x00, 0x00, 0x00, 0x00, 0x00, 0x00, 0x00, 
0x00, 0x00, 0x00, 0x00, 0x00, 0x00, 0x00, 0x00, 0x00, 0x00, 0x00, 0x00, 0x00, 0x00, 0x00, 0x00, 
0x00, 0x00, 0x00, 0x00, 0x00, 0x00, 0x00, 0x00, 0x00, 0x00, 0x00, 0x00, 0x00, 0x00, 0x00, 0x00, 
0x00, 0x00, 0x00, 0x00, 0x00, 0x00, 0x00, 0x00, 0x00, 0x00, 0x00, 0x00, 0x00, 0x00, 0x00, 0x00, 
0x00, 0x00, 0x00, 0x00, 0x00, 0x00, 0x00, 0x00, 0x00, 0x00, 0x00, 0x00, 0x00, 0x00, 0x00, 0x00, 
0x00, 0x00, 0x00, 0x00, 0x00, 0x00, 0x00, 0x00, 0x00, 0x00, 0x00, 0x00, 0x00, 0x00, 0x00, 0x00, 
0x00, 0x00, 0x00, 0x00, 0x00, 0x00, 0x00, 0x00, 0x00, 0x00, 0x00, 0x00, 0x00, 0x00, 0x00, 0x00, 
0x00, 0x00, 0x00, 0x00, 0x00, 0x00, 0x00, 0x00, 0x00, 0x00, 0x00, 0x00, 0x00, 0x00, 0x00, 0x00, 
0x00, 0x00, 0x00, 0x00, 0x00, 0x00, 0x00, 0x00, 0x00, 0x00, 0x00, 0x00, 0x00, 0x00, 0x00, 0x00, 
0x00, 0x00, 0x00, 0x00, 0x00, 0x00, 0x00, 0x00, 0x00, 0x00, 0x00, 0x00, 0x00, 0x00, 0x00, 0x00, 
0x00, 0x00, 0x00, 0x00, 0x00, 0x00, 0x00, 0x00, 0x00, 0x00, 0x00, 0x00, 0x00, 0x00, 0x00, 0x00, 
0x00, 0x00, 0x00, 0x00, 0x00, 0x00, 0x00, 0x00, 0x00, 0x00, 0x00, 0x00, 0x00, 0x00, 0x00, 0x00, 
0x00, 0x00, 0x00, 0x00, 0x00, 0x00, 0x00, 0x00, 0x00, 0x00, 0x00, 0x00, 0x00, 0x00, 0x00, 0x00, 
0x00, 0x00, 0x00, 0x00, 0x00, 0x00, 0x00, 0x00, 0x00, 0x00, 0x00, 0x00, 0x00, 0x00, 0x00, 0x00, 
0x00, 0x00, 0x00, 0x00, 0x00, 0x00, 0x00, 0x00, 0x00, 0x00, 0x00, 0x00, 0x00, 0x00, 0x00, 0x00, 
0x00, 0x00, 0x00, 0x00, 0x00, 0x00, 0x00, 0x00, 0x00, 0x00, 0x00, 0x00, 0x00, 0x00, 0x00, 0x00, 
0x00, 0x00, 0x00, 0x00, 0x00, 0x00, 0x00, 0x00, 0x00, 0x00, 0x00, 0x00, 0x00, 0x00, 0x00, 0x00, 
0x00, 0x00, 0x00, 0x00, 0x00, 0x00, 0x00, 0x00, 0x00, 0x00, 0x00, 0x00, 0x00, 0x00, 0x00, 0x00, 
0x00, 0x00, 0x00, 0x00, 0x00, 0x00, 0x00, 0x00, 0x00, 0x00, 0x00, 0x00, 0x00, 0x00, 0x00, 0x00, 
0x00, 0x00, 0x00, 0x00, 0x00, 0x00, 0x00, 0x00, 0x00, 0x00, 0x00, 0x00, 0x00, 0x00, 0x00, 0x00, 
0x00, 0x00, 0x00, 0x00, 0x00, 0x00, 0x00, 0x00, 0x00, 0x00, 0x00, 0x00, 0x00, 0x00, 0x00, 0x00, 
0x00, 0x00, 0x00, 0x00, 0x00, 0x00, 0x00, 0x00, 0x00, 0x00, 0x00, 0x00, 0x00, 0x00, 0x00, 0x00, 
0x00, 0x00, 0x00, 0x00, 0x00, 0x00, 0x00, 0x00, 0x00, 0x00, 0x00, 0x00, 0x00, 0x00, 0x00, 0x00, 
0x00, 0x00, 0x00, 0x00, 0x00, 0x00, 0x00, 0x00, 0x00, 0x00, 0x00, 0x00, 0x00, 0x00, 0x00, 0x00, 
0x00, 0x00, 0x00, 0x00, 0x00, 0x00, 0x00, 0x00, 0x00, 0x00, 0x00, 0x00, 0x00, 0x00, 0x00, 0x00, 
0x00, 0x00, 0x00, 0x00, 0x00, 0x00, 0x00, 0x00, 0x00, 0x00, 0x00, 0x00, 0x00, 0x00, 0x00, 0x00, 
0x00, 0x00, 0x00, 0x00, 0x00, 0x00, 0x00, 0x00, 0x00, 0x00, 0x00, 0x00, 0x00, 0x00, 0x00, 0x00, 
0x00, 0x00, 0x00, 0x00, 0x00, 0x00, 0x00, 0x00, 0x00, 0x00, 0x00, 0x00, 0x00, 0x00, 0x00, 0x00, 
0x00, 0x00, 0x00, 0x00, 0x00, 0x00, 0x00, 0x00, 0x00, 0x00, 0x00, 0x00, 0x00, 0x00, 0x00, 0x00, 
0x00, 0x00, 0x00, 0x00, 0x00, 0x00, 0x00, 0x00, 0x00, 0x00, 0x00, 0x00, 0x00, 0x00, 0x00, 0x00, 
0x00, 0x00, 0x00, 0x00, 0x00, 0x00, 0x00, 0x00, 0x00, 0x00, 0x00, 0x00, 0x00, 0x00, 0x00, 0x00, 
0x00, 0x00, 0x00, 0x00, 0x00, 0x00, 0x00, 0x00, 0x00, 0x00, 0x00, 0x00, 0x00, 0x00, 0x00, 0x00, 
0x00, 0x00, 0x00, 0x00, 0x00, 0x00, 0x00, 0x00, 0x00, 0x00, 0x00, 0x00, 0x00, 0x00, 0x00, 0x00, 
0x00, 0x00, 0x00, 0x00, 0x00, 0x00, 0x00, 0x00, 0x00, 0x00, 0x00, 0x00, 0x00, 0x00, 0x00, 0x00, 
0x00, 0x00, 0x00, 0x00, 0x00, 0x00, 0x00, 0x00, 0x00, 0x00, 0x00, 0x00, 0x00, 0x00, 0x00, 0x00, 
0x00, 0x00, 0x00, 0x00, 0x00, 0x00, 0x00, 0x00, 0x00, 0x00, 0x00, 0x00, 0x00, 0x00, 0x00, 0x00, 
0x00, 0x00, 0x00, 0x00, 0x00, 0x00, 0x00, 0x00, 0x00, 0x00, 0x00, 0x00, 0x00, 0x00, 0x00, 0x00, 
0x00, 0x00, 0x00, 0x00, 0x00, 0x00, 0x00, 0x00, 0x00, 0x00, 0x00, 0x00, 0x00, 0x00, 0x00, 0x00, 
0x00, 0x00, 0x00, 0x00, 0x00, 0x00, 0x00, 0x00, 0x00, 0x00, 0x00, 0x00, 0x00, 0x00, 0x00, 0x00, 
0x00, 0x00, 0x00, 0x00, 0x00, 0x00, 0x00, 0x00, 0x00, 0x00, 0x00, 0x00, 0x00, 0x00, 0x00, 0x00, 
0x00, 0x00, 0x00, 0x00, 0x00, 0x00, 0x00, 0x00, 0x00, 0x00, 0x00, 0x00, 0x00, 0x00, 0x00, 0x00, 
0x00, 0x00, 0x00, 0x00, 0x00, 0x00, 0x00, 0x00, 0x00, 0x00, 0x00, 0x00, 0x00, 0x00, 0x00, 0x00, 
0x00, 0x00, 0x00, 0x00, 0x00, 0x00, 0x00, 0x00, 0x00, 0x00, 0x00, 0x00, 0x00, 0x00, 0x00, 0x00, 
0x00, 0x00, 0x00, 0x00, 0x00, 0x00, 0x00, 0x00, 0x00, 0x00, 0x00, 0x00, 0x00, 0x00, 0x00, 0x00, 
0x00, 0x00, 0x00, 0x00, 0x00, 0x00, 0x00, 0x00, 0x00, 0x00, 0x00, 0x00, 0x00, 0x00, 0x00, 0x00, 
0x00, 0x00, 0x00, 0x00, 0x00, 0x00, 0x00, 0x00, 0x00, 0x00, 0x00, 0x00, 0x00, 0x00, 0x00, 0x00, 
0x00, 0x00, 0x00, 0x00, 0x00, 0x00, 0x00, 0x00, 0x00, 0x00, 0x00, 0x00, 0x00, 0x00, 0x00, 0x00, 
0x00, 0x00, 0x00, 0x00, 0x00, 0x00, 0x00, 0x00, 0x00, 0x00, 0x00, 0x00, 0x00, 0x00, 0x00, 0x00, 
0x00, 0x00, 0x00, 0x00, 0x00, 0x00, 0x00, 0x00, 0x00, 0x00, 0x00, 0x00, 0x00, 0x00, 0x00, 0x00, 
0x00, 0x00, 0x00, 0x00, 0x00, 0x00, 0x00, 0x00, 0x00, 0x00, 0x00, 0x00, 0x00, 0x00, 0x00, 0x00, 
0x00, 0x00, 0x00, 0x00, 0x00, 0x00, 0x00, 0x00, 0x00, 0x00, 0x00, 0x00, 0x00, 0x00, 0x00, 0x00, 
0x00, 0x00, 0x00, 0x00, 0x00, 0x00, 0x00, 0x00, 0x00, 0x00, 0x00, 0x00, 0x00, 0x00, 0x00, 0x00, 
0x00, 0x00, 0x00, 0x00, 0x00, 0x00, 0x00, 0x00, 0x00, 0x00, 0x00, 0x00, 0x00, 0x00, 0x00, 0x00, 
0x00, 0x00, 0x00, 0x00, 0x00, 0x00, 0x00, 0x00, 0x00, 0x00, 0x00, 0x00, 0x00, 0x00, 0x00, 0x00, 
0x00, 0x00, 0x00, 0x00, 0x00, 0x00, 0x00, 0x00, 0x00, 0x00, 0x00, 0x00, 0x00, 0x00, 0x00, 0x00, 
0x00, 0x00, 0x00, 0x00, 0x00, 0x00, 0x00, 0x00, 0x00, 0x00, 0x00, 0x00, 0x00, 0x00, 0x00, 0x00, 
0x00, 0x00, 0x00, 0x00, 0x00, 0x00, 0x00, 0x00, 0x00, 0x00, 0x00, 0x00, 0x00, 0x00, 0x00, 0x00, 
0x00, 0x00, 0x00, 0x00, 0x00, 0x00, 0x00, 0x00, 0x00, 0x00, 0x00, 0x00, 0x00, 0x00, 0x00, 0x00, 
0x00, 0x00, 0x00, 0x00, 0x00, 0x00, 0x00, 0x00, 0x00, 0x00, 0x00, 0x00, 0x00, 0x00, 0x00, 0x00, 
0x00, 0x00, 0x00, 0x00, 0x00, 0x00, 0x00, 0x00, 0x00, 0x00, 0x00, 0x00, 0x00, 0x00, 0x00, 0x00, 
0x00, 0x00, 0x00, 0x00, 0x00, 0x00, 0x00, 0x00, 0x00, 0x00, 0x00, 0x00, 0x00, 0x00, 0x00, 0x00, 
0x00, 0x00, 0x00, 0x00, 0x00, 0x00, 0x00, 0x00, 0x00, 0x00, 0x00, 0x00, 0x00, 0x00, 0x00, 0x00, 
0x00, 0x00, 0x00, 0x00, 0x00, 0x00, 0x00, 0x00, 0x00, 0x00, 0x00, 0x00, 0x00, 0x00, 0x00, 0x00, 
0x00, 0x00, 0x00, 0x00, 0x00, 0x00, 0x00, 0x00, 0x00, 0x00, 0x00, 0x00, 0x00, 0x00, 0x00, 0x00, 
0x00, 0x00, 0x00, 0x00, 0x00, 0x00, 0x00, 0x00, 0x00, 0x00, 0x00, 0x00, 0x00, 0x00, 0x00, 0x00, 
0x00, 0x00, 0x00, 0x00, 0x00, 0x00, 0x00, 0x00, 0x00, 0x00, 0x00, 0x00, 0x00, 0x00, 0x00, 0x00, 
0x00, 0x00, 0x00, 0x00, 0x00, 0x00, 0x00, 0x00, 0x00, 0x00, 0x00, 0x00, 0x00, 0x00, 0x00, 0x00, 
0x00, 0x00, 0x00, 0x00, 0x00, 0x00, 0x00, 0x00, 0x00, 0x00, 0x00, 0x00, 0x00, 0x00, 0x00, 0x00, 
0x00, 0x00, 0x00, 0x00, 0x00, 0x00, 0x00, 0x00, 0x00, 0x00, 0x00, 0x00, 0x00, 0x00, 0x00, 0x00, 
0x00, 0x00, 0x00, 0x00, 0x00, 0x00, 0x00, 0x00, 0x00, 0x00, 0x00, 0x00, 0x00, 0x00, 0x00, 0x00, 
0x00, 0x00, 0x00, 0x00, 0x00, 0x00, 0x00, 0x00, 0x00, 0x00, 0x00, 0x00, 0x00, 0x00, 0x00, 0x00, 
0x00, 0x00, 0x00, 0x00, 0x00, 0x00, 0x00, 0x00, 0x00, 0x00, 0x00, 0x00, 0x00, 0x00, 0x00, 0x00, 
0x00, 0x00, 0x00, 0x00, 0x00, 0x00, 0x00, 0x00, 0x00, 0x00, 0x00, 0x00, 0x00, 0x00, 0x00, 0x00, 
0x00, 0x00, 0x00, 0x00, 0x00, 0x00, 0x00, 0x00, 0x00, 0x00, 0x00, 0x00, 0x00, 0x00, 0x00, 0x00, 
0x00, 0x00, 0x00, 0x00, 0x00, 0x00, 0x00, 0x00, 0x00, 0x00, 0x00, 0x00, 0x00, 0x00, 0x00, 0x00, 
0x00, 0x00, 0x00, 0x00, 0x00, 0x00, 0x00, 0x00, 0x00, 0x00, 0x00, 0x00, 0x00, 0x00, 0x00, 0x00, 
0x00, 0x00, 0x00, 0x00, 0x00, 0x00, 0x00, 0x00, 0x00, 0x00, 0x00, 0x00, 0x00, 0x00, 0x00, 0x00, 
0x00, 0x00, 0x00, 0x00, 0x00, 0x00, 0x00, 0x00, 0x00, 0x00, 0x00, 0x00, 0x00, 0x00, 0x00, 0x00, 
0x00, 0x00, 0x00, 0x00, 0x00, 0x00, 0x00, 0x00, 0x00, 0x00, 0x00, 0x00, 0x00, 0x00, 0x00, 0x00, 
0x00, 0x00, 0x00, 0x00, 0x00, 0x00, 0x00, 0x00, 0x00, 0x00, 0x00, 0x00, 0x00, 0x00, 0x00, 0x00, 
0x00, 0x00, 0x00, 0x00, 0x00, 0x00, 0x00, 0x00, 0x00, 0x00, 0x00, 0x00, 0x00, 0x00, 0x00, 0x00, 
0x00, 0x00, 0x00, 0x00, 0x00, 0x00, 0x00, 0x00, 0x00, 0x00, 0x00, 0x00, 0x00, 0x00, 0x00, 0x00, 
0x00, 0x00, 0x00, 0x00, 0x00, 0x00, 0x00, 0x00, 0x00, 0x00, 0x00, 0x00, 0x00, 0x00, 0x00, 0x00, 
0x00, 0x00, 0x00, 0x00, 0x00, 0x00, 0x00, 0x00, 0x00, 0x00, 0x00, 0x00, 0x00, 0x00, 0x00, 0x00, 
0x00, 0x00, 0x00, 0x00, 0x00, 0x00, 0x00, 0x00, 0x00, 0x00, 0x00, 0x00, 0x00, 0x00, 0x00, 0x00, 
0x00, 0x00, 0x00, 0x00, 0x00, 0x00, 0x00, 0x00, 0x00, 0x00, 0x00, 0x00, 0x00, 0x00, 0x00, 0x00, 
0x00, 0x00, 0x00, 0x00, 0x00, 0x00, 0x00, 0x00, 0x00, 0x00, 0x00, 0x00, 0x00, 0x00, 0x00, 0x00, 
0x00, 0x00, 0x00, 0x00, 0x00, 0x00, 0x00, 0x00, 0x00, 0x00, 0x00, 0x00, 0x00, 0x00, 0x00, 0x00, 
0x00, 0x00, 0x00, 0x00, 0x00, 0x00, 0x00, 0x00, 0x00, 0x00, 0x00, 0x00, 0x00, 0x00, 0x00, 0x00, 
0x00, 0x00, 0x00, 0x00, 0x00, 0x00, 0x00, 0x00, 0x00, 0x00, 0x00, 0x00, 0x00, 0x00, 0x00, 0x00, 
0x00, 0x00, 0x00, 0x00, 0x00, 0x00, 0x00, 0x00, 0x00, 0x00, 0x00, 0x00, 0x00, 0x00, 0x00, 0x00, 
0x00, 0x00, 0x00, 0x00, 0x00, 0x00, 0x00, 0x00, 0x00, 0x00, 0x00, 0x00, 0x00, 0x00, 0x00, 0x00, 
0x00, 0x00, 0x00, 0x00, 0x00, 0x00, 0x00, 0x00, 0x00, 0x00, 0x00, 0x00, 0x00, 0x00, 0x00, 0x00, 
0x00, 0x00, 0x00, 0x00, 0x00, 0x00, 0x00, 0x00, 0x00, 0x00, 0x00, 0x00, 0x00, 0x00, 0x00, 0x00, 
0x00, 0x00, 0x00, 0x00, 0x00, 0x00, 0x00, 0x00, 0x00, 0x00, 0x00, 0x00, 0x00, 0x00, 0x00, 0x00, 
0x00, 0x00, 0x00, 0x00, 0x00, 0x00, 0x00, 0x00, 0x00, 0x00, 0x00, 0x00, 0x00, 0x00, 0x00, 0x00, 
0x00, 0x00, 0x00, 0x00, 0x00, 0x00, 0x00, 0x00, 0x00, 0x00, 0x00, 0x00, 0x00, 0x00, 0x00, 0x00, 
0x00, 0x00, 0x00, 0x00, 0x00, 0x00, 0x00, 0x00, 0x00, 0x00, 0x00, 0x00, 0x00, 0x00, 0x00, 0x00, 
0x00, 0x00, 0x00, 0x00, 0x00, 0x00, 0x00, 0x00, 0x00, 0x00, 0x00, 0x00, 0x00, 0x00, 0x00, 0x00, 
0x00, 0x00, 0x00, 0x00, 0x00, 0x00, 0x00, 0x00, 0x00, 0x00, 0x00, 0x00, 0x00, 0x00, 0x00, 0x00, 
0x00, 0x00, 0x00, 0x00, 0x00, 0x00, 0x00, 0x00, 0x00, 0x00, 0x00, 0x00, 0x00, 0x00, 0x00, 0x00, 
0x00, 0x00, 0x00, 0x00, 0x00, 0x00, 0x00, 0x00, 0x00, 0x00, 0x00, 0x00, 0x00, 0x00, 0x00, 0x00, 
0x00, 0x00, 0x00, 0x00, 0x00, 0x00, 0x00, 0x00, 0x00, 0x00, 0x00, 0x00, 0x00, 0x00, 0x00, 0x00, 
0x00, 0x00, 0x00, 0x00, 0x00, 0x00, 0x00, 0x00, 0x00, 0x00, 0x00, 0x00, 0x00, 0x00, 0x00, 0x00, 
0x00, 0x00, 0x00, 0x00, 0x00, 0x00, 0x00, 0x00, 0x00, 0x00, 0x00, 0x00, 0x00, 0x00, 0x00, 0x00, 
0x00, 0x00, 0x00, 0x00, 0x00, 0x00, 0x00, 0x00, 0x00, 0x00, 0x00, 0x00, 0x00, 0x00, 0x00, 0x00, 
0x00, 0x00, 0x00, 0x00, 0x00, 0x00, 0x00, 0x00, 0x00, 0x00, 0x00, 0x00, 0x00, 0x00, 0x00, 0x00, 
0x00, 0x00, 0x00, 0x00, 0x00, 0x00, 0x00, 0x00, 0x00, 0x00, 0x00, 0x00, 0x00, 0x00, 0x00, 0x00, 
0x00, 0x00, 0x00, 0x00, 0x00, 0x00, 0x00, 0x00, 0x00, 0x00, 0x00, 0x00, 0x00, 0x00, 0x00, 0x00, 
0x00, 0x00, 0x00, 0x00, 0x00, 0x00, 0x00, 0x00, 0x00, 0x00, 0x00, 0x00, 0x00, 0x00, 0x00, 0x00, 
0x00, 0x00, 0x00, 0x00, 0x00, 0x00, 0x00, 0x00, 0x00, 0x00, 0x00, 0x00, 0x00, 0x00, 0x00, 0x00, 
0x00, 0x00, 0x00, 0x00, 0x00, 0x00, 0x00, 0x00, 0x00, 0x00, 0x00, 0x00, 0x00, 0x00, 0x00, 0x00, 
0x00, 0x00, 0x00, 0x00, 0x00, 0x00, 0x00, 0x00, 0x00, 0x00, 0x00, 0x00, 0x00, 0x00, 0x00, 0x00, 
0x00, 0x00, 0x00, 0x00, 0x00, 0x00, 0x00, 0x00, 0x00, 0x00, 0x00, 0x00, 0x00, 0x00, 0x00, 0x00, 
0x00, 0x00, 0x00, 0x00, 0x00, 0x00, 0x00, 0x00, 0x00, 0x00, 0x00, 0x00, 0x00, 0x00, 0x00, 0x00, 
0x00, 0x00, 0x00, 0x00, 0x00, 0x00, 0x00, 0x00, 0x00, 0x00, 0x00, 0x00, 0x00, 0x00, 0x00, 0x00, 
0x00, 0x00, 0x00, 0x00, 0x00, 0x00, 0x00, 0x00, 0x00, 0x00, 0x00, 0x00, 0x00, 0x00, 0x00, 0x00, 
0x00, 0x00, 0x00, 0x00, 0x00, 0x00, 0x00, 0x00, 0x00, 0x00, 0x00, 0x00, 0x00, 0x00, 0x00, 0x00, 
0x00, 0x00, 0x00, 0x00, 0x00, 0x00, 0x00, 0x00, 0x00, 0x00, 0x00, 0x00, 0x00, 0x00, 0x00, 0x00, 
0x00, 0x00, 0x00, 0x00, 0x00, 0x00, 0x00, 0x00, 0x00, 0x00, 0x00, 0x00, 0x00, 0x00, 0x00, 0x00, 
0x00, 0x00, 0x00, 0x00, 0x00, 0x00, 0x00, 0x00, 0x00, 0x00, 0x00, 0x00, 0x00, 0x00, 0x00, 0x00, 
0x00, 0x00, 0x00, 0x00, 0x00, 0x00, 0x00, 0x00, 0x00, 0x00, 0x00, 0x00, 0x00, 0x00, 0x00, 0x00, 
0x00, 0x00, 0x00, 0x00, 0x00, 0x00, 0x00, 0x00, 0x00, 0x00, 0x00, 0x00, 0x00, 0x00, 0x00, 0x00, 
0x00, 0x00, 0x00, 0x00, 0x00, 0x00, 0x00, 0x00, 0x00, 0x00, 0x00, 0x00, 0x00, 0x00, 0x00, 0x00, 
0x00, 0x00, 0x00, 0x00, 0x00, 0x00, 0x00, 0x00, 0x00, 0x00, 0x00, 0x00, 0x00, 0x00, 0x00, 0x00, 
0x00, 0x00, 0x00, 0x00, 0x00, 0x00, 0x00, 0x00, 0x00, 0x00, 0x00, 0x00, 0x00, 0x00, 0x00, 0x00, 
0x00, 0x00, 0x00, 0x00, 0x00, 0x00, 0x00, 0x00, 0x00, 0x00, 0x00, 0x00, 0x00, 0x00, 0x00, 0x00, 
0x00, 0x00, 0x00, 0x00, 0x00, 0x00, 0x00, 0x00, 0x00, 0x00, 0x00, 0x00, 0x00, 0x00, 0x00, 0x00, 
0x00, 0x00, 0x00, 0x00, 0x00, 0x00, 0x00, 0x00, 0x00, 0x00, 0x00, 0x00, 0x00, 0x00, 0x00, 0x00, 
0x00, 0x00, 0x00, 0x00, 0x00, 0x00, 0x00, 0x00, 0x00, 0x00, 0x00, 0x00, 0x00, 0x00, 0x00, 0x00, 
0x00, 0x00, 0x00, 0x00, 0x00, 0x00, 0x00, 0x00, 0x00, 0x00, 0x00, 0x00, 0x00, 0x00, 0x00, 0x00, 
0x00, 0x00, 0x00, 0x00, 0x00, 0x00, 0x00, 0x00, 0x00, 0x00, 0x00, 0x00, 0x00, 0x00, 0x00, 0x00, 
0x00, 0x00, 0x00, 0x00, 0x00, 0x00, 0x00, 0x00, 0x00, 0x00, 0x00, 0x00, 0x00, 0x00, 0x00, 0x00, 
0x00, 0x00, 0x00, 0x00, 0x00, 0x00, 0x00, 0x00, 0x00, 0x00, 0x00, 0x00, 0x00, 0x00, 0x00, 0x00, 
0x00, 0x00, 0x00, 0x00, 0x00, 0x00, 0x00, 0x00, 0x00, 0x00, 0x00, 0x00, 0x00, 0x00, 0x00, 0x00, 
0x00, 0x00, 0x00, 0x00, 0x00, 0x00, 0x00, 0x00, 0x00, 0x00, 0x00, 0x00, 0x00, 0x00, 0x00, 0x00, 
0x00, 0x00, 0x00, 0x00, 0x00, 0x00, 0x00, 0x00, 0x00, 0x00, 0x00, 0x00, 0x00, 0x00, 0x00, 0x00, 
0x00, 0x00, 0x00, 0x00, 0x00, 0x00, 0x00, 0x00, 0x00, 0x00, 0x00, 0x00, 0x00, 0x00, 0x00, 0x00, 
0x00, 0x00, 0x00, 0x00, 0x00, 0x00, 0x00, 0x00, 0x00, 0x00, 0x00, 0x00, 0x00, 0x00, 0x00, 0x00, 
0x00, 0x00, 0x00, 0x00, 0x00, 0x00, 0x00, 0x00, 0x00, 0x00, 0x00, 0x00, 0x00, 0x00, 0x00, 0x00, 
0x00, 0x00, 0x00, 0x00, 0x00, 0x00, 0x00, 0x00, 0x00, 0x00, 0x00, 0x00, 0x00, 0x00, 0x00, 0x00, 
0x00, 0x00, 0x00, 0x00, 0x00, 0x00, 0x00, 0x00, 0x00, 0x00, 0x00, 0x00, 0x00, 0x00, 0x00, 0x00, 
0x00, 0x00, 0x00, 0x00, 0x00, 0x00, 0x00, 0x00, 0x00, 0x00, 0x00, 0x00, 0x00, 0x00, 0x00, 0x00, 
0x00, 0x00, 0x00, 0x00, 0x00, 0x00, 0x00, 0x00, 0x00, 0x00, 0x00, 0x00, 0x00, 0x00, 0x00, 0x00, 
0x00, 0x00, 0x00, 0x00, 0x00, 0x00, 0x00, 0x00, 0x00, 0x00, 0x00, 0x00, 0x00, 0x00, 0x00, 0x00, 
0x00, 0x00, 0x00, 0x00, 0x00, 0x00, 0x00, 0x00, 0x00, 0x00, 0x00, 0x00, 0x00, 0x00, 0x00, 0x00, 
0x00, 0x00, 0x00, 0x00, 0x00, 0x00, 0x00, 0x00, 0x00, 0x00, 0x00, 0x00, 0x00, 0x00, 0x00, 0x00, 
0x00, 0x00, 0x00, 0x00, 0x00, 0x00, 0x00, 0x00, 0x00, 0x00, 0x00, 0x00, 0x00, 0x00, 0x00, 0x00, 
0x00, 0x00, 0x00, 0x00, 0x00, 0x00, 0x00, 0x00, 0x00, 0x00, 0x00, 0x00, 0x00, 0x00, 0x00, 0x00, 
0x00, 0x00, 0x00, 0x00, 0x00, 0x00, 0x00, 0x00, 0x00, 0x00, 0x00, 0x00, 0x00, 0x00, 0x00, 0x00, 
0x00, 0x00, 0x00, 0x00, 0x00, 0x00, 0x00, 0x00, 0x00, 0x00, 0x00, 0x00, 0x00, 0x00, 0x00, 0x00, 
0x00, 0x00, 0x00, 0x00, 0x00, 0x00, 0x00, 0x00, 0x00, 0x00, 0x00, 0x00, 0x00, 0x00, 0x00, 0x00, 
0x00, 0x00, 0x00, 0x00, 0x00, 0x00, 0x00, 0x00, 0x00, 0x00, 0x00, 0x00, 0x00, 0x00, 0x00, 0x00, 
0x00, 0x00, 0x00, 0x00, 0x00, 0x00, 0x00, 0x00, 0x00, 0x00, 0x00, 0x00, 0x00, 0x00, 0x00, 0x00, 
0x00, 0x00, 0x00, 0x00, 0x00, 0x00, 0x00, 0x00, 0x00, 0x00, 0x00, 0x00, 0x00, 0x00, 0x00, 0x00, 
0x00, 0x00, 0x00, 0x00, 0x00, 0x00, 0x00, 0x00, 0x00, 0x00, 0x00, 0x00, 0x00, 0x00, 0x00, 0x00, 
0x00, 0x00, 0x00, 0x00, 0x00, 0x00, 0x00, 0x00, 0x00, 0x00, 0x00, 0x00, 0x00, 0x00, 0x00, 0x00, 
0x00, 0x00, 0x00, 0x00, 0x00, 0x00, 0x00, 0x00, 0x00, 0x00, 0x00, 0x00, 0x00, 0x00, 0x00, 0x00, 
0x00, 0x00, 0x00, 0x00, 0x00, 0x00, 0x00, 0x00, 0x00, 0x00, 0x00, 0x00, 0x00, 0x00, 0x00, 0x00, 
0x00, 0x00, 0x00, 0x00, 0x00, 0x00, 0x00, 0x00, 0x00, 0x00, 0x00, 0x00, 0x00, 0x00, 0x00, 0x00, 
0x00, 0x00, 0x00, 0x00, 0x00, 0x00, 0x00, 0x00, 0x00, 0x00, 0x00, 0x00, 0x00, 0x00, 0x00, 0x00, 
0x00, 0x00, 0x00, 0x00, 0x00, 0x00, 0x00, 0x00, 0x00, 0x00, 0x00, 0x00, 0x00, 0x00, 0x00, 0x00, 
0x00, 0x00, 0x00, 0x00, 0x00, 0x00, 0x00, 0x00, 0x00, 0x00, 0x00, 0x00, 0x00, 0x00, 0x00, 0x00, 
0x00, 0x00, 0x00, 0x00, 0x00, 0x00, 0x00, 0x00, 0x00, 0x00, 0x00, 0x00, 0x00, 0x00, 0x00, 0x00, 
0x00, 0x00, 0x00, 0x00, 0x00, 0x00, 0x00, 0x00, 0x00, 0x00, 0x00, 0x00, 0x00, 0x00, 0x00, 0x00, 
0x00, 0x00, 0x00, 0x00, 0x00, 0x00, 0x00, 0x00, 0x00, 0x00, 0x00, 0x00, 0x00, 0x00, 0x00, 0x00, 
0x00, 0x00, 0x00, 0x00, 0x00, 0x00, 0x00, 0x00, 0x00, 0x00, 0x00, 0x00, 0x00, 0x00, 0x00, 0x00, 
0x00, 0x00, 0x00, 0x00, 0x00, 0x00, 0x00, 0x00, 0x00, 0x00, 0x00, 0x00, 0x00, 0x00, 0x00, 0x00, 
0x00, 0x00, 0x00, 0x00, 0x00, 0x00, 0x00, 0x00, 0x00, 0x00, 0x00, 0x00, 0x00, 0x00, 0x00, 0x00, 
0x00, 0x00, 0x00, 0x00, 0x00, 0x00, 0x00, 0x00, 0x00, 0x00, 0x00, 0x00, 0x00, 0x00, 0x00, 0x00, 
0x00, 0x00, 0x00, 0x00, 0x00, 0x00, 0x00, 0x00, 0x00, 0x00, 0x00, 0x00, 0x00, 0x00, 0x00, 0x00, 
0x00, 0x00, 0x00, 0x00, 0x00, 0x00, 0x00, 0x00, 0x00, 0x00, 0x00, 0x00, 0x00, 0x00, 0x00, 0x00, 
0x00, 0x00, 0x00, 0x00, 0x00, 0x00, 0x00, 0x00, 0x00, 0x00, 0x00, 0x00, 0x00, 0x00, 0x00, 0x00, 
0x00, 0x00, 0x00, 0x00, 0x00, 0x00, 0x00, 0x00, 0x00, 0x00, 0x00, 0x00, 0x00, 0x00, 0x00, 0x00, 
0x00, 0x00, 0x00, 0x00, 0x00, 0x00, 0x00, 0x00, 0x00, 0x00, 0x00, 0x00, 0x00, 0x00, 0x00, 0x00, 
0x00, 0x00, 0x00, 0x00, 0x00, 0x00, 0x00, 0x00, 0x00, 0x00, 0x00, 0x00, 0x00, 0x00, 0x00, 0x00, 
0x00, 0x00, 0x00, 0x00, 0x00, 0x00, 0x00, 0x00, 0x00, 0x00, 0x00, 0x00, 0x00, 0x00, 0x00, 0x00, 
0x00, 0x00, 0x00, 0x00, 0x00, 0x00, 0x00, 0x00, 0x00, 0x00, 0x00, 0x00, 0x00, 0x00, 0x00, 0x00, 
0x00, 0x00, 0x00, 0x00, 0x00, 0x00, 0x00, 0x00, 0x00, 0x00, 0x00, 0x00, 0x00, 0x00, 0x00, 0x00, 
0x00, 0x00, 0x00, 0x00, 0x00, 0x00, 0x00, 0x00, 0x00, 0x00, 0x00, 0x00, 0x00, 0x00, 0x00, 0x00, 
0x00, 0x00, 0x00, 0x00, 0x00, 0x00, 0x00, 0x00, 0x00, 0x00, 0x00, 0x00, 0x00, 0x00, 0x00, 0x00, 
0x00, 0x00, 0x00, 0x00, 0x00, 0x00, 0x00, 0x00, 0x00, 0x00, 0x00, 0x00, 0x00, 0x00, 0x00, 0x00, 
0x00, 0x00, 0x00, 0x00, 0x00, 0x00, 0x00, 0x00, 0x00, 0x00, 0x00, 0x00, 0x00, 0x00, 0x00, 0x00, 
0x00, 0x00, 0x00, 0x00, 0x00, 0x00, 0x00, 0x00, 0x00, 0x00, 0x00, 0x00, 0x00, 0x00, 0x00, 0x00, 
0x00, 0x00, 0x00, 0x00, 0x00, 0x00, 0x00, 0x00, 0x00, 0x00, 0x00, 0x00, 0x00, 0x00, 0x00, 0x00, 
0x00, 0x00, 0x00, 0x00, 0x00, 0x00, 0x00, 0x00, 0x00, 0x00, 0x00, 0x00, 0x00, 0x00, 0x00, 0x00, 
0x00, 0x00, 0x00, 0x00, 0x00, 0x00, 0x00, 0x00, 0x00, 0x00, 0x00, 0x00, 0x00, 0x00, 0x00, 0x00, 
0x00, 0x00, 0x00, 0x00, 0x00, 0x00, 0x00, 0x00, 0x00, 0x00, 0x00, 0x00, 0x00, 0x00, 0x00, 0x00, 
0x00, 0x00, 0x00, 0x00, 0x00, 0x00, 0x00, 0x00, 0x00, 0x00, 0x00, 0x00, 0x00, 0x00, 0x00, 0x00, 
0x00, 0x00, 0x00, 0x00, 0x00, 0x00, 0x00, 0x00, 0x00, 0x00, 0x00, 0x00, 0x00, 0x00, 0x00, 0x00, 
0x00, 0x00, 0x00, 0x00, 0x00, 0x00, 0x00, 0x00, 0x00, 0x00, 0x00, 0x00, 0x00, 0x00, 0x00, 0x00, 
0x00, 0x00, 0x00, 0x00, 0x00, 0x00, 0x00, 0x00, 0x00, 0x00, 0x00, 0x00, 0x00, 0x00, 0x00, 0x00, 
0x00, 0x00, 0x00, 0x00, 0x00, 0x00, 0x00, 0x00, 0x00, 0x00, 0x00, 0x00, 0x00, 0x00, 0x00, 0x00, 
0x00, 0x00, 0x00, 0x00, 0x00, 0x00, 0x00, 0x00, 0x00, 0x00, 0x00, 0x00, 0x00, 0x00, 0x00, 0x00, 
0x00, 0x00, 0x00, 0x00, 0x00, 0x00, 0x00, 0x00, 0x00, 0x00, 0x00, 0x00, 0x00, 0x00, 0x00, 0x00, 
0x00, 0x00, 0x00, 0x00, 0x00, 0x00, 0x00, 0x00, 0x00, 0x00, 0x00, 0x00, 0x00, 0x00, 0x00, 0x00, 
0x00, 0x00, 0x00, 0x00, 0x00, 0x00, 0x00, 0x00, 0x00, 0x00, 0x00, 0x00, 0x00, 0x00, 0x00, 0x00, 
0x00, 0x00, 0x00, 0x00, 0x00, 0x00, 0x00, 0x00, 0x00, 0x00, 0x06, 0x00, 0x1A, 0x00, 0x3A, 0x00, 
0x66, 0x00, 0x9D, 0x00, 0xDD, 0x00, 0x24, 0x01, 0x71, 0x01, 0xC1, 0x01, 0x13, 0x02, 0x62, 0x02, 
0xAE, 0x02, 0xF4, 0x02, 0x32, 0x03, 0x64, 0x03, 0x89, 0x03, 0x9F, 0x03, 0xA4, 0x03, 0x97, 0x03, 
0x77, 0x03, 0x42, 0x03, 0xF9, 0x02, 0x9B, 0x02, 0x2A, 0x02, 0xA4, 0x01, 0x0D, 0x01, 0x65, 0x00, 
0xAF, 0xFF, 0xEC, 0xFE, 0x20, 0xFE, 0x4D, 0xFD, 0x76, 0xFC, 0xA0, 0xFB, 0xCE, 0xFA, 0x03, 0xFA, 
0x43, 0xF9, 0x92, 0xF8, 0xF3, 0xF7, 0x6A, 0xF7, 0xFA, 0xF6, 0xA6, 0xF6, 0x71, 0xF6, 0x5C, 0xF6, 
0x6A, 0xF6, 0x9B, 0xF6, 0xF2, 0xF6, 0x6D, 0xF7, 0x0C, 0xF8, 0xD0, 0xF8, 0xB5, 0xF9, 0xBA, 0xFA, 
0xDD, 0xFB, 0x1A, 0xFD, 0x6D, 0xFE, 0xD3, 0xFF, 0x45, 0x01, 0xC2, 0x02, 0x43, 0x04, 0xC2, 0x05, 
0x39, 0x07, 0xA4, 0x08, 0xFD, 0x09, 0x3E, 0x0B, 0x62, 0x0C, 0x64, 0x0D, 0x3F, 0x0E, 0xEF, 0x0E, 
0x71, 0x0F, 0xC0, 0x0F, 0xDB, 0x0F, 0xC0, 0x0F, 0x6D, 0x0F, 0xE2, 0x0E, 0x20, 0x0E, 0x28, 0x0D, 
0xFB, 0x0B, 0x9D, 0x0A, 0x11, 0x09, 0x5C, 0x07, 0x82, 0x05, 0x88, 0x03, 0x77, 0x01, 0x54, 0xFF, 
0x25, 0xFD, 0xF2, 0xFA, 0xC3, 0xF8, 0xA0, 0xF6, 0x91, 0xF4, 0x9C, 0xF2, 0xCA, 0xF0, 0x22, 0xEF, 
0xAA, 0xED, 0x68, 0xEC, 0x63, 0xEB, 0x9E, 0xEA, 0x1E, 0xEA, 0xE5, 0xE9, 0xF8, 0xE9, 0x55, 0xEA, 
0xFF, 0xEA, 0xF3, 0xEB, 0x31, 0xED, 0xB5, 0xEE, 0x7B, 0xF0, 0x7F, 0xF2, 0xBB, 0xF4, 0x28, 0xF7, 
0xBF, 0xF9, 0x78, 0xFC, 0x49, 0xFF, 0x29, 0x02, 0x11, 0x05, 0xF4, 0x07, 0xCA, 0x0A, 0x87, 0x0D, 
0x24, 0x10, 0x95, 0x12, 0xD2, 0x14, 0xD2, 0x16, 0x8E, 0x18, 0xFE, 0x19, 0x1C, 0x1B, 0xE3, 0x1B, 
0x4F, 0x1C, 0x5D, 0x1C, 0x0B, 0x1C, 0x59, 0x1B, 0x48, 0x1A, 0xDA, 0x18, 0x12, 0x17, 0xF5, 0x14, 
0x89, 0x12, 0xD5, 0x0F, 0xE1, 0x0C, 0xB6, 0x09, 0x5E, 0x06, 0xE4, 0x02, 0x54, 0xFF, 0xB8, 0xFB, 
0x1D, 0xF8, 0x90, 0xF4, 0x1C, 0xF1, 0xCE, 0xED, 0xB1, 0xEA, 0xD1, 0xE7, 0x38, 0xE5, 0xF0, 0xE2, 
0x02, 0xE1, 0x76, 0xDF, 0x52, 0xDE, 0x9B, 0xDD, 0x56, 0xDD, 0x85, 0xDD, 0x28, 0xDE, 0x3F, 0xDF, 
0xC9, 0xE0, 0xC0, 0xE2, 0x20, 0xE5, 0xE3, 0xE7, 0xFF, 0xEA, 0x6C, 0xEE, 0x1F, 0xF2, 0x0D, 0xF6, 
0x28, 0xFA, 0x64, 0xFE, 0xB2, 0x02, 0x05, 0x07, 0x4E, 0x0B, 0x7E, 0x0F, 0x86, 0x13, 0x59, 0x17, 
0xEA, 0x1A, 0x2A, 0x1E, 0x0F, 0x21, 0x8D, 0x23, 0x9C, 0x25, 0x32, 0x27, 0x49, 0x28, 0xDC, 0x28, 
0xE7, 0x28, 0x6A, 0x28, 0x63, 0x27, 0xD5, 0x25, 0xC4, 0x23, 0x35, 0x21, 0x30, 0x1E, 0xBC, 0x1A, 
0xE6, 0x16, 0xB8, 0x12, 0x41, 0x0E, 0x8D, 0x09, 0xAC, 0x04, 0xB0, 0xFF, 0xA7, 0xFA, 0xA2, 0xF5, 
0xB2, 0xF0, 0xE9, 0xEB, 0x57, 0xE7, 0x0C, 0xE3, 0x16, 0xDF, 0x85, 0xDB, 0x65, 0xD8, 0xC2, 0xD5, 
0xA5, 0xD3, 0x18, 0xD2, 0x21, 0xD1, 0xC4, 0xD0, 0x05, 0xD1, 0xE4, 0xD1, 0x5F, 0xD3, 0x73, 0xD5, 
0x1C, 0xD8, 0x50, 0xDB, 0x07, 0xDF, 0x35, 0xE3, 0xCD, 0xE7, 0xC2, 0xEC, 0x03, 0xF2, 0x7F, 0xF7, 
0x27, 0xFD, 0xD9, 0x02, 0x81, 0x08, 0x0E, 0x0E, 0x6B, 0x13, 0x89, 0x18, 0x54, 0x1D, 0xBF, 0x21, 
0xB9, 0x25, 0x36, 0x29, 0x2A, 0x2C, 0x8B, 0x2E, 0x51, 0x30, 0x77, 0x31, 0xF9, 0x31, 0xD5, 0x31, 
0x0B, 0x31, 0x9E, 0x2F, 0x93, 0x2D, 0xF0, 0x2A, 0xBF, 0x27, 0x0A, 0x24, 0xDD, 0x1F, 0x46, 0x1B, 
0x55, 0x16, 0x19, 0x11, 0xA5, 0x0B, 0x0A, 0x06, 0x5B, 0x00, 0xAB, 0xFA, 0x0D, 0xF5, 0x92, 0xEF, 
0x4F, 0xEA, 0x53, 0xE5, 0xB0, 0xE0, 0x75, 0xDC, 0xB0, 0xD8, 0x6E, 0xD5, 0xB9, 0xD2, 0x9B, 0xD0, 
0x1A, 0xCF, 0x3C, 0xCE, 0x03, 0xCE, 0x6F, 0xCE, 0x81, 0xCF, 0x34, 0xD1, 0x82, 0xD3, 0x64, 0xD6, 
0xD0, 0xD9, 0xBC, 0xDD, 0x19, 0xE2, 0xD9, 0xE6, 0xED, 0xEB, 0x44, 0xF1, 0xCB, 0xF6, 0x71, 0xFC, 
0x22, 0x02, 0xCD, 0x07, 0x5E, 0x0D, 0xC3, 0x12, 0xE9, 0x17, 0xC0, 0x1C, 0x37, 0x21, 0x40, 0x25, 
0xCD, 0x28, 0xD3, 0x2B, 0x47, 0x2E, 0x21, 0x30, 0x5B, 0x31, 0xF2, 0x31, 0xE2, 0x31, 0x2D, 0x31, 
0xD4, 0x2F, 0xDD, 0x2D, 0x4D, 0x2B, 0x2D, 0x28, 0x87, 0x24, 0x69, 0x20, 0xDE, 0x1B, 0xF8, 0x16, 
0xC4, 0x11, 0x56, 0x0C, 0xBF, 0x06, 0x11, 0x01, 0x61, 0xFB, 0xBF, 0xF5, 0x3F, 0xF0, 0xF4, 0xEA, 
0xEE, 0xE5, 0x3F, 0xE1, 0xF6, 0xDC, 0x22, 0xD9, 0xCF, 0xD5, 0x08, 0xD3, 0xD6, 0xD0, 0x41, 0xCF, 
0x4E, 0xCE, 0x01, 0xCE, 0x59, 0xCE, 0x56, 0xCF, 0xF5, 0xD0, 0x30, 0xD3, 0x00, 0xD6, 0x5C, 0xD9, 
0x38, 0xDD, 0x87, 0xE1, 0x3C, 0xE6, 0x47, 0xEB, 0x96, 0xF0, 0x18, 0xF6, 0xBC, 0xFB, 0x6C, 0x01, 
0x19, 0x07, 0xAE, 0x0C, 0x19, 0x12, 0x48, 0x17, 0x2A, 0x1C, 0xAE, 0x20, 0xC6, 0x24, 0x63, 0x28, 
0x7A, 0x2B, 0x01, 0x2E, 0xEE, 0x2F, 0x3D, 0x31, 0xE8, 0x31, 0xED, 0x31, 0x4D, 0x31, 0x08, 0x30, 
0x24, 0x2E, 0xA7, 0x2B, 0x98, 0x28, 0x03, 0x25, 0xF3, 0x20, 0x75, 0x1C, 0x99, 0x17, 0x6E, 0x12, 
0x06, 0x0D, 0x73, 0x07, 0xC7, 0x01, 0x16, 0xFC, 0x72, 0xF6, 0xED, 0xF0, 0x9A, 0xEB, 0x8A, 0xE6, 
0xD0, 0xE1, 0x79, 0xDD, 0x96, 0xD9, 0x32, 0xD6, 0x59, 0xD3, 0x14, 0xD1, 0x6B, 0xCF, 0x64, 0xCE, 
0x01, 0xCE, 0x45, 0xCE, 0x2D, 0xCF, 0xB8, 0xD0, 0xE0, 0xD2, 0x9E, 0xD5, 0xE9, 0xD8, 0xB6, 0xDC, 
0xF8, 0xE0, 0xA0, 0xE5, 0xA1, 0xEA, 0xE9, 0xEF, 0x66, 0xF5, 0x06, 0xFB, 0xB6, 0x00, 0x64, 0x06, 
0xFE, 0x0B, 0x6F, 0x11, 0xA6, 0x16, 0x93, 0x1B, 0x23, 0x20, 0x49, 0x24, 0xF6, 0x27, 0x1F, 0x2B, 
0xB8, 0x2D, 0xB9, 0x2F, 0x1C, 0x31, 0xDC, 0x31, 0xF6, 0x31, 0x6A, 0x31, 0x39, 0x30, 0x69, 0x2E, 
0xFE, 0x2B, 0x02, 0x29, 0x7D, 0x25, 0x7B, 0x21, 0x0A, 0x1D, 0x39, 0x18, 0x17, 0x13, 0xB6, 0x0D, 
0x27, 0x08, 0x7E, 0x02, 0xCC, 0xFC, 0x25, 0xF7, 0x9B, 0xF1, 0x41, 0xEC, 0x28, 0xE7, 0x62, 0xE2, 
0xFE, 0xDD, 0x0C, 0xDA, 0x97, 0xD6, 0xAC, 0xD3, 0x54, 0xD1, 0x98, 0xCF, 0x7C, 0xCE, 0x04, 0xCE, 
0x33, 0xCE, 0x07, 0xCF, 0x7E, 0xD0, 0x93, 0xD2, 0x3F, 0xD5, 0x78, 0xD8, 0x35, 0xDC, 0x69, 0xE0, 
0x06, 0xE5, 0xFD, 0xE9, 0x3C, 0xEF, 0xB4, 0xF4, 0x51, 0xFA, 0x00, 0x00, 0xAF, 0x05, 0x4C, 0x0B, 
0xC4, 0x10, 0x03, 0x16, 0xFA, 0x1A, 0x97, 0x1F, 0xCB, 0x23, 0x88, 0x27, 0xC1, 0x2A, 0x6D, 0x2D, 
0x82, 0x2F, 0xF9, 0x30, 0xCD, 0x31, 0xFC, 0x31, 0x84, 0x31, 0x68, 0x30, 0xAC, 0x2E, 0x54, 0x2C, 
0x69, 0x29, 0xF4, 0x25, 0x02, 0x22, 0x9E, 0x1D, 0xD8, 0x18, 0xBF, 0x13, 0x65, 0x0E, 0xDB, 0x08, 
0x34, 0x03, 0x82, 0xFD, 0xD9, 0xF7, 0x4A, 0xF2, 0xE9, 0xEC, 0xC7, 0xE7, 0xF6, 0xE2, 0x85, 0xDE, 
0x83, 0xDA, 0xFE, 0xD6, 0x02, 0xD4, 0x97, 0xD1, 0xC7, 0xCF, 0x96, 0xCE, 0x0A, 0xCE, 0x24, 0xCE, 
0xE4, 0xCE, 0x47, 0xD0, 0x48, 0xD2, 0xE1, 0xD4, 0x0A, 0xD8, 0xB7, 0xDB, 0xDD, 0xDF, 0x6D, 0xE4, 
0x5A, 0xE9, 0x91, 0xEE, 0x02, 0xF4, 0x9C, 0xF9, 0x4A, 0xFF, 0xFA, 0x04, 0x9A, 0x0A, 0x17, 0x10, 
0x5F, 0x15, 0x60, 0x1A, 0x08, 0x1F, 0x4A, 0x23, 0x17, 0x27, 0x62, 0x2A, 0x20, 0x2D, 0x48, 0x2F, 
0xD3, 0x30, 0xBB, 0x31, 0xFF, 0x31, 0x9C, 0x31, 0x95, 0x30, 0xEC, 0x2E, 0xA7, 0x2C, 0xCE, 0x29, 
0x6A, 0x26, 0x87, 0x22, 0x30, 0x1E, 0x76, 0x19, 0x66, 0x14, 0x13, 0x0F, 0x8E, 0x09, 0xEA, 0x03, 
0x39, 0xFE, 0x8D, 0xF8, 0xFA, 0xF2, 0x92, 0xED, 0x67, 0xE8, 0x8B, 0xE3, 0x0D, 0xDF, 0xFD, 0xDA, 
0x68, 0xD7, 0x59, 0xD4, 0xDC, 0xD1, 0xF8, 0xCF, 0xB3, 0xCE, 0x13, 0xCE, 0x18, 0xCE, 0xC3, 0xCE, 
0x12, 0xD0, 0xFF, 0xD1, 0x86, 0xD4, 0x9D, 0xD7, 0x3A, 0xDB, 0x52, 0xDF, 0xD6, 0xE3, 0xB8, 0xE8, 
0xE7, 0xED, 0x52, 0xF3, 0xE7, 0xF8, 0x94, 0xFE, 0x44, 0x04, 0xE8, 0x09, 0x6A, 0x0F, 0xB9, 0x14, 
0xC4, 0x19, 0x79, 0x1E, 0xC8, 0x22, 0xA4, 0x26, 0x00, 0x2A, 0xD0, 0x2C, 0x0B, 0x2F, 0xAA, 0x30, 
0xA7, 0x31, 0xFF, 0x31, 0xB2, 0x31, 0xBF, 0x30, 0x2A, 0x2F, 0xF8, 0x2C, 0x31, 0x2A, 0xDE, 0x26, 
0x0A, 0x23, 0xC1, 0x1E, 0x12, 0x1A, 0x0C, 0x15, 0xC1, 0x0F, 0x41, 0x0A, 0x9F, 0x04, 0xEF, 0xFE, 
0x41, 0xF9, 0xAA, 0xF3, 0x3C, 0xEE, 0x08, 0xE9, 0x22, 0xE4, 0x97, 0xDF, 0x79, 0xDB, 0xD3, 0xD7, 
0xB3, 0xD4, 0x23, 0xD2, 0x2C, 0xD0, 0xD3, 0xCE, 0x1E, 0xCE, 0x0E, 0xCE, 0xA5, 0xCE, 0xDF, 0xCF, 
0xB9, 0xD1, 0x2D, 0xD4, 0x33, 0xD7, 0xC0, 0xDA, 0xC9, 0xDE, 0x40, 0xE3, 0x17, 0xE8, 0x3D, 0xED, 
0xA2, 0xF2, 0x33, 0xF8, 0xDE, 0xFD, 0x8F, 0x03, 0x35, 0x09, 0xBC, 0x0E, 0x13, 0x14, 0x27, 0x19, 
0xE7, 0x1D, 0x44, 0x22, 0x30, 0x26, 0x9C, 0x29, 0x7E, 0x2C, 0xCC, 0x2E, 0x7F, 0x30, 0x91, 0x31, 
0xFD, 0x31, 0xC4, 0x31, 0xE6, 0x30, 0x65, 0x2F, 0x47, 0x2D, 0x92, 0x2A, 0x50, 0x27, 0x8B, 0x23, 
0x50, 0x1F, 0xAD, 0x1A, 0xB1, 0x15, 0x6E, 0x10, 0xF3, 0x0A, 0x55, 0x05, 0xA5, 0xFF, 0xF6, 0xF9, 
0x5B, 0xF4, 0xE7, 0xEE, 0xAB, 0xE9, 0xBA, 0xE4, 0x23, 0xE0, 0xF6, 0xDB, 0x41, 0xD8, 0x10, 0xD5, 
0x6D, 0xD2, 0x62, 0xD0, 0xF5, 0xCE, 0x2B, 0xCE, 0x07, 0xCE, 0x89, 0xCE, 0xAF, 0xCF, 0x75, 0xD1, 
0xD6, 0xD3, 0xCA, 0xD6, 0x47, 0xDA, 0x41, 0xDE, 0xAC, 0xE2, 0x77, 0xE7, 0x95, 0xEC, 0xF2, 0xF1, 
0x7F, 0xF7, 0x27, 0xFD, 0xD9, 0x02, 0x81, 0x08, 0x0E, 0x0E, 0x6B, 0x13, 0x89, 0x18, 0x54, 0x1D, 
0xBF, 0x21, 0xB9, 0x25, 0x36, 0x29, 0x2A, 0x2C, 0x8B, 0x2E, 0x51, 0x30, 0x77, 0x31, 0xF9, 0x31, 
0xD5, 0x31, 0x0B, 0x31, 0x9E, 0x2F, 0x93, 0x2D, 0xF0, 0x2A, 0xBF, 0x27, 0x0A, 0x24, 0xDD, 0x1F, 
0x46, 0x1B, 0x55, 0x16, 0x19, 0x11, 0xA5, 0x0B, 0x0A, 0x06, 0x5B, 0x00, 0xAB, 0xFA, 0x0D, 0xF5, 
0x92, 0xEF, 0x4F, 0xEA, 0x53, 0xE5, 0xB0, 0xE0, 0x75, 0xDC, 0xB0, 0xD8, 0x6E, 0xD5, 0xB9, 0xD2, 
0x9B, 0xD0, 0x1A, 0xCF, 0x3C, 0xCE, 0x03, 0xCE, 0x6F, 0xCE, 0x81, 0xCF, 0x34, 0xD1, 0x82, 0xD3, 
0x64, 0xD6, 0xD0, 0xD9, 0xBC, 0xDD, 0x19, 0xE2, 0xD9, 0xE6, 0xED, 0xEB, 0x44, 0xF1, 0xCB, 0xF6, 
0x71, 0xFC, 0x22, 0x02, 0xCD, 0x07, 0x5E, 0x0D, 0xC3, 0x12, 0xE9, 0x17, 0xC0, 0x1C, 0x37, 0x21, 
0x40, 0x25, 0xCD, 0x28, 0xD3, 0x2B, 0x47, 0x2E, 0x21, 0x30, 0x5B, 0x31, 0xF2, 0x31, 0xE2, 0x31, 
0x2D, 0x31, 0xD4, 0x2F, 0xDD, 0x2D, 0x4D, 0x2B, 0x2D, 0x28, 0x87, 0x24, 0x69, 0x20, 0xDE, 0x1B, 
0xF8, 0x16, 0xC4, 0x11, 0x56, 0x0C, 0xBF, 0x06, 0x11, 0x01, 0x61, 0xFB, 0xBF, 0xF5, 0x3F, 0xF0, 
0xF4, 0xEA, 0xEE, 0xE5, 0x3F, 0xE1, 0xF6, 0xDC, 0x22, 0xD9, 0xCF, 0xD5, 0x08, 0xD3, 0xD6, 0xD0, 
0x41, 0xCF, 0x4E, 0xCE, 0x01, 0xCE, 0x59, 0xCE, 0x56, 0xCF, 0xF5, 0xD0, 0x30, 0xD3, 0x00, 0xD6, 
0x5C, 0xD9, 0x38, 0xDD, 0x87, 0xE1, 0x3C, 0xE6, 0x47, 0xEB, 0x96, 0xF0, 0x18, 0xF6, 0xBC, 0xFB, 
0x6C, 0x01, 0x19, 0x07, 0xAE, 0x0C, 0x19, 0x12, 0x48, 0x17, 0x2A, 0x1C, 0xAE, 0x20, 0xC6, 0x24, 
0x63, 0x28, 0x7A, 0x2B, 0x01, 0x2E, 0xEE, 0x2F, 0x3D, 0x31, 0xE8, 0x31, 0xED, 0x31, 0x4D, 0x31, 
0x08, 0x30, 0x24, 0x2E, 0xA7, 0x2B, 0x98, 0x28, 0x03, 0x25, 0xF3, 0x20, 0x75, 0x1C, 0x99, 0x17, 
0x6E, 0x12, 0x06, 0x0D, 0x73, 0x07, 0xC7, 0x01, 0x16, 0xFC, 0x72, 0xF6, 0xED, 0xF0, 0x9A, 0xEB, 
0x8A, 0xE6, 0xD0, 0xE1, 0x79, 0xDD, 0x96, 0xD9, 0x32, 0xD6, 0x59, 0xD3, 0x14, 0xD1, 0x6B, 0xCF, 
0x64, 0xCE, 0x01, 0xCE, 0x45, 0xCE, 0x2D, 0xCF, 0xB8, 0xD0, 0xE0, 0xD2, 0x9E, 0xD5, 0xE9, 0xD8, 
0xB6, 0xDC, 0xF8, 0xE0, 0xA0, 0xE5, 0xA1, 0xEA, 0xE9, 0xEF, 0x66, 0xF5, 0x06, 0xFB, 0xB6, 0x00, 
0x64, 0x06, 0xFE, 0x0B, 0x6F, 0x11, 0xA6, 0x16, 0x93, 0x1B, 0x23, 0x20, 0x49, 0x24, 0xF6, 0x27, 
0x1F, 0x2B, 0xB8, 0x2D, 0xB9, 0x2F, 0x1C, 0x31, 0xDC, 0x31, 0xF6, 0x31, 0x6A, 0x31, 0x39, 0x30, 
0x69, 0x2E, 0xFE, 0x2B, 0x02, 0x29, 0x7D, 0x25, 0x7B, 0x21, 0x0A, 0x1D, 0x39, 0x18, 0x17, 0x13, 
0xB6, 0x0D, 0x27, 0x08, 0x7E, 0x02, 0xCC, 0xFC, 0x25, 0xF7, 0x9B, 0xF1, 0x41, 0xEC, 0x28, 0xE7, 
0x62, 0xE2, 0xFE, 0xDD, 0x0C, 0xDA, 0x97, 0xD6, 0xAC, 0xD3, 0x54, 0xD1, 0x98, 0xCF, 0x7C, 0xCE, 
0x04, 0xCE, 0x33, 0xCE, 0x07, 0xCF, 0x7E, 0xD0, 0x93, 0xD2, 0x3F, 0xD5, 0x78, 0xD8, 0x35, 0xDC, 
0x69, 0xE0, 0x06, 0xE5, 0xFD, 0xE9, 0x3C, 0xEF, 0xB4, 0xF4, 0x51, 0xFA, 0x00, 0x00, 0xAF, 0x05, 
0x4C, 0x0B, 0xC4, 0x10, 0x03, 0x16, 0xFA, 0x1A, 0x97, 0x1F, 0xCB, 0x23, 0x88, 0x27, 0xC1, 0x2A, 
0x6D, 0x2D, 0x82, 0x2F, 0xF9, 0x30, 0xCD, 0x31, 0xFC, 0x31, 0x84, 0x31, 0x68, 0x30, 0xAC, 0x2E, 
0x54, 0x2C, 0x69, 0x29, 0xF4, 0x25, 0x02, 0x22, 0x9E, 0x1D, 0xD8, 0x18, 0xBF, 0x13, 0x65, 0x0E, 
0xDB, 0x08, 0x34, 0x03, 0x82, 0xFD, 0xD9, 0xF7, 0x4A, 0xF2, 0xE9, 0xEC, 0xC7, 0xE7, 0xF6, 0xE2, 
0x85, 0xDE, 0x83, 0xDA, 0xFE, 0xD6, 0x02, 0xD4, 0x97, 0xD1, 0xC7, 0xCF, 0x96, 0xCE, 0x0A, 0xCE, 
0x24, 0xCE, 0xE4, 0xCE, 0x47, 0xD0, 0x48, 0xD2, 0xE1, 0xD4, 0x0A, 0xD8, 0xB7, 0xDB, 0xDD, 0xDF, 
0x6D, 0xE4, 0x5A, 0xE9, 0x91, 0xEE, 0x02, 0xF4, 0x9C, 0xF9, 0x4A, 0xFF, 0xFA, 0x04, 0x9A, 0x0A, 
0x17, 0x10, 0x5F, 0x15, 0x60, 0x1A, 0x08, 0x1F, 0x4A, 0x23, 0x17, 0x27, 0x62, 0x2A, 0x20, 0x2D, 
0x48, 0x2F, 0xD3, 0x30, 0xBB, 0x31, 0xFF, 0x31, 0x9C, 0x31, 0x95, 0x30, 0xEC, 0x2E, 0xA7, 0x2C, 
0xCE, 0x29, 0x6A, 0x26, 0x87, 0x22, 0x30, 0x1E, 0x76, 0x19, 0x66, 0x14, 0x13, 0x0F, 0x8E, 0x09, 
0xEA, 0x03, 0x39, 0xFE, 0x8D, 0xF8, 0xFA, 0xF2, 0x92, 0xED, 0x67, 0xE8, 0x8B, 0xE3, 0x0D, 0xDF, 
0xFD, 0xDA, 0x68, 0xD7, 0x59, 0xD4, 0xDC, 0xD1, 0xF8, 0xCF, 0xB3, 0xCE, 0x13, 0xCE, 0x18, 0xCE, 
0xC3, 0xCE, 0x12, 0xD0, 0xFF, 0xD1, 0x86, 0xD4, 0x9D, 0xD7, 0x3A, 0xDB, 0x52, 0xDF, 0xD6, 0xE3, 
0xB8, 0xE8, 0xE7, 0xED, 0x52, 0xF3, 0xE7, 0xF8, 0x94, 0xFE, 0x44, 0x04, 0xE8, 0x09, 0x6A, 0x0F, 
0xB9, 0x14, 0xC4, 0x19, 0x79, 0x1E, 0xC8, 0x22, 0xA4, 0x26, 0x00, 0x2A, 0xD0, 0x2C, 0x0B, 0x2F, 
0xAA, 0x30, 0xA7, 0x31, 0xFF, 0x31, 0xB2, 0x31, 0xBF, 0x30, 0x2A, 0x2F, 0xF8, 0x2C, 0x31, 0x2A, 
0xDE, 0x26, 0x0A, 0x23, 0xC1, 0x1E, 0x12, 0x1A, 0x0C, 0x15, 0xC1, 0x0F, 0x41, 0x0A, 0x9F, 0x04, 
0xEF, 0xFE, 0x41, 0xF9, 0xAA, 0xF3, 0x3C, 0xEE, 0x08, 0xE9, 0x22, 0xE4, 0x97, 0xDF, 0x79, 0xDB, 
0xD3, 0xD7, 0xB3, 0xD4, 0x23, 0xD2, 0x2C, 0xD0, 0xD3, 0xCE, 0x1E, 0xCE, 0x0E, 0xCE, 0xA5, 0xCE, 
0xDF, 0xCF, 0xB9, 0xD1, 0x2D, 0xD4, 0x33, 0xD7, 0xC0, 0xDA, 0xC9, 0xDE, 0x40, 0xE3, 0x17, 0xE8, 
0x3D, 0xED, 0xA2, 0xF2, 0x33, 0xF8, 0xDE, 0xFD, 0x8F, 0x03, 0x35, 0x09, 0xBC, 0x0E, 0x13, 0x14, 
0x27, 0x19, 0xE7, 0x1D, 0x44, 0x22, 0x30, 0x26, 0x9C, 0x29, 0x7E, 0x2C, 0xCC, 0x2E, 0x7F, 0x30, 
0x91, 0x31, 0xFD, 0x31, 0xC4, 0x31, 0xE6, 0x30, 0x65, 0x2F, 0x47, 0x2D, 0x92, 0x2A, 0x50, 0x27, 
0x8B, 0x23, 0x50, 0x1F, 0xAD, 0x1A, 0xB1, 0x15, 0x6E, 0x10, 0xF3, 0x0A, 0x55, 0x05, 0xA5, 0xFF, 
0xF6, 0xF9, 0x5B, 0xF4, 0xE7, 0xEE, 0xAB, 0xE9, 0xBA, 0xE4, 0x23, 0xE0, 0xF6, 0xDB, 0x41, 0xD8, 
0x10, 0xD5, 0x6D, 0xD2, 0x62, 0xD0, 0xF5, 0xCE, 0x2B, 0xCE, 0x07, 0xCE, 0x89, 0xCE, 0xAF, 0xCF, 
0x75, 0xD1, 0xD6, 0xD3, 0xCA, 0xD6, 0x47, 0xDA, 0x41, 0xDE, 0xAC, 0xE2, 0x77, 0xE7, 0x95, 0xEC, 
0xF2, 0xF1, 0x7F, 0xF7, 0x27, 0xFD, 0xD9, 0x02, 0x81, 0x08, 0x0E, 0x0E, 0x6B, 0x13, 0x89, 0x18, 
0x54, 0x1D, 0xBF, 0x21, 0xB9, 0x25, 0x36, 0x29, 0x2A, 0x2C, 0x8B, 0x2E, 0x51, 0x30, 0x77, 0x31, 
0xF9, 0x31, 0xD5, 0x31, 0x0B, 0x31, 0x9E, 0x2F, 0x93, 0x2D, 0xF0, 0x2A, 0xBF, 0x27, 0x0A, 0x24, 
0xDD, 0x1F, 0x46, 0x1B, 0x55, 0x16, 0x19, 0x11, 0xA5, 0x0B, 0x0A, 0x06, 0x5B, 0x00, 0xAB, 0xFA, 
0x0D, 0xF5, 0x92, 0xEF, 0x4F, 0xEA, 0x53, 0xE5, 0xB0, 0xE0, 0x75, 0xDC, 0xB0, 0xD8, 0x6E, 0xD5, 
0xB9, 0xD2, 0x9B, 0xD0, 0x1A, 0xCF, 0x3C, 0xCE, 0x03, 0xCE, 0x6F, 0xCE, 0x81, 0xCF, 0x34, 0xD1, 
0x82, 0xD3, 0x64, 0xD6, 0xD0, 0xD9, 0xBC, 0xDD, 0x19, 0xE2, 0xD9, 0xE6, 0xED, 0xEB, 0x44, 0xF1, 
0xCB, 0xF6, 0x71, 0xFC, 0x22, 0x02, 0xCD, 0x07, 0x5E, 0x0D, 0xC3, 0x12, 0xE9, 0x17, 0xC0, 0x1C, 
0x37, 0x21, 0x40, 0x25, 0xCD, 0x28, 0xD3, 0x2B, 0x47, 0x2E, 0x21, 0x30, 0x5B, 0x31, 0xF2, 0x31, 
0xE2, 0x31, 0x2D, 0x31, 0xD4, 0x2F, 0xDD, 0x2D, 0x4D, 0x2B, 0x2D, 0x28, 0x87, 0x24, 0x69, 0x20, 
0xDE, 0x1B, 0xF8, 0x16, 0xC4, 0x11, 0x56, 0x0C, 0xBF, 0x06, 0x11, 0x01, 0x61, 0xFB, 0xBF, 0xF5, 
0x3F, 0xF0, 0xF4, 0xEA, 0xEE, 0xE5, 0x3F, 0xE1, 0xF6, 0xDC, 0x22, 0xD9, 0xCF, 0xD5, 0x08, 0xD3, 
0xD6, 0xD0, 0x41, 0xCF, 0x4E, 0xCE, 0x01, 0xCE, 0x59, 0xCE, 0x56, 0xCF, 0xF5, 0xD0, 0x30, 0xD3, 
0x00, 0xD6, 0x5C, 0xD9, 0x38, 0xDD, 0x87, 0xE1, 0x3C, 0xE6, 0x47, 0xEB, 0x96, 0xF0, 0x18, 0xF6, 
0xBC, 0xFB, 0x6C, 0x01, 0x19, 0x07, 0xAE, 0x0C, 0x19, 0x12, 0x48, 0x17, 0x2A, 0x1C, 0xAE, 0x20, 
0xC6, 0x24, 0x63, 0x28, 0x7A, 0x2B, 0x01, 0x2E, 0xEE, 0x2F, 0x3D, 0x31, 0xE8, 0x31, 0xED, 0x31, 
0x4D, 0x31, 0x08, 0x30, 0x24, 0x2E, 0xA7, 0x2B, 0x98, 0x28, 0x03, 0x25, 0xF3, 0x20, 0x75, 0x1C, 
0x99, 0x17, 0x6E, 0x12, 0x06, 0x0D, 0x73, 0x07, 0xC7, 0x01, 0x16, 0xFC, 0x72, 0xF6, 0xED, 0xF0, 
0x9A, 0xEB, 0x8A, 0xE6, 0xD0, 0xE1, 0x79, 0xDD, 0x96, 0xD9, 0x32, 0xD6, 0x59, 0xD3, 0x14, 0xD1, 
0x6B, 0xCF, 0x64, 0xCE, 0x01, 0xCE, 0x45, 0xCE, 0x2D, 0xCF, 0xB8, 0xD0, 0xE0, 0xD2, 0x9E, 0xD5, 
0xE9, 0xD8, 0xB6, 0xDC, 0xF8, 0xE0, 0xA0, 0xE5, 0xA1, 0xEA, 0xE9, 0xEF, 0x66, 0xF5, 0x06, 0xFB, 
0xB6, 0x00, 0x64, 0x06, 0xFE, 0x0B, 0x6F, 0x11, 0xA6, 0x16, 0x93, 0x1B, 0x23, 0x20, 0x49, 0x24, 
0xF6, 0x27, 0x1F, 0x2B, 0xB8, 0x2D, 0xB9, 0x2F, 0x1C, 0x31, 0xDC, 0x31, 0xF6, 0x31, 0x6A, 0x31, 
0x39, 0x30, 0x69, 0x2E, 0xFE, 0x2B, 0x02, 0x29, 0x7D, 0x25, 0x7B, 0x21, 0x0A, 0x1D, 0x39, 0x18, 
0x17, 0x13, 0xB6, 0x0D, 0x27, 0x08, 0x7E, 0x02, 0xCC, 0xFC, 0x25, 0xF7, 0x9B, 0xF1, 0x41, 0xEC, 
0x28, 0xE7, 0x62, 0xE2, 0xFE, 0xDD, 0x0C, 0xDA, 0x97, 0xD6, 0xAC, 0xD3, 0x54, 0xD1, 0x98, 0xCF, 
0x7C, 0xCE, 0x04, 0xCE, 0x33, 0xCE, 0x07, 0xCF, 0x7E, 0xD0, 0x93, 0xD2, 0x3F, 0xD5, 0x78, 0xD8, 
0x35, 0xDC, 0x69, 0xE0, 0x06, 0xE5, 0xFD, 0xE9, 0x3C, 0xEF, 0xB4, 0xF4, 0x51, 0xFA, 0x00, 0x00, 
0xAF, 0x05, 0x4C, 0x0B, 0xC4, 0x10, 0x03, 0x16, 0xFA, 0x1A, 0x97, 0x1F, 0xCB, 0x23, 0x88, 0x27, 
0xC1, 0x2A, 0x6D, 0x2D, 0x82, 0x2F, 0xF9, 0x30, 0xCD, 0x31, 0xFC, 0x31, 0x84, 0x31, 0x68, 0x30, 
0xAC, 0x2E, 0x54, 0x2C, 0x69, 0x29, 0xF4, 0x25, 0x02, 0x22, 0x9E, 0x1D, 0xD8, 0x18, 0xBF, 0x13, 
0x65, 0x0E, 0xDB, 0x08, 0x34, 0x03, 0x82, 0xFD, 0xD9, 0xF7, 0x4A, 0xF2, 0xE9, 0xEC, 0xC7, 0xE7, 
0xF6, 0xE2, 0x85, 0xDE, 0x83, 0xDA, 0xFE, 0xD6, 0x02, 0xD4, 0x97, 0xD1, 0xC7, 0xCF, 0x96, 0xCE, 
0x0A, 0xCE, 0x24, 0xCE, 0xE4, 0xCE, 0x47, 0xD0, 0x48, 0xD2, 0xE1, 0xD4, 0x0A, 0xD8, 0xB7, 0xDB, 
0xDD, 0xDF, 0x6D, 0xE4, 0x5A, 0xE9, 0x91, 0xEE, 0x02, 0xF4, 0x9C, 0xF9, 0x4A, 0xFF, 0xFA, 0x04, 
0x9A, 0x0A, 0x17, 0x10, 0x5F, 0x15, 0x60, 0x1A, 0x08, 0x1F, 0x4A, 0x23, 0x17, 0x27, 0x62, 0x2A, 
0x20, 0x2D, 0x48, 0x2F, 0xD3, 0x30, 0xBB, 0x31, 0xFF, 0x31, 0x9C, 0x31, 0x95, 0x30, 0xEC, 0x2E, 
0xA7, 0x2C, 0xCE, 0x29, 0x6A, 0x26, 0x87, 0x22, 0x30, 0x1E, 0x76, 0x19, 0x66, 0x14, 0x13, 0x0F, 
0x8E, 0x09, 0xEA, 0x03, 0x39, 0xFE, 0x8D, 0xF8, 0xFA, 0xF2, 0x92, 0xED, 0x67, 0xE8, 0x8B, 0xE3, 
0x0D, 0xDF, 0xFD, 0xDA, 0x68, 0xD7, 0x59, 0xD4, 0xDC, 0xD1, 0xF8, 0xCF, 0xB3, 0xCE, 0x13, 0xCE, 
0x18, 0xCE, 0xC3, 0xCE, 0x12, 0xD0, 0xFF, 0xD1, 0x86, 0xD4, 0x9D, 0xD7, 0x3A, 0xDB, 0x52, 0xDF, 
0xD6, 0xE3, 0xB8, 0xE8, 0xE7, 0xED, 0x52, 0xF3, 0xE7, 0xF8, 0x94, 0xFE, 0x44, 0x04, 0xE8, 0x09, 
0x6A, 0x0F, 0xB9, 0x14, 0xC4, 0x19, 0x79, 0x1E, 0xC8, 0x22, 0xA4, 0x26, 0x00, 0x2A, 0xD0, 0x2C, 
0x0B, 0x2F, 0xAA, 0x30, 0xA7, 0x31, 0xFF, 0x31, 0xB2, 0x31, 0xBF, 0x30, 0x2A, 0x2F, 0xF8, 0x2C, 
0x31, 0x2A, 0xDE, 0x26, 0x0A, 0x23, 0xC1, 0x1E, 0x12, 0x1A, 0x0C, 0x15, 0xC1, 0x0F, 0x41, 0x0A, 
0x9F, 0x04, 0xEF, 0xFE, 0x41, 0xF9, 0xAA, 0xF3, 0x3C, 0xEE, 0x08, 0xE9, 0x22, 0xE4, 0x97, 0xDF, 
0x79, 0xDB, 0xD3, 0xD7, 0xB3, 0xD4, 0x23, 0xD2, 0x2C, 0xD0, 0xD3, 0xCE, 0x1E, 0xCE, 0x0E, 0xCE, 
0xA5, 0xCE, 0xDF, 0xCF, 0xB9, 0xD1, 0x2D, 0xD4, 0x33, 0xD7, 0xC0, 0xDA, 0xC9, 0xDE, 0x40, 0xE3, 
0x17, 0xE8, 0x3D, 0xED, 0xA2, 0xF2, 0x33, 0xF8, 0xDE, 0xFD, 0x8F, 0x03, 0x35, 0x09, 0xBC, 0x0E, 
0x13, 0x14, 0x27, 0x19, 0xE7, 0x1D, 0x44, 0x22, 0x30, 0x26, 0x9C, 0x29, 0x7E, 0x2C, 0xCC, 0x2E, 
0x7F, 0x30, 0x91, 0x31, 0xFD, 0x31, 0xC4, 0x31, 0xE6, 0x30, 0x65, 0x2F, 0x47, 0x2D, 0x92, 0x2A, 
0x50, 0x27, 0x8B, 0x23, 0x50, 0x1F, 0xAD, 0x1A, 0xB1, 0x15, 0x6E, 0x10, 0xF3, 0x0A, 0x55, 0x05, 
0xA5, 0xFF, 0xF6, 0xF9, 0x5B, 0xF4, 0xE7, 0xEE, 0xAB, 0xE9, 0xBA, 0xE4, 0x23, 0xE0, 0xF6, 0xDB, 
0x41, 0xD8, 0x10, 0xD5, 0x6D, 0xD2, 0x62, 0xD0, 0xF5, 0xCE, 0x2B, 0xCE, 0x07, 0xCE, 0x89, 0xCE, 
0xAF, 0xCF, 0x75, 0xD1, 0xD6, 0xD3, 0xCA, 0xD6, 0x47, 0xDA, 0x41, 0xDE, 0xAC, 0xE2, 0x77, 0xE7, 
0x95, 0xEC, 0xF2, 0xF1, 0x7F, 0xF7, 0x27, 0xFD, 0xD9, 0x02, 0x81, 0x08, 0x0E, 0x0E, 0x6B, 0x13, 
0x89, 0x18, 0x54, 0x1D, 0xBF, 0x21, 0xB9, 0x25, 0x36, 0x29, 0x2A, 0x2C, 0x8B, 0x2E, 0x51, 0x30, 
0x77, 0x31, 0xF9, 0x31, 0xD5, 0x31, 0x0B, 0x31, 0x9E, 0x2F, 0x93, 0x2D, 0xF0, 0x2A, 0xBF, 0x27, 
0x0A, 0x24, 0xDD, 0x1F, 0x46, 0x1B, 0x55, 0x16, 0x19, 0x11, 0xA5, 0x0B, 0x0A, 0x06, 0x5B, 0x00, 
0xAB, 0xFA, 0x0D, 0xF5, 0x92, 0xEF, 0x4F, 0xEA, 0x53, 0xE5, 0xB0, 0xE0, 0x75, 0xDC, 0xB0, 0xD8, 
0x6E, 0xD5, 0xB9, 0xD2, 0x9B, 0xD0, 0x1A, 0xCF, 0x3C, 0xCE, 0x03, 0xCE, 0x6F, 0xCE, 0x81, 0xCF, 
0x34, 0xD1, 0x82, 0xD3, 0x64, 0xD6, 0xD0, 0xD9, 0xBC, 0xDD, 0x19, 0xE2, 0xD9, 0xE6, 0xED, 0xEB, 
0x44, 0xF1, 0xCB, 0xF6, 0x71, 0xFC, 0x22, 0x02, 0xCD, 0x07, 0x5E, 0x0D, 0xC3, 0x12, 0xE9, 0x17, 
0xC0, 0x1C, 0x37, 0x21, 0x40, 0x25, 0xCD, 0x28, 0xD3, 0x2B, 0x47, 0x2E, 0x21, 0x30, 0x5B, 0x31, 
0xF2, 0x31, 0xE2, 0x31, 0x2D, 0x31, 0xD4, 0x2F, 0xDD, 0x2D, 0x4D, 0x2B, 0x2D, 0x28, 0x87, 0x24, 
0x69, 0x20, 0xDE, 0x1B, 0xF8, 0x16, 0xC4, 0x11, 0x56, 0x0C, 0xBF, 0x06, 0x11, 0x01, 0x61, 0xFB, 
0xBF, 0xF5, 0x3F, 0xF0, 0xF4, 0xEA, 0xEE, 0xE5, 0x3F, 0xE1, 0xF6, 0xDC, 0x22, 0xD9, 0xCF, 0xD5, 
0x08, 0xD3, 0xD6, 0xD0, 0x41, 0xCF, 0x4E, 0xCE, 0x01, 0xCE, 0x59, 0xCE, 0x56, 0xCF, 0xF5, 0xD0, 
0x30, 0xD3, 0x00, 0xD6, 0x5C, 0xD9, 0x38, 0xDD, 0x87, 0xE1, 0x3C, 0xE6, 0x47, 0xEB, 0x96, 0xF0, 
0x18, 0xF6, 0xBC, 0xFB, 0x6C, 0x01, 0x19, 0x07, 0xAE, 0x0C, 0x19, 0x12, 0x48, 0x17, 0x2A, 0x1C, 
0xAE, 0x20, 0xC6, 0x24, 0x63, 0x28, 0x7A, 0x2B, 0x01, 0x2E, 0xEE, 0x2F, 0x3D, 0x31, 0xE8, 0x31, 
0xED, 0x31, 0x4D, 0x31, 0x08, 0x30, 0x24, 0x2E, 0xA7, 0x2B, 0x98, 0x28, 0x03, 0x25, 0xF3, 0x20, 
0x75, 0x1C, 0x99, 0x17, 0x6E, 0x12, 0x06, 0x0D, 0x73, 0x07, 0xC7, 0x01, 0x16, 0xFC, 0x72, 0xF6, 
0xED, 0xF0, 0x9A, 0xEB, 0x8A, 0xE6, 0xD0, 0xE1, 0x79, 0xDD, 0x96, 0xD9, 0x32, 0xD6, 0x59, 0xD3, 
0x14, 0xD1, 0x6B, 0xCF, 0x64, 0xCE, 0x01, 0xCE, 0x45, 0xCE, 0x2D, 0xCF, 0xB8, 0xD0, 0xE0, 0xD2, 
0x9E, 0xD5, 0xE9, 0xD8, 0xB6, 0xDC, 0xF8, 0xE0, 0xA0, 0xE5, 0xA1, 0xEA, 0xE9, 0xEF, 0x66, 0xF5, 
0x06, 0xFB, 0xB6, 0x00, 0x64, 0x06, 0xFE, 0x0B, 0x6F, 0x11, 0xA6, 0x16, 0x93, 0x1B, 0x23, 0x20, 
0x49, 0x24, 0xF6, 0x27, 0x1F, 0x2B, 0xB8, 0x2D, 0xB9, 0x2F, 0x1C, 0x31, 0xDC, 0x31, 0xF6, 0x31, 
0x6A, 0x31, 0x39, 0x30, 0x69, 0x2E, 0xFE, 0x2B, 0x02, 0x29, 0x7D, 0x25, 0x7B, 0x21, 0x0A, 0x1D, 
0x39, 0x18, 0x17, 0x13, 0xB6, 0x0D, 0x27, 0x08, 0x7E, 0x02, 0xCC, 0xFC, 0x25, 0xF7, 0x9B, 0xF1, 
0x41, 0xEC, 0x28, 0xE7, 0x62, 0xE2, 0xFE, 0xDD, 0x0C, 0xDA, 0x97, 0xD6, 0xAC, 0xD3, 0x54, 0xD1, 
0x98, 0xCF, 0x7C, 0xCE, 0x04, 0xCE, 0x33, 0xCE, 0x07, 0xCF, 0x7E, 0xD0, 0x93, 0xD2, 0x3F, 0xD5, 
0x78, 0xD8, 0x35, 0xDC, 0x69, 0xE0, 0x06, 0xE5, 0xFD, 0xE9, 0x3C, 0xEF, 0xB4, 0xF4, 0x51, 0xFA, 
0x00, 0x00, 0xAF, 0x05, 0x4C, 0x0B, 0xC4, 0x10, 0x03, 0x16, 0xFA, 0x1A, 0x97, 0x1F, 0xCB, 0x23, 
0x88, 0x27, 0xC1, 0x2A, 0x6D, 0x2D, 0x82, 0x2F, 0xF9, 0x30, 0xCD, 0x31, 0xFC, 0x31, 0x84, 0x31, 
0x68, 0x30, 0xAC, 0x2E, 0x54, 0x2C, 0x69, 0x29, 0xF4, 0x25, 0x02, 0x22, 0x9E, 0x1D, 0xD8, 0x18, 
0xBF, 0x13, 0x65, 0x0E, 0xDB, 0x08, 0x34, 0x03, 0x82, 0xFD, 0xD9, 0xF7, 0x4A, 0xF2, 0xE9, 0xEC, 
0xC7, 0xE7, 0xF6, 0xE2, 0x85, 0xDE, 0x83, 0xDA, 0xFE, 0xD6, 0x02, 0xD4, 0x97, 0xD1, 0xC7, 0xCF, 
0x96, 0xCE, 0x0A, 0xCE, 0x24, 0xCE, 0xE4, 0xCE, 0x47, 0xD0, 0x48, 0xD2, 0xE1, 0xD4, 0x0A, 0xD8, 
0xB7, 0xDB, 0xDD, 0xDF, 0x6D, 0xE4, 0x5A, 0xE9, 0x91, 0xEE, 0x02, 0xF4, 0x9C, 0xF9, 0x4A, 0xFF, 
0xFA, 0x04, 0x9A, 0x0A, 0x17, 0x10, 0x5F, 0x15, 0x60, 0x1A, 0x08, 0x1F, 0x4A, 0x23, 0x17, 0x27, 
0x62, 0x2A, 0x20, 0x2D, 0x48, 0x2F, 0xD3, 0x30, 0xBB, 0x31, 0xFF, 0x31, 0x9C, 0x31, 0x95, 0x30, 
0xEC, 0x2E, 0xA7, 0x2C, 0xCE, 0x29, 0x6A, 0x26, 0x87, 0x22, 0x30, 0x1E, 0x76, 0x19, 0x66, 0x14, 
0x13, 0x0F, 0x8E, 0x09, 0xEA, 0x03, 0x39, 0xFE, 0x8D, 0xF8, 0xFA, 0xF2, 0x92, 0xED, 0x67, 0xE8, 
0x8B, 0xE3, 0x0D, 0xDF, 0xFD, 0xDA, 0x68, 0xD7, 0x59, 0xD4, 0xDC, 0xD1, 0xF8, 0xCF, 0xB3, 0xCE, 
0x13, 0xCE, 0x18, 0xCE, 0xC3, 0xCE, 0x12, 0xD0, 0xFF, 0xD1, 0x86, 0xD4, 0x9D, 0xD7, 0x3A, 0xDB, 
0x52, 0xDF, 0xD6, 0xE3, 0xB8, 0xE8, 0xE7, 0xED, 0x52, 0xF3, 0xE7, 0xF8, 0x94, 0xFE, 0x44, 0x04, 
0xE8, 0x09, 0x6A, 0x0F, 0xB9, 0x14, 0xC4, 0x19, 0x79, 0x1E, 0xC8, 0x22, 0xA4, 0x26, 0x00, 0x2A, 
0xD0, 0x2C, 0x0B, 0x2F, 0xAA, 0x30, 0xA7, 0x31, 0xFF, 0x31, 0xB2, 0x31, 0xBF, 0x30, 0x2A, 0x2F, 
0xF8, 0x2C, 0x31, 0x2A, 0xDE, 0x26, 0x0A, 0x23, 0xC1, 0x1E, 0x12, 0x1A, 0x0C, 0x15, 0xC1, 0x0F, 
0x41, 0x0A, 0x9F, 0x04, 0xEF, 0xFE, 0x41, 0xF9, 0xAA, 0xF3, 0x3C, 0xEE, 0x08, 0xE9, 0x22, 0xE4, 
0x97, 0xDF, 0x79, 0xDB, 0xD3, 0xD7, 0xB3, 0xD4, 0x23, 0xD2, 0x2C, 0xD0, 0xD3, 0xCE, 0x1E, 0xCE, 
0x0E, 0xCE, 0xA5, 0xCE, 0xDF, 0xCF, 0xB9, 0xD1, 0x2D, 0xD4, 0x33, 0xD7, 0xC0, 0xDA, 0xC9, 0xDE, 
0x40, 0xE3, 0x17, 0xE8, 0x3D, 0xED, 0xA2, 0xF2, 0x33, 0xF8, 0xDE, 0xFD, 0x8F, 0x03, 0x35, 0x09, 
0xBC, 0x0E, 0x13, 0x14, 0x27, 0x19, 0xE7, 0x1D, 0x44, 0x22, 0x30, 0x26, 0x9C, 0x29, 0x7E, 0x2C, 
0xCC, 0x2E, 0x7F, 0x30, 0x91, 0x31, 0xFD, 0x31, 0xC4, 0x31, 0xE6, 0x30, 0x65, 0x2F, 0x47, 0x2D, 
0x92, 0x2A, 0x50, 0x27, 0x8B, 0x23, 0x50, 0x1F, 0xAD, 0x1A, 0xB1, 0x15, 0x6E, 0x10, 0xF3, 0x0A, 
0x55, 0x05, 0xA5, 0xFF, 0xF6, 0xF9, 0x5B, 0xF4, 0xE7, 0xEE, 0xAB, 0xE9, 0xBA, 0xE4, 0x23, 0xE0, 
0xF6, 0xDB, 0x41, 0xD8, 0x10, 0xD5, 0x6D, 0xD2, 0x62, 0xD0, 0xF5, 0xCE, 0x2B, 0xCE, 0x07, 0xCE, 
0x89, 0xCE, 0xAF, 0xCF, 0x75, 0xD1, 0xD6, 0xD3, 0xCA, 0xD6, 0x47, 0xDA, 0x41, 0xDE, 0xAC, 0xE2, 
0x77, 0xE7, 0x95, 0xEC, 0xF2, 0xF1, 0x7F, 0xF7, 0x27, 0xFD, 0xD9, 0x02, 0x81, 0x08, 0x0E, 0x0E, 
0x6B, 0x13, 0x89, 0x18, 0x54, 0x1D, 0xBF, 0x21, 0xB9, 0x25, 0x36, 0x29, 0x2A, 0x2C, 0x8B, 0x2E, 
0x51, 0x30, 0x77, 0x31, 0xF9, 0x31, 0xD5, 0x31, 0x0B, 0x31, 0x9E, 0x2F, 0x93, 0x2D, 0xF0, 0x2A, 
0xBF, 0x27, 0x0A, 0x24, 0xDD, 0x1F, 0x46, 0x1B, 0x55, 0x16, 0x19, 0x11, 0xA5, 0x0B, 0x0A, 0x06, 
0x5B, 0x00, 0xAB, 0xFA, 0x0D, 0xF5, 0x92, 0xEF, 0x4F, 0xEA, 0x53, 0xE5, 0xB0, 0xE0, 0x75, 0xDC, 
0xB0, 0xD8, 0x6E, 0xD5, 0xB9, 0xD2, 0x9B, 0xD0, 0x1A, 0xCF, 0x3C, 0xCE, 0x03, 0xCE, 0x6F, 0xCE, 
0x81, 0xCF, 0x34, 0xD1, 0x82, 0xD3, 0x64, 0xD6, 0xD0, 0xD9, 0xBC, 0xDD, 0x19, 0xE2, 0xD9, 0xE6, 
0xED, 0xEB, 0x44, 0xF1, 0xCB, 0xF6, 0x71, 0xFC, 0x22, 0x02, 0xCD, 0x07, 0x5E, 0x0D, 0xC3, 0x12, 
0xE9, 0x17, 0xC0, 0x1C, 0x37, 0x21, 0x40, 0x25, 0xCD, 0x28, 0xD3, 0x2B, 0x47, 0x2E, 0x21, 0x30, 
0x5B, 0x31, 0xF2, 0x31, 0xE2, 0x31, 0x2D, 0x31, 0xD4, 0x2F, 0xDD, 0x2D, 0x4D, 0x2B, 0x2D, 0x28, 
0x87, 0x24, 0x69, 0x20, 0xDE, 0x1B, 0xF8, 0x16, 0xC4, 0x11, 0x56, 0x0C, 0xBF, 0x06, 0x11, 0x01, 
0x61, 0xFB, 0xBF, 0xF5, 0x3F, 0xF0, 0xF4, 0xEA, 0xEE, 0xE5, 0x3F, 0xE1, 0xF6, 0xDC, 0x22, 0xD9, 
0xCF, 0xD5, 0x08, 0xD3, 0xD6, 0xD0, 0x41, 0xCF, 0x4E, 0xCE, 0x01, 0xCE, 0x59, 0xCE, 0x56, 0xCF, 
0xF5, 0xD0, 0x30, 0xD3, 0x00, 0xD6, 0x5C, 0xD9, 0x38, 0xDD, 0x87, 0xE1, 0x3C, 0xE6, 0x47, 0xEB, 
0x96, 0xF0, 0x18, 0xF6, 0xBC, 0xFB, 0x6C, 0x01, 0x19, 0x07, 0xAE, 0x0C, 0x19, 0x12, 0x48, 0x17, 
0x2A, 0x1C, 0xAE, 0x20, 0xC6, 0x24, 0x63, 0x28, 0x7A, 0x2B, 0x01, 0x2E, 0xEE, 0x2F, 0x3D, 0x31, 
0xE8, 0x31, 0xED, 0x31, 0x4D, 0x31, 0x08, 0x30, 0x24, 0x2E, 0xA7, 0x2B, 0x98, 0x28, 0x03, 0x25, 
0xF3, 0x20, 0x75, 0x1C, 0x99, 0x17, 0x6E, 0x12, 0x06, 0x0D, 0x73, 0x07, 0xC7, 0x01, 0x16, 0xFC, 
0x72, 0xF6, 0xED, 0xF0, 0x9A, 0xEB, 0x8A, 0xE6, 0xD0, 0xE1, 0x79, 0xDD, 0x96, 0xD9, 0x32, 0xD6, 
0x59, 0xD3, 0x14, 0xD1, 0x6B, 0xCF, 0x64, 0xCE, 0x01, 0xCE, 0x45, 0xCE, 0x2D, 0xCF, 0xB8, 0xD0, 
0xE0, 0xD2, 0x9E, 0xD5, 0xE9, 0xD8, 0xB6, 0xDC, 0xF8, 0xE0, 0xA0, 0xE5, 0xA1, 0xEA, 0xE9, 0xEF, 
0x66, 0xF5, 0x06, 0xFB, 0xB6, 0x00, 0x64, 0x06, 0xFE, 0x0B, 0x6F, 0x11, 0xA6, 0x16, 0x93, 0x1B, 
0x23, 0x20, 0x49, 0x24, 0xF6, 0x27, 0x1F, 0x2B, 0xB8, 0x2D, 0xB9, 0x2F, 0x1C, 0x31, 0xDC, 0x31, 
0xF6, 0x31, 0x6A, 0x31, 0x39, 0x30, 0x69, 0x2E, 0xFE, 0x2B, 0x02, 0x29, 0x7D, 0x25, 0x7B, 0x21, 
0x0A, 0x1D, 0x39, 0x18, 0x17, 0x13, 0xB6, 0x0D, 0x27, 0x08, 0x7E, 0x02, 0xCC, 0xFC, 0x25, 0xF7, 
0x9B, 0xF1, 0x41, 0xEC, 0x28, 0xE7, 0x62, 0xE2, 0xFE, 0xDD, 0x0C, 0xDA, 0x97, 0xD6, 0xAC, 0xD3, 
0x54, 0xD1, 0x98, 0xCF, 0x7C, 0xCE, 0x04, 0xCE, 0x33, 0xCE, 0x07, 0xCF, 0x7E, 0xD0, 0x93, 0xD2, 
0x3F, 0xD5, 0x78, 0xD8, 0x35, 0xDC, 0x69, 0xE0, 0x06, 0xE5, 0xFD, 0xE9, 0x3C, 0xEF, 0xB4, 0xF4, 
0x51, 0xFA, 0x00, 0x00, 0xAF, 0x05, 0x4C, 0x0B, 0xC4, 0x10, 0x03, 0x16, 0xFA, 0x1A, 0x97, 0x1F, 
0xCB, 0x23, 0x88, 0x27, 0xC1, 0x2A, 0x6D, 0x2D, 0x82, 0x2F, 0xF9, 0x30, 0xCD, 0x31, 0xFC, 0x31, 
0x84, 0x31, 0x68, 0x30, 0xAC, 0x2E, 0x54, 0x2C, 0x69, 0x29, 0xF4, 0x25, 0x02, 0x22, 0x9E, 0x1D, 
0xD8, 0x18, 0xBF, 0x13, 0x65, 0x0E, 0xDB, 0x08, 0x34, 0x03, 0x82, 0xFD, 0xD9, 0xF7, 0x4A, 0xF2, 
0xE9, 0xEC, 0xC7, 0xE7, 0xF6, 0xE2, 0x85, 0xDE, 0x83, 0xDA, 0xFE, 0xD6, 0x02, 0xD4, 0x97, 0xD1, 
0xC7, 0xCF, 0x96, 0xCE, 0x0A, 0xCE, 0x24, 0xCE, 0xE4, 0xCE, 0x47, 0xD0, 0x48, 0xD2, 0xE1, 0xD4, 
0x0A, 0xD8, 0xB7, 0xDB, 0xDD, 0xDF, 0x6D, 0xE4, 0x5A, 0xE9, 0x91, 0xEE, 0x02, 0xF4, 0x9C, 0xF9, 
0x4A, 0xFF, 0xFA, 0x04, 0x9A, 0x0A, 0x17, 0x10, 0x5F, 0x15, 0x60, 0x1A, 0x08, 0x1F, 0x4A, 0x23, 
0x17, 0x27, 0x62, 0x2A, 0x20, 0x2D, 0x48, 0x2F, 0xD3, 0x30, 0xBB, 0x31, 0xFF, 0x31, 0x9C, 0x31, 
0x95, 0x30, 0xEC, 0x2E, 0xA7, 0x2C, 0xCE, 0x29, 0x6A, 0x26, 0x87, 0x22, 0x30, 0x1E, 0x76, 0x19, 
0x66, 0x14, 0x13, 0x0F, 0x8E, 0x09, 0xEA, 0x03, 0x39, 0xFE, 0x8D, 0xF8, 0xFA, 0xF2, 0x92, 0xED, 
0x67, 0xE8, 0x8B, 0xE3, 0x0D, 0xDF, 0xFD, 0xDA, 0x68, 0xD7, 0x59, 0xD4, 0xDC, 0xD1, 0xF8, 0xCF, 
0xB3, 0xCE, 0x13, 0xCE, 0x18, 0xCE, 0xC3, 0xCE, 0x12, 0xD0, 0xFF, 0xD1, 0x86, 0xD4, 0x9D, 0xD7, 
0x3A, 0xDB, 0x52, 0xDF, 0xD6, 0xE3, 0xB8, 0xE8, 0xE7, 0xED, 0x52, 0xF3, 0xE7, 0xF8, 0x94, 0xFE, 
0x44, 0x04, 0xE8, 0x09, 0x6A, 0x0F, 0xB9, 0x14, 0xC4, 0x19, 0x79, 0x1E, 0xC8, 0x22, 0xA4, 0x26, 
0x00, 0x2A, 0xD0, 0x2C, 0x0B, 0x2F, 0xAA, 0x30, 0xA7, 0x31, 0xFF, 0x31, 0xB2, 0x31, 0xBF, 0x30, 
0x2A, 0x2F, 0xF8, 0x2C, 0x31, 0x2A, 0xDE, 0x26, 0x0A, 0x23, 0xC1, 0x1E, 0x12, 0x1A, 0x0C, 0x15, 
0xC1, 0x0F, 0x41, 0x0A, 0x9F, 0x04, 0xEF, 0xFE, 0x41, 0xF9, 0xAA, 0xF3, 0x3C, 0xEE, 0x08, 0xE9, 
0x22, 0xE4, 0x97, 0xDF, 0x79, 0xDB, 0xD3, 0xD7, 0xB3, 0xD4, 0x23, 0xD2, 0x2C, 0xD0, 0xD3, 0xCE, 
0x1E, 0xCE, 0x0E, 0xCE, 0xA5, 0xCE, 0xDF, 0xCF, 0xB9, 0xD1, 0x2D, 0xD4, 0x33, 0xD7, 0xC0, 0xDA, 
0xC9, 0xDE, 0x40, 0xE3, 0x17, 0xE8, 0x3D, 0xED, 0xA2, 0xF2, 0x33, 0xF8, 0xDE, 0xFD, 0x8F, 0x03, 
0x35, 0x09, 0xBC, 0x0E, 0x13, 0x14, 0x27, 0x19, 0xE7, 0x1D, 0x44, 0x22, 0x30, 0x26, 0x9C, 0x29, 
0x7E, 0x2C, 0xCC, 0x2E, 0x7F, 0x30, 0x91, 0x31, 0xFD, 0x31, 0xC4, 0x31, 0xE6, 0x30, 0x65, 0x2F, 
0x47, 0x2D, 0x92, 0x2A, 0x50, 0x27, 0x8B, 0x23, 0x50, 0x1F, 0xAD, 0x1A, 0xB1, 0x15, 0x6E, 0x10, 
0xF3, 0x0A, 0x55, 0x05, 0xA5, 0xFF, 0xF6, 0xF9, 0x5B, 0xF4, 0xE7, 0xEE, 0xAB, 0xE9, 0xBA, 0xE4, 
0x23, 0xE0, 0xF6, 0xDB, 0x41, 0xD8, 0x10, 0xD5, 0x6D, 0xD2, 0x62, 0xD0, 0xF5, 0xCE, 0x2B, 0xCE, 
0x07, 0xCE, 0x89, 0xCE, 0xAF, 0xCF, 0x75, 0xD1, 0xD6, 0xD3, 0xCA, 0xD6, 0x47, 0xDA, 0x41, 0xDE, 
0xAC, 0xE2, 0x77, 0xE7, 0x95, 0xEC, 0xF2, 0xF1, 0x7F, 0xF7, 0x27, 0xFD, 0xD9, 0x02, 0x81, 0x08, 
0x0E, 0x0E, 0x6B, 0x13, 0x89, 0x18, 0x54, 0x1D, 0xBF, 0x21, 0xB9, 0x25, 0x36, 0x29, 0x2A, 0x2C, 
0x8B, 0x2E, 0x51, 0x30, 0x77, 0x31, 0xF9, 0x31, 0xD5, 0x31, 0x0B, 0x31, 0x9E, 0x2F, 0x93, 0x2D, 
0xF0, 0x2A, 0xBF, 0x27, 0x0A, 0x24, 0xDD, 0x1F, 0x46, 0x1B, 0x55, 0x16, 0x19, 0x11, 0xA5, 0x0B, 
0x0A, 0x06, 0x5B, 0x00, 0xAB, 0xFA, 0x0D, 0xF5, 0x92, 0xEF, 0x4F, 0xEA, 0x53, 0xE5, 0xB0, 0xE0, 
0x75, 0xDC, 0xB0, 0xD8, 0x6E, 0xD5, 0xB9, 0xD2, 0x9B, 0xD0, 0x1A, 0xCF, 0x3C, 0xCE, 0x03, 0xCE, 
0x6F, 0xCE, 0x81, 0xCF, 0x34, 0xD1, 0x82, 0xD3, 0x64, 0xD6, 0xD0, 0xD9, 0xBC, 0xDD, 0x19, 0xE2, 
0xD9, 0xE6, 0xED, 0xEB, 0x44, 0xF1, 0xCB, 0xF6, 0x71, 0xFC, 0x22, 0x02, 0xCD, 0x07, 0x5E, 0x0D, 
0xC3, 0x12, 0xE9, 0x17, 0xC0, 0x1C, 0x37, 0x21, 0x40, 0x25, 0xCD, 0x28, 0xD3, 0x2B, 0x47, 0x2E, 
0x21, 0x30, 0x5B, 0x31, 0xF2, 0x31, 0xE2, 0x31, 0x2D, 0x31, 0xD4, 0x2F, 0xDD, 0x2D, 0x4D, 0x2B, 
0x2D, 0x28, 0x87, 0x24, 0x69, 0x20, 0xDE, 0x1B, 0xF8, 0x16, 0xC4, 0x11, 0x56, 0x0C, 0xBF, 0x06, 
0x11, 0x01, 0x61, 0xFB, 0xBF, 0xF5, 0x3F, 0xF0, 0xF4, 0xEA, 0xEE, 0xE5, 0x3F, 0xE1, 0xF6, 0xDC, 
0x22, 0xD9, 0xCF, 0xD5, 0x08, 0xD3, 0xD6, 0xD0, 0x41, 0xCF, 0x4E, 0xCE, 0x01, 0xCE, 0x59, 0xCE, 
0x56, 0xCF, 0xF5, 0xD0, 0x30, 0xD3, 0x00, 0xD6, 0x5C, 0xD9, 0x38, 0xDD, 0x87, 0xE1, 0x3C, 0xE6, 
0x47, 0xEB, 0x96, 0xF0, 0x18, 0xF6, 0xBC, 0xFB, 0x6C, 0x01, 0x19, 0x07, 0xAE, 0x0C, 0x19, 0x12, 
0x48, 0x17, 0x2A, 0x1C, 0xAE, 0x20, 0xC6, 0x24, 0x63, 0x28, 0x7A, 0x2B, 0x01, 0x2E, 0xEE, 0x2F, 
0x3D, 0x31, 0xE8, 0x31, 0xED, 0x31, 0x4D, 0x31, 0x08, 0x30, 0x24, 0x2E, 0xA7, 0x2B, 0x98, 0x28, 
0x03, 0x25, 0xF3, 0x20, 0x75, 0x1C, 0x99, 0x17, 0x6E, 0x12, 0x06, 0x0D, 0x73, 0x07, 0xC7, 0x01, 
0x16, 0xFC, 0x72, 0xF6, 0xED, 0xF0, 0x9A, 0xEB, 0x8A, 0xE6, 0xD0, 0xE1, 0x79, 0xDD, 0x96, 0xD9, 
0x32, 0xD6, 0x59, 0xD3, 0x14, 0xD1, 0x6B, 0xCF, 0x64, 0xCE, 0x01, 0xCE, 0x45, 0xCE, 0x2D, 0xCF, 
0xB8, 0xD0, 0xE0, 0xD2, 0x9E, 0xD5, 0xE9, 0xD8, 0xB6, 0xDC, 0xF8, 0xE0, 0xA0, 0xE5, 0xA1, 0xEA, 
0xE9, 0xEF, 0x66, 0xF5, 0x06, 0xFB, 0xB6, 0x00, 0x64, 0x06, 0xFE, 0x0B, 0x6F, 0x11, 0xA6, 0x16, 
0x93, 0x1B, 0x23, 0x20, 0x49, 0x24, 0xF6, 0x27, 0x1F, 0x2B, 0xB8, 0x2D, 0xB9, 0x2F, 0x1C, 0x31, 
0xDC, 0x31, 0xF6, 0x31, 0x6A, 0x31, 0x39, 0x30, 0x69, 0x2E, 0xFE, 0x2B, 0x02, 0x29, 0x7D, 0x25, 
0x7B, 0x21, 0x0A, 0x1D, 0x39, 0x18, 0x17, 0x13, 0xB6, 0x0D, 0x27, 0x08, 0x7E, 0x02, 0xCC, 0xFC, 
0x25, 0xF7, 0x9B, 0xF1, 0x41, 0xEC, 0x28, 0xE7, 0x62, 0xE2, 0xFE, 0xDD, 0x0C, 0xDA, 0x97, 0xD6, 
0xAC, 0xD3, 0x54, 0xD1, 0x98, 0xCF, 0x7C, 0xCE, 0x04, 0xCE, 0x33, 0xCE, 0x07, 0xCF, 0x7E, 0xD0, 
0x93, 0xD2, 0x3F, 0xD5, 0x78, 0xD8, 0x35, 0xDC, 0x69, 0xE0, 0x06, 0xE5, 0xFD, 0xE9, 0x3C, 0xEF, 
0xB4, 0xF4, 0x51, 0xFA, 0x00, 0x00, 0xAF, 0x05, 0x4C, 0x0B, 0xC4, 0x10, 0x03, 0x16, 0xFA, 0x1A, 
0x97, 0x1F, 0xCB, 0x23, 0x88, 0x27, 0xC1, 0x2A, 0x6D, 0x2D, 0x82, 0x2F, 0xF9, 0x30, 0xCD, 0x31, 
0xFC, 0x31, 0x84, 0x31, 0x68, 0x30, 0xAC, 0x2E, 0x54, 0x2C, 0x69, 0x29, 0xF4, 0x25, 0x02, 0x22, 
0x9E, 0x1D, 0xD8, 0x18, 0xBF, 0x13, 0x65, 0x0E, 0xDB, 0x08, 0x34, 0x03, 0x82, 0xFD, 0xD9, 0xF7, 
0x4A, 0xF2, 0xE9, 0xEC, 0xC7, 0xE7, 0xF6, 0xE2, 0x85, 0xDE, 0x83, 0xDA, 0xFE, 0xD6, 0x02, 0xD4, 
0x97, 0xD1, 0xC7, 0xCF, 0x96, 0xCE, 0x0A, 0xCE, 0x24, 0xCE, 0xE4, 0xCE, 0x47, 0xD0, 0x48, 0xD2, 
0xE1, 0xD4, 0x0A, 0xD8, 0xB7, 0xDB, 0xDD, 0xDF, 0x6D, 0xE4, 0x5A, 0xE9, 0x91, 0xEE, 0x02, 0xF4, 
0x9C, 0xF9, 0x4A, 0xFF, 0xFA, 0x04, 0x9A, 0x0A, 0x17, 0x10, 0x5F, 0x15, 0x60, 0x1A, 0x08, 0x1F, 
0x4A, 0x23, 0x17, 0x27, 0x62, 0x2A, 0x20, 0x2D, 0x48, 0x2F, 0xD3, 0x30, 0xBB, 0x31, 0xFF, 0x31, 
0x9C, 0x31, 0x95, 0x30, 0xEC, 0x2E, 0xA7, 0x2C, 0xCE, 0x29, 0x6A, 0x26, 0x87, 0x22, 0x30, 0x1E, 
0x76, 0x19, 0x66, 0x14, 0x13, 0x0F, 0x8E, 0x09, 0xEA, 0x03, 0x39, 0xFE, 0x8D, 0xF8, 0xFA, 0xF2, 
0x92, 0xED, 0x67, 0xE8, 0x8B, 0xE3, 0x0D, 0xDF, 0xFD, 0xDA, 0x68, 0xD7, 0x59, 0xD4, 0xDC, 0xD1, 
0xF8, 0xCF, 0xB3, 0xCE, 0x13, 0xCE, 0x18, 0xCE, 0xC3, 0xCE, 0x12, 0xD0, 0xFF, 0xD1, 0x86, 0xD4, 
0x9D, 0xD7, 0x3A, 0xDB, 0x52, 0xDF, 0xD6, 0xE3, 0xB8, 0xE8, 0xE7, 0xED, 0x52, 0xF3, 0xE7, 0xF8, 
0x94, 0xFE, 0x44, 0x04, 0xE8, 0x09, 0x6A, 0x0F, 0xB9, 0x14, 0xC4, 0x19, 0x79, 0x1E, 0xC8, 0x22, 
0xA4, 0x26, 0x00, 0x2A, 0xD0, 0x2C, 0x0B, 0x2F, 0xAA, 0x30, 0xA7, 0x31, 0xFF, 0x31, 0xB2, 0x31, 
0xBF, 0x30, 0x2A, 0x2F, 0xF8, 0x2C, 0x31, 0x2A, 0xDE, 0x26, 0x0A, 0x23, 0xC1, 0x1E, 0x12, 0x1A, 
0x0C, 0x15, 0xC1, 0x0F, 0x41, 0x0A, 0x9F, 0x04, 0xEF, 0xFE, 0x41, 0xF9, 0xAA, 0xF3, 0x3C, 0xEE, 
0x08, 0xE9, 0x22, 0xE4, 0x97, 0xDF, 0x79, 0xDB, 0xD3, 0xD7, 0xB3, 0xD4, 0x23, 0xD2, 0x2C, 0xD0, 
0xD3, 0xCE, 0x1E, 0xCE, 0x0E, 0xCE, 0xA5, 0xCE, 0xDF, 0xCF, 0xB9, 0xD1, 0x2D, 0xD4, 0x33, 0xD7, 
0xC0, 0xDA, 0xC9, 0xDE, 0x40, 0xE3, 0x17, 0xE8, 0x3D, 0xED, 0xA2, 0xF2, 0x33, 0xF8, 0xDE, 0xFD, 
0x8F, 0x03, 0x35, 0x09, 0xBC, 0x0E, 0x13, 0x14, 0x27, 0x19, 0xE7, 0x1D, 0x44, 0x22, 0x30, 0x26, 
0x9C, 0x29, 0x7E, 0x2C, 0xCC, 0x2E, 0x7F, 0x30, 0x91, 0x31, 0xFD, 0x31, 0xC4, 0x31, 0xE6, 0x30, 
0x65, 0x2F, 0x47, 0x2D, 0x92, 0x2A, 0x50, 0x27, 0x8B, 0x23, 0x50, 0x1F, 0xAD, 0x1A, 0xB1, 0x15, 
0x6E, 0x10, 0xF3, 0x0A, 0x55, 0x05, 0xA5, 0xFF, 0xF6, 0xF9, 0x5B, 0xF4, 0xE7, 0xEE, 0xAB, 0xE9, 
0xBA, 0xE4, 0x23, 0xE0, 0xF6, 0xDB, 0x41, 0xD8, 0x10, 0xD5, 0x6D, 0xD2, 0x62, 0xD0, 0xF5, 0xCE, 
0x2B, 0xCE, 0x07, 0xCE, 0x89, 0xCE, 0xAF, 0xCF, 0x75, 0xD1, 0xD6, 0xD3, 0xCA, 0xD6, 0x47, 0xDA, 
0x41, 0xDE, 0xAC, 0xE2, 0x77, 0xE7, 0x95, 0xEC, 0xF2, 0xF1, 0x7F, 0xF7, 0x27, 0xFD, 0xD9, 0x02, 
0x81, 0x08, 0x0E, 0x0E, 0x6B, 0x13, 0x89, 0x18, 0x54, 0x1D, 0xBF, 0x21, 0xB9, 0x25, 0x36, 0x29, 
0x2A, 0x2C, 0x8B, 0x2E, 0x51, 0x30, 0x77, 0x31, 0xF9, 0x31, 0xD5, 0x31, 0x0B, 0x31, 0x9E, 0x2F, 
0x93, 0x2D, 0xF0, 0x2A, 0xBF, 0x27, 0x0A, 0x24, 0xDD, 0x1F, 0x46, 0x1B, 0x55, 0x16, 0x19, 0x11, 
0xA5, 0x0B, 0x0A, 0x06, 0x5B, 0x00, 0xAB, 0xFA, 0x0D, 0xF5, 0x92, 0xEF, 0x4F, 0xEA, 0x53, 0xE5, 
0xB0, 0xE0, 0x75, 0xDC, 0xB0, 0xD8, 0x6E, 0xD5, 0xB9, 0xD2, 0x9B, 0xD0, 0x1A, 0xCF, 0x3C, 0xCE, 
0x03, 0xCE, 0x6F, 0xCE, 0x81, 0xCF, 0x34, 0xD1, 0x82, 0xD3, 0x64, 0xD6, 0xD0, 0xD9, 0xBC, 0xDD, 
0x19, 0xE2, 0xD9, 0xE6, 0xED, 0xEB, 0x44, 0xF1, 0xCB, 0xF6, 0x71, 0xFC, 0x22, 0x02, 0xCD, 0x07, 
0x5E, 0x0D, 0xC3, 0x12, 0xE9, 0x17, 0xC0, 0x1C, 0x37, 0x21, 0x40, 0x25, 0xCD, 0x28, 0xD3, 0x2B, 
0x47, 0x2E, 0x21, 0x30, 0x5B, 0x31, 0xF2, 0x31, 0xE2, 0x31, 0x2D, 0x31, 0xD4, 0x2F, 0xDD, 0x2D, 
0x4D, 0x2B, 0x2D, 0x28, 0x87, 0x24, 0x69, 0x20, 0xDE, 0x1B, 0xF8, 0x16, 0xC4, 0x11, 0x56, 0x0C, 
0xBF, 0x06, 0x11, 0x01, 0x61, 0xFB, 0xBF, 0xF5, 0x3F, 0xF0, 0xF4, 0xEA, 0xEE, 0xE5, 0x3F, 0xE1, 
0xF6, 0xDC, 0x22, 0xD9, 0xCF, 0xD5, 0x08, 0xD3, 0xD6, 0xD0, 0x41, 0xCF, 0x4E, 0xCE, 0x01, 0xCE, 
0x59, 0xCE, 0x56, 0xCF, 0xF5, 0xD0, 0x30, 0xD3, 0x00, 0xD6, 0x5C, 0xD9, 0x38, 0xDD, 0x87, 0xE1, 
0x3C, 0xE6, 0x47, 0xEB, 0x96, 0xF0, 0x18, 0xF6, 0xBC, 0xFB, 0x6C, 0x01, 0x19, 0x07, 0xAE, 0x0C, 
0x19, 0x12, 0x48, 0x17, 0x2A, 0x1C, 0xAE, 0x20, 0xC6, 0x24, 0x63, 0x28, 0x7A, 0x2B, 0x01, 0x2E, 
0xEE, 0x2F, 0x3D, 0x31, 0xE8, 0x31, 0xED, 0x31, 0x4D, 0x31, 0x08, 0x30, 0x24, 0x2E, 0xA7, 0x2B, 
0x98, 0x28, 0x03, 0x25, 0xF3, 0x20, 0x75, 0x1C, 0x99, 0x17, 0x6E, 0x12, 0x06, 0x0D, 0x73, 0x07, 
0xC7, 0x01, 0x16, 0xFC, 0x72, 0xF6, 0xED, 0xF0, 0x9A, 0xEB, 0x8A, 0xE6, 0xD0, 0xE1, 0x79, 0xDD, 
0x96, 0xD9, 0x32, 0xD6, 0x59, 0xD3, 0x14, 0xD1, 0x6B, 0xCF, 0x64, 0xCE, 0x01, 0xCE, 0x45, 0xCE, 
0x2D, 0xCF, 0xB8, 0xD0, 0xE0, 0xD2, 0x9E, 0xD5, 0xE9, 0xD8, 0xB6, 0xDC, 0xF8, 0xE0, 0xA0, 0xE5, 
0xA1, 0xEA, 0xE9, 0xEF, 0x66, 0xF5, 0x06, 0xFB, 0xB6, 0x00, 0x64, 0x06, 0xFE, 0x0B, 0x6F, 0x11, 
0xA6, 0x16, 0x93, 0x1B, 0x23, 0x20, 0x49, 0x24, 0xF6, 0x27, 0x1F, 0x2B, 0xB8, 0x2D, 0xB9, 0x2F, 
0x1C, 0x31, 0xDC, 0x31, 0xF6, 0x31, 0x6A, 0x31, 0x39, 0x30, 0x69, 0x2E, 0xFE, 0x2B, 0x02, 0x29, 
0x7D, 0x25, 0x7B, 0x21, 0x0A, 0x1D, 0x39, 0x18, 0x17, 0x13, 0xB6, 0x0D, 0x27, 0x08, 0x7E, 0x02, 
0xCC, 0xFC, 0x25, 0xF7, 0x9B, 0xF1, 0x41, 0xEC, 0x28, 0xE7, 0x62, 0xE2, 0xFE, 0xDD, 0x0C, 0xDA, 
0x97, 0xD6, 0xAC, 0xD3, 0x54, 0xD1, 0x98, 0xCF, 0x7C, 0xCE, 0x04, 0xCE, 0x33, 0xCE, 0x07, 0xCF, 
0x7E, 0xD0, 0x93, 0xD2, 0x3F, 0xD5, 0x78, 0xD8, 0x35, 0xDC, 0x69, 0xE0, 0x06, 0xE5, 0xFD, 0xE9, 
0x3C, 0xEF, 0xB4, 0xF4, 0x51, 0xFA, 0x00, 0x00, 0xAF, 0x05, 0x4C, 0x0B, 0xC4, 0x10, 0x03, 0x16, 
0xFA, 0x1A, 0x97, 0x1F, 0xCB, 0x23, 0x88, 0x27, 0xC1, 0x2A, 0x6D, 0x2D, 0x82, 0x2F, 0xF9, 0x30, 
0xCD, 0x31, 0xFC, 0x31, 0x84, 0x31, 0x68, 0x30, 0xAC, 0x2E, 0x54, 0x2C, 0x69, 0x29, 0xF4, 0x25, 
0x02, 0x22, 0x9E, 0x1D, 0xD8, 0x18, 0xBF, 0x13, 0x65, 0x0E, 0xDB, 0x08, 0x34, 0x03, 0x82, 0xFD, 
0xD9, 0xF7, 0x4A, 0xF2, 0xE9, 0xEC, 0xC7, 0xE7, 0xF6, 0xE2, 0x85, 0xDE, 0x83, 0xDA, 0xFE, 0xD6, 
0x02, 0xD4, 0x97, 0xD1, 0xC7, 0xCF, 0x96, 0xCE, 0x0A, 0xCE, 0x24, 0xCE, 0xE4, 0xCE, 0x47, 0xD0, 
0x48, 0xD2, 0xE1, 0xD4, 0x0A, 0xD8, 0xB7, 0xDB, 0xDD, 0xDF, 0x6D, 0xE4, 0x5A, 0xE9, 0x91, 0xEE, 
0x02, 0xF4, 0x9C, 0xF9, 0x4A, 0xFF, 0xFA, 0x04, 0x9A, 0x0A, 0x17, 0x10, 0x5F, 0x15, 0x60, 0x1A, 
0x08, 0x1F, 0x4A, 0x23, 0x17, 0x27, 0x62, 0x2A, 0x20, 0x2D, 0x48, 0x2F, 0xD3, 0x30, 0xBB, 0x31, 
0xFF, 0x31, 0x9C, 0x31, 0x95, 0x30, 0xEC, 0x2E, 0xA7, 0x2C, 0xCE, 0x29, 0x6A, 0x26, 0x87, 0x22, 
0x30, 0x1E, 0x76, 0x19, 0x66, 0x14, 0x13, 0x0F, 0x8E, 0x09, 0xEA, 0x03, 0x39, 0xFE, 0x8D, 0xF8, 
0xFA, 0xF2, 0x92, 0xED, 0x67, 0xE8, 0x8B, 0xE3, 0x0D, 0xDF, 0xFD, 0xDA, 0x68, 0xD7, 0x59, 0xD4, 
0xDC, 0xD1, 0xF8, 0xCF, 0xB3, 0xCE, 0x13, 0xCE, 0x18, 0xCE, 0xC3, 0xCE, 0x12, 0xD0, 0xFF, 0xD1, 
0x86, 0xD4, 0x9D, 0xD7, 0x3A, 0xDB, 0x52, 0xDF, 0xD6, 0xE3, 0xB8, 0xE8, 0xE7, 0xED, 0x52, 0xF3, 
0xE7, 0xF8, 0x94, 0xFE, 0x44, 0x04, 0xE8, 0x09, 0x6A, 0x0F, 0xB9, 0x14, 0xC4, 0x19, 0x79, 0x1E, 
0xC8, 0x22, 0xA4, 0x26, 0x00, 0x2A, 0xD0, 0x2C, 0x0B, 0x2F, 0xAA, 0x30, 0xA7, 0x31, 0xFF, 0x31, 
0xB2, 0x31, 0xBF, 0x30, 0x2A, 0x2F, 0xF8, 0x2C, 0x31, 0x2A, 0xDE, 0x26, 0x0A, 0x23, 0xC1, 0x1E, 
0x12, 0x1A, 0x0C, 0x15, 0xC1, 0x0F, 0x41, 0x0A, 0x9F, 0x04, 0xEF, 0xFE, 0x41, 0xF9, 0xAA, 0xF3, 
0x3C, 0xEE, 0x08, 0xE9, 0x22, 0xE4, 0x97, 0xDF, 0x79, 0xDB, 0xD3, 0xD7, 0xB3, 0xD4, 0x23, 0xD2, 
0x2C, 0xD0, 0xD3, 0xCE, 0x1E, 0xCE, 0x0E, 0xCE, 0xA5, 0xCE, 0xDF, 0xCF, 0xB9, 0xD1, 0x2D, 0xD4, 
0x33, 0xD7, 0xC0, 0xDA, 0xC9, 0xDE, 0x40, 0xE3, 0x17, 0xE8, 0x3D, 0xED, 0xA2, 0xF2, 0x33, 0xF8, 
0xDE, 0xFD, 0x8F, 0x03, 0x35, 0x09, 0xBC, 0x0E, 0x13, 0x14, 0x27, 0x19, 0xE7, 0x1D, 0x44, 0x22, 
0x30, 0x26, 0x9C, 0x29, 0x7E, 0x2C, 0xCC, 0x2E, 0x7F, 0x30, 0x91, 0x31, 0xFD, 0x31, 0xC4, 0x31, 
0xE6, 0x30, 0x65, 0x2F, 0x47, 0x2D, 0x92, 0x2A, 0x50, 0x27, 0x8B, 0x23, 0x50, 0x1F, 0xAD, 0x1A, 
0xB1, 0x15, 0x6E, 0x10, 0xF3, 0x0A, 0x55, 0x05, 0xA5, 0xFF, 0xF6, 0xF9, 0x5B, 0xF4, 0xE7, 0xEE, 
0xAB, 0xE9, 0xBA, 0xE4, 0x23, 0xE0, 0xF6, 0xDB, 0x41, 0xD8, 0x10, 0xD5, 0x6D, 0xD2, 0x62, 0xD0, 
0xF5, 0xCE, 0x2B, 0xCE, 0x07, 0xCE, 0x89, 0xCE, 0xAF, 0xCF, 0x75, 0xD1, 0xD6, 0xD3, 0xCA, 0xD6, 
0x47, 0xDA, 0x41, 0xDE, 0xAC, 0xE2, 0x77, 0xE7, 0x95, 0xEC, 0xF2, 0xF1, 0x7F, 0xF7, 0x27, 0xFD, 
0xD9, 0x02, 0x81, 0x08, 0x0E, 0x0E, 0x6B, 0x13, 0x89, 0x18, 0x54, 0x1D, 0xBF, 0x21, 0xB9, 0x25, 
0x36, 0x29, 0x2A, 0x2C, 0x8B, 0x2E, 0x51, 0x30, 0x77, 0x31, 0xF9, 0x31, 0xD5, 0x31, 0x0B, 0x31, 
0x9E, 0x2F, 0x93, 0x2D, 0xF0, 0x2A, 0xBF, 0x27, 0x0A, 0x24, 0xDD, 0x1F, 0x46, 0x1B, 0x55, 0x16, 
0x19, 0x11, 0xA5, 0x0B, 0x0A, 0x06, 0x5B, 0x00, 0xAB, 0xFA, 0x0D, 0xF5, 0x92, 0xEF, 0x4F, 0xEA, 
0x53, 0xE5, 0xB0, 0xE0, 0x75, 0xDC, 0xB0, 0xD8, 0x6E, 0xD5, 0xB9, 0xD2, 0x9B, 0xD0, 0x1A, 0xCF, 
0x3C, 0xCE, 0x03, 0xCE, 0x6F, 0xCE, 0x81, 0xCF, 0x34, 0xD1, 0x82, 0xD3, 0x64, 0xD6, 0xD0, 0xD9, 
0xBC, 0xDD, 0x19, 0xE2, 0xD9, 0xE6, 0xED, 0xEB, 0x44, 0xF1, 0xCB, 0xF6, 0x71, 0xFC, 0x22, 0x02, 
0xCD, 0x07, 0x5E, 0x0D, 0xC3, 0x12, 0xE9, 0x17, 0xC0, 0x1C, 0x37, 0x21, 0x40, 0x25, 0xCD, 0x28, 
0xD3, 0x2B, 0x47, 0x2E, 0x21, 0x30, 0x5B, 0x31, 0xF2, 0x31, 0xE2, 0x31, 0x2D, 0x31, 0xD4, 0x2F, 
0xDD, 0x2D, 0x4D, 0x2B, 0x2D, 0x28, 0x87, 0x24, 0x69, 0x20, 0xDE, 0x1B, 0xF8, 0x16, 0xC4, 0x11, 
0x56, 0x0C, 0xBF, 0x06, 0x11, 0x01, 0x61, 0xFB, 0xBF, 0xF5, 0x3F, 0xF0, 0xF4, 0xEA, 0xEE, 0xE5, 
0x3F, 0xE1, 0xF6, 0xDC, 0x22, 0xD9, 0xCF, 0xD5, 0x08, 0xD3, 0xD6, 0xD0, 0x41, 0xCF, 0x4E, 0xCE, 
0x01, 0xCE, 0x59, 0xCE, 0x56, 0xCF, 0xF5, 0xD0, 0x30, 0xD3, 0x00, 0xD6, 0x5C, 0xD9, 0x38, 0xDD, 
0x87, 0xE1, 0x3C, 0xE6, 0x47, 0xEB, 0x96, 0xF0, 0x18, 0xF6, 0xBC, 0xFB, 0x6C, 0x01, 0x19, 0x07, 
0xAE, 0x0C, 0x19, 0x12, 0x48, 0x17, 0x2A, 0x1C, 0xAE, 0x20, 0xC6, 0x24, 0x63, 0x28, 0x7A, 0x2B, 
0x01, 0x2E, 0xEE, 0x2F, 0x3D, 0x31, 0xE8, 0x31, 0xED, 0x31, 0x4D, 0x31, 0x08, 0x30, 0x24, 0x2E, 
0xA7, 0x2B, 0x98, 0x28, 0x03, 0x25, 0xF3, 0x20, 0x75, 0x1C, 0x99, 0x17, 0x6E, 0x12, 0x06, 0x0D, 
0x73, 0x07, 0xC7, 0x01, 0x16, 0xFC, 0x72, 0xF6, 0xED, 0xF0, 0x9A, 0xEB, 0x8A, 0xE6, 0xD0, 0xE1, 
0x79, 0xDD, 0x96, 0xD9, 0x32, 0xD6, 0x59, 0xD3, 0x14, 0xD1, 0x6B, 0xCF, 0x64, 0xCE, 0x01, 0xCE, 
0x45, 0xCE, 0x2D, 0xCF, 0xB8, 0xD0, 0xE0, 0xD2, 0x9E, 0xD5, 0xE9, 0xD8, 0xB6, 0xDC, 0xF8, 0xE0, 
0xA0, 0xE5, 0xA1, 0xEA, 0xE9, 0xEF, 0x66, 0xF5, 0x06, 0xFB, 0xB6, 0x00, 0x64, 0x06, 0xFE, 0x0B, 
0x6F, 0x11, 0xA6, 0x16, 0x93, 0x1B, 0x23, 0x20, 0x49, 0x24, 0xF6, 0x27, 0x1F, 0x2B, 0xB8, 0x2D, 
0xB9, 0x2F, 0x1C, 0x31, 0xDC, 0x31, 0xF6, 0x31, 0x6A, 0x31, 0x39, 0x30, 0x69, 0x2E, 0xFE, 0x2B, 
0x02, 0x29, 0x7D, 0x25, 0x7B, 0x21, 0x0A, 0x1D, 0x39, 0x18, 0x17, 0x13, 0xB6, 0x0D, 0x27, 0x08, 
0x7E, 0x02, 0xCC, 0xFC, 0x25, 0xF7, 0x9B, 0xF1, 0x41, 0xEC, 0x28, 0xE7, 0x62, 0xE2, 0xFE, 0xDD, 
0x0C, 0xDA, 0x97, 0xD6, 0xAC, 0xD3, 0x54, 0xD1, 0x98, 0xCF, 0x7C, 0xCE, 0x04, 0xCE, 0x33, 0xCE, 
0x07, 0xCF, 0x7E, 0xD0, 0x93, 0xD2, 0x3F, 0xD5, 0x78, 0xD8, 0x35, 0xDC, 0x69, 0xE0, 0x06, 0xE5, 
0xFD, 0xE9, 0x3C, 0xEF, 0xB4, 0xF4, 0x51, 0xFA, 0x00, 0x00, 0xAF, 0x05, 0x4C, 0x0B, 0xC4, 0x10, 
0x03, 0x16, 0xFA, 0x1A, 0x97, 0x1F, 0xCB, 0x23, 0x88, 0x27, 0xC1, 0x2A, 0x6D, 0x2D, 0x82, 0x2F, 
0xF9, 0x30, 0xCD, 0x31, 0xFC, 0x31, 0x84, 0x31, 0x68, 0x30, 0xAC, 0x2E, 0x54, 0x2C, 0x69, 0x29, 
0xF4, 0x25, 0x02, 0x22, 0x9E, 0x1D, 0xD8, 0x18, 0xBF, 0x13, 0x65, 0x0E, 0xDB, 0x08, 0x34, 0x03, 
0x82, 0xFD, 0xD9, 0xF7, 0x4A, 0xF2, 0xE9, 0xEC, 0xC7, 0xE7, 0xF6, 0xE2, 0x85, 0xDE, 0x83, 0xDA, 
0xFE, 0xD6, 0x02, 0xD4, 0x97, 0xD1, 0xC7, 0xCF, 0x96, 0xCE, 0x0A, 0xCE, 0x24, 0xCE, 0xE4, 0xCE, 
0x47, 0xD0, 0x48, 0xD2, 0xE1, 0xD4, 0x0A, 0xD8, 0xB7, 0xDB, 0xDD, 0xDF, 0x6D, 0xE4, 0x5A, 0xE9, 
0x91, 0xEE, 0x02, 0xF4, 0x9C, 0xF9, 0x4A, 0xFF, 0xFA, 0x04, 0x9A, 0x0A, 0x17, 0x10, 0x5F, 0x15, 
0x60, 0x1A, 0x08, 0x1F, 0x4A, 0x23, 0x17, 0x27, 0x62, 0x2A, 0x20, 0x2D, 0x48, 0x2F, 0xD3, 0x30, 
0xBB, 0x31, 0xFF, 0x31, 0x9C, 0x31, 0x95, 0x30, 0xEC, 0x2E, 0xA7, 0x2C, 0xCE, 0x29, 0x6A, 0x26, 
0x87, 0x22, 0x30, 0x1E, 0x76, 0x19, 0x66, 0x14, 0x13, 0x0F, 0x8E, 0x09, 0xEA, 0x03, 0x39, 0xFE, 
0x8D, 0xF8, 0xFA, 0xF2, 0x92, 0xED, 0x67, 0xE8, 0x8B, 0xE3, 0x0D, 0xDF, 0xFD, 0xDA, 0x68, 0xD7, 
0x59, 0xD4, 0xDC, 0xD1, 0xF8, 0xCF, 0xB3, 0xCE, 0x13, 0xCE, 0x18, 0xCE, 0xC3, 0xCE, 0x12, 0xD0, 
0xFF, 0xD1, 0x86, 0xD4, 0x9D, 0xD7, 0x3A, 0xDB, 0x52, 0xDF, 0xD6, 0xE3, 0xB8, 0xE8, 0xE7, 0xED, 
0x52, 0xF3, 0xE7, 0xF8, 0x94, 0xFE, 0x44, 0x04, 0xE8, 0x09, 0x6A, 0x0F, 0xB9, 0x14, 0xC4, 0x19, 
0x79, 0x1E, 0xC8, 0x22, 0xA4, 0x26, 0x00, 0x2A, 0xD0, 0x2C, 0x0B, 0x2F, 0xAA, 0x30, 0xA7, 0x31, 
0xFF, 0x31, 0xB2, 0x31, 0xBF, 0x30, 0x2A, 0x2F, 0xF8, 0x2C, 0x31, 0x2A, 0xDE, 0x26, 0x0A, 0x23, 
0xC1, 0x1E, 0x12, 0x1A, 0x0C, 0x15, 0xC1, 0x0F, 0x41, 0x0A, 0x9F, 0x04, 0xEF, 0xFE, 0x41, 0xF9, 
0xAA, 0xF3, 0x3C, 0xEE, 0x08, 0xE9, 0x22, 0xE4, 0x97, 0xDF, 0x79, 0xDB, 0xD3, 0xD7, 0xB3, 0xD4, 
0x23, 0xD2, 0x2C, 0xD0, 0xD3, 0xCE, 0x1E, 0xCE, 0x0E, 0xCE, 0xA5, 0xCE, 0xDF, 0xCF, 0xB9, 0xD1, 
0x2D, 0xD4, 0x33, 0xD7, 0xC0, 0xDA, 0xC9, 0xDE, 0x40, 0xE3, 0x17, 0xE8, 0x3D, 0xED, 0xA2, 0xF2, 
0x33, 0xF8, 0xDE, 0xFD, 0x8F, 0x03, 0x35, 0x09, 0xBC, 0x0E, 0x13, 0x14, 0x27, 0x19, 0xE7, 0x1D, 
0x44, 0x22, 0x30, 0x26, 0x9C, 0x29, 0x7E, 0x2C, 0xCC, 0x2E, 0x7F, 0x30, 0x91, 0x31, 0xFD, 0x31, 
0xC4, 0x31, 0xE6, 0x30, 0x65, 0x2F, 0x47, 0x2D, 0x92, 0x2A, 0x50, 0x27, 0x8B, 0x23, 0x50, 0x1F, 
0xAD, 0x1A, 0xB1, 0x15, 0x6E, 0x10, 0xF3, 0x0A, 0x55, 0x05, 0xA5, 0xFF, 0xF6, 0xF9, 0x5B, 0xF4, 
0xE7, 0xEE, 0xAB, 0xE9, 0xBA, 0xE4, 0x23, 0xE0, 0xF6, 0xDB, 0x41, 0xD8, 0x10, 0xD5, 0x6D, 0xD2, 
0x62, 0xD0, 0xF5, 0xCE, 0x2B, 0xCE, 0x07, 0xCE, 0x89, 0xCE, 0xAF, 0xCF, 0x75, 0xD1, 0xD6, 0xD3, 
0xCA, 0xD6, 0x47, 0xDA, 0x41, 0xDE, 0xAC, 0xE2, 0x77, 0xE7, 0x95, 0xEC, 0xF2, 0xF1, 0x7F, 0xF7, 
0x27, 0xFD, 0xD9, 0x02, 0x81, 0x08, 0x0E, 0x0E, 0x6B, 0x13, 0x89, 0x18, 0x54, 0x1D, 0xBF, 0x21, 
0xB9, 0x25, 0x36, 0x29, 0x2A, 0x2C, 0x8B, 0x2E, 0x51, 0x30, 0x77, 0x31, 0xF9, 0x31, 0xD5, 0x31, 
0x0B, 0x31, 0x9E, 0x2F, 0x93, 0x2D, 0xF0, 0x2A, 0xBF, 0x27, 0x0A, 0x24, 0xDD, 0x1F, 0x46, 0x1B, 
0x55, 0x16, 0x19, 0x11, 0xA5, 0x0B, 0x0A, 0x06, 0x5B, 0x00, 0xAB, 0xFA, 0x0D, 0xF5, 0x92, 0xEF, 
0x4F, 0xEA, 0x53, 0xE5, 0xB0, 0xE0, 0x75, 0xDC, 0xB0, 0xD8, 0x6E, 0xD5, 0xB9, 0xD2, 0x9B, 0xD0, 
0x1A, 0xCF, 0x3C, 0xCE, 0x03, 0xCE, 0x6F, 0xCE, 0x81, 0xCF, 0x34, 0xD1, 0x82, 0xD3, 0x64, 0xD6, 
0xD0, 0xD9, 0xBC, 0xDD, 0x19, 0xE2, 0xD9, 0xE6, 0xED, 0xEB, 0x44, 0xF1, 0xCB, 0xF6, 0x71, 0xFC, 
0x22, 0x02, 0xCD, 0x07, 0x5E, 0x0D, 0xC3, 0x12, 0xE9, 0x17, 0xC0, 0x1C, 0x37, 0x21, 0x40, 0x25, 
0xCD, 0x28, 0xD3, 0x2B, 0x47, 0x2E, 0x21, 0x30, 0x5B, 0x31, 0xF2, 0x31, 0xE2, 0x31, 0x2D, 0x31, 
0xD4, 0x2F, 0xDD, 0x2D, 0x4D, 0x2B, 0x2D, 0x28, 0x87, 0x24, 0x69, 0x20, 0xDE, 0x1B, 0xF8, 0x16, 
0xC4, 0x11, 0x56, 0x0C, 0xBF, 0x06, 0x11, 0x01, 0x61, 0xFB, 0xBF, 0xF5, 0x3F, 0xF0, 0xF4, 0xEA, 
0xEE, 0xE5, 0x3F, 0xE1, 0xF6, 0xDC, 0x22, 0xD9, 0xCF, 0xD5, 0x08, 0xD3, 0xD6, 0xD0, 0x41, 0xCF, 
0x4E, 0xCE, 0x01, 0xCE, 0x59, 0xCE, 0x56, 0xCF, 0xF5, 0xD0, 0x30, 0xD3, 0x00, 0xD6, 0x5C, 0xD9, 
0x38, 0xDD, 0x87, 0xE1, 0x3C, 0xE6, 0x47, 0xEB, 0x96, 0xF0, 0x18, 0xF6, 0xBC, 0xFB, 0x6C, 0x01, 
0x19, 0x07, 0xAE, 0x0C, 0x19, 0x12, 0x48, 0x17, 0x2A, 0x1C, 0xAE, 0x20, 0xC6, 0x24, 0x63, 0x28, 
0x7A, 0x2B, 0x01, 0x2E, 0xEE, 0x2F, 0x3D, 0x31, 0xE8, 0x31, 0xED, 0x31, 0x4D, 0x31, 0x08, 0x30, 
0x24, 0x2E, 0xA7, 0x2B, 0x98, 0x28, 0x03, 0x25, 0xF3, 0x20, 0x75, 0x1C, 0x99, 0x17, 0x6E, 0x12, 
0x06, 0x0D, 0x73, 0x07, 0xC7, 0x01, 0x16, 0xFC, 0x72, 0xF6, 0xED, 0xF0, 0x9A, 0xEB, 0x8A, 0xE6, 
0xD0, 0xE1, 0x79, 0xDD, 0x96, 0xD9, 0x32, 0xD6, 0x59, 0xD3, 0x14, 0xD1, 0x6B, 0xCF, 0x64, 0xCE, 
0x01, 0xCE, 0x45, 0xCE, 0x2D, 0xCF, 0xB8, 0xD0, 0xE0, 0xD2, 0x9E, 0xD5, 0xE9, 0xD8, 0xB6, 0xDC, 
0xF8, 0xE0, 0xA0, 0xE5, 0xA1, 0xEA, 0xE9, 0xEF, 0x66, 0xF5, 0x06, 0xFB, 0xB6, 0x00, 0x64, 0x06, 
0xFE, 0x0B, 0x6F, 0x11, 0xA6, 0x16, 0x93, 0x1B, 0x23, 0x20, 0x49, 0x24, 0xF6, 0x27, 0x1F, 0x2B, 
0xB8, 0x2D, 0xB9, 0x2F, 0x1C, 0x31, 0xDC, 0x31, 0xF6, 0x31, 0x6A, 0x31, 0x39, 0x30, 0x69, 0x2E, 
0xFE, 0x2B, 0x02, 0x29, 0x7D, 0x25, 0x7B, 0x21, 0x0A, 0x1D, 0x39, 0x18, 0x17, 0x13, 0xB6, 0x0D, 
0x27, 0x08, 0x7E, 0x02, 0xCC, 0xFC, 0x25, 0xF7, 0x9B, 0xF1, 0x41, 0xEC, 0x28, 0xE7, 0x62, 0xE2, 
0xFE, 0xDD, 0x0C, 0xDA, 0x97, 0xD6, 0xAC, 0xD3, 0x54, 0xD1, 0x98, 0xCF, 0x7C, 0xCE, 0x04, 0xCE, 
0x33, 0xCE, 0x07, 0xCF, 0x7E, 0xD0, 0x93, 0xD2, 0x3F, 0xD5, 0x78, 0xD8, 0x35, 0xDC, 0x69, 0xE0, 
0x06, 0xE5, 0xFD, 0xE9, 0x3C, 0xEF, 0xB4, 0xF4, 0x51, 0xFA, 0x00, 0x00, 0xAF, 0x05, 0x4C, 0x0B, 
0xC4, 0x10, 0x03, 0x16, 0xFA, 0x1A, 0x97, 0x1F, 0xCB, 0x23, 0x88, 0x27, 0xC1, 0x2A, 0x6D, 0x2D, 
0x82, 0x2F, 0xF9, 0x30, 0xCD, 0x31, 0xFC, 0x31, 0x84, 0x31, 0x68, 0x30, 0xAC, 0x2E, 0x54, 0x2C, 
0x69, 0x29, 0xF4, 0x25, 0x02, 0x22, 0x9E, 0x1D, 0xD8, 0x18, 0xBF, 0x13, 0x65, 0x0E, 0xDB, 0x08, 
0x34, 0x03, 0x82, 0xFD, 0xD9, 0xF7, 0x4A, 0xF2, 0xE9, 0xEC, 0xC7, 0xE7, 0xF6, 0xE2, 0x85, 0xDE, 
0x83, 0xDA, 0xFE, 0xD6, 0x02, 0xD4, 0x97, 0xD1, 0xC7, 0xCF, 0x96, 0xCE, 0x0A, 0xCE, 0x24, 0xCE, 
0xE4, 0xCE, 0x47, 0xD0, 0x48, 0xD2, 0xE1, 0xD4, 0x0A, 0xD8, 0xB7, 0xDB, 0xDD, 0xDF, 0x6D, 0xE4, 
0x5A, 0xE9, 0x91, 0xEE, 0x02, 0xF4, 0x9C, 0xF9, 0x4A, 0xFF, 0xFA, 0x04, 0x9A, 0x0A, 0x17, 0x10, 
0x5F, 0x15, 0x60, 0x1A, 0x08, 0x1F, 0x4A, 0x23, 0x17, 0x27, 0x62, 0x2A, 0x20, 0x2D, 0x48, 0x2F, 
0xD3, 0x30, 0xBB, 0x31, 0xFF, 0x31, 0x9C, 0x31, 0x95, 0x30, 0xEC, 0x2E, 0xA7, 0x2C, 0xCE, 0x29, 
0x6A, 0x26, 0x87, 0x22, 0x30, 0x1E, 0x76, 0x19, 0x66, 0x14, 0x13, 0x0F, 0x8E, 0x09, 0xEA, 0x03, 
0x39, 0xFE, 0x8D, 0xF8, 0xFA, 0xF2, 0x92, 0xED, 0x67, 0xE8, 0x8B, 0xE3, 0x0D, 0xDF, 0xFD, 0xDA, 
0x68, 0xD7, 0x59, 0xD4, 0xDC, 0xD1, 0xF8, 0xCF, 0xB3, 0xCE, 0x13, 0xCE, 0x18, 0xCE, 0xC3, 0xCE, 
0x12, 0xD0, 0xFF, 0xD1, 0x86, 0xD4, 0x9D, 0xD7, 0x3A, 0xDB, 0x52, 0xDF, 0xD6, 0xE3, 0xB8, 0xE8, 
0xE7, 0xED, 0x52, 0xF3, 0xE7, 0xF8, 0x94, 0xFE, 0x44, 0x04, 0xE8, 0x09, 0x6A, 0x0F, 0xB9, 0x14, 
0xC4, 0x19, 0x79, 0x1E, 0xC8, 0x22, 0xA4, 0x26, 0x00, 0x2A, 0xD0, 0x2C, 0x0B, 0x2F, 0xAA, 0x30, 
0xA7, 0x31, 0xFF, 0x31, 0xB2, 0x31, 0xBF, 0x30, 0x2A, 0x2F, 0xF8, 0x2C, 0x31, 0x2A, 0xDE, 0x26, 
0x0A, 0x23, 0xC1, 0x1E, 0x12, 0x1A, 0x0C, 0x15, 0xC1, 0x0F, 0x41, 0x0A, 0x9F, 0x04, 0xEF, 0xFE, 
0x41, 0xF9, 0xAA, 0xF3, 0x3C, 0xEE, 0x08, 0xE9, 0x22, 0xE4, 0x97, 0xDF, 0x79, 0xDB, 0xD3, 0xD7, 
0xB3, 0xD4, 0x23, 0xD2, 0x2C, 0xD0, 0xD3, 0xCE, 0x1E, 0xCE, 0x0E, 0xCE, 0xA5, 0xCE, 0xDF, 0xCF, 
0xB9, 0xD1, 0x2D, 0xD4, 0x33, 0xD7, 0xC0, 0xDA, 0xC9, 0xDE, 0x40, 0xE3, 0x17, 0xE8, 0x3D, 0xED, 
0xA2, 0xF2, 0x33, 0xF8, 0xDE, 0xFD, 0x8F, 0x03, 0x35, 0x09, 0xBC, 0x0E, 0x13, 0x14, 0x27, 0x19, 
0xE7, 0x1D, 0x44, 0x22, 0x30, 0x26, 0x9C, 0x29, 0x7E, 0x2C, 0xCC, 0x2E, 0x7F, 0x30, 0x91, 0x31, 
0xFD, 0x31, 0xC4, 0x31, 0xE6, 0x30, 0x65, 0x2F, 0x47, 0x2D, 0x92, 0x2A, 0x50, 0x27, 0x8B, 0x23, 
0x50, 0x1F, 0xAD, 0x1A, 0xB1, 0x15, 0x6E, 0x10, 0xF3, 0x0A, 0x55, 0x05, 0xA5, 0xFF, 0xF6, 0xF9, 
0x5B, 0xF4, 0xE7, 0xEE, 0xAB, 0xE9, 0xBA, 0xE4, 0x23, 0xE0, 0xF6, 0xDB, 0x41, 0xD8, 0x10, 0xD5, 
0x6D, 0xD2, 0x62, 0xD0, 0xF5, 0xCE, 0x2B, 0xCE, 0x07, 0xCE, 0x89, 0xCE, 0xAF, 0xCF, 0x75, 0xD1, 
0xD6, 0xD3, 0xCA, 0xD6, 0x47, 0xDA, 0x41, 0xDE, 0xAC, 0xE2, 0x77, 0xE7, 0x95, 0xEC, 0xF2, 0xF1, 
0x7F, 0xF7, 0x27, 0xFD, 0xD9, 0x02, 0x81, 0x08, 0x0E, 0x0E, 0x6B, 0x13, 0x89, 0x18, 0x54, 0x1D, 
0xBF, 0x21, 0xB9, 0x25, 0x36, 0x29, 0x2A, 0x2C, 0x8B, 0x2E, 0x51, 0x30, 0x77, 0x31, 0xF9, 0x31, 
0xD5, 0x31, 0x0B, 0x31, 0x9E, 0x2F, 0x93, 0x2D, 0xF0, 0x2A, 0xBF, 0x27, 0x0A, 0x24, 0xDD, 0x1F, 
0x46, 0x1B, 0x55, 0x16, 0x19, 0x11, 0xA5, 0x0B, 0x0A, 0x06, 0x5B, 0x00, 0xAB, 0xFA, 0x0D, 0xF5, 
0x92, 0xEF, 0x4F, 0xEA, 0x53, 0xE5, 0xB0, 0xE0, 0x75, 0xDC, 0xB0, 0xD8, 0x6E, 0xD5, 0xB9, 0xD2, 
0x9B, 0xD0, 0x1A, 0xCF, 0x3C, 0xCE, 0x03, 0xCE, 0x6F, 0xCE, 0x81, 0xCF, 0x34, 0xD1, 0x82, 0xD3, 
0x64, 0xD6, 0xD0, 0xD9, 0xBC, 0xDD, 0x19, 0xE2, 0xD9, 0xE6, 0xED, 0xEB, 0x44, 0xF1, 0xCB, 0xF6, 
0x71, 0xFC, 0x22, 0x02, 0xCD, 0x07, 0x5E, 0x0D, 0xC3, 0x12, 0xE9, 0x17, 0xC0, 0x1C, 0x37, 0x21, 
0x40, 0x25, 0xCD, 0x28, 0xD3, 0x2B, 0x47, 0x2E, 0x21, 0x30, 0x5B, 0x31, 0xF2, 0x31, 0xE2, 0x31, 
0x2D, 0x31, 0xD4, 0x2F, 0xDD, 0x2D, 0x4D, 0x2B, 0x2D, 0x28, 0x87, 0x24, 0x69, 0x20, 0xDE, 0x1B, 
0xF8, 0x16, 0xC4, 0x11, 0x56, 0x0C, 0xBF, 0x06, 0x11, 0x01, 0x61, 0xFB, 0xBF, 0xF5, 0x3F, 0xF0, 
0xF4, 0xEA, 0xEE, 0xE5, 0x3F, 0xE1, 0xF6, 0xDC, 0x22, 0xD9, 0xCF, 0xD5, 0x08, 0xD3, 0xD6, 0xD0, 
0x41, 0xCF, 0x4E, 0xCE, 0x01, 0xCE, 0x59, 0xCE, 0x56, 0xCF, 0xF5, 0xD0, 0x30, 0xD3, 0x00, 0xD6, 
0x5C, 0xD9, 0x38, 0xDD, 0x87, 0xE1, 0x3C, 0xE6, 0x47, 0xEB, 0x96, 0xF0, 0x18, 0xF6, 0xBC, 0xFB, 
0x6C, 0x01, 0x19, 0x07, 0xAE, 0x0C, 0x19, 0x12, 0x48, 0x17, 0x2A, 0x1C, 0xAE, 0x20, 0xC6, 0x24, 
0x63, 0x28, 0x7A, 0x2B, 0x01, 0x2E, 0xEE, 0x2F, 0x3D, 0x31, 0xE8, 0x31, 0xED, 0x31, 0x4D, 0x31, 
0x08, 0x30, 0x24, 0x2E, 0xA7, 0x2B, 0x98, 0x28, 0x03, 0x25, 0xF3, 0x20, 0x75, 0x1C, 0x99, 0x17, 
0x6E, 0x12, 0x06, 0x0D, 0x73, 0x07, 0xC7, 0x01, 0x16, 0xFC, 0x72, 0xF6, 0xED, 0xF0, 0x9A, 0xEB, 
0x8A, 0xE6, 0xD0, 0xE1, 0x79, 0xDD, 0x96, 0xD9, 0x32, 0xD6, 0x59, 0xD3, 0x14, 0xD1, 0x6B, 0xCF, 
0x64, 0xCE, 0x01, 0xCE, 0x45, 0xCE, 0x2D, 0xCF, 0xB8, 0xD0, 0xE0, 0xD2, 0x9E, 0xD5, 0xE9, 0xD8, 
0xB6, 0xDC, 0xF8, 0xE0, 0xA0, 0xE5, 0xA1, 0xEA, 0xE9, 0xEF, 0x66, 0xF5, 0x06, 0xFB, 0xB6, 0x00, 
0x64, 0x06, 0xFE, 0x0B, 0x6F, 0x11, 0xA6, 0x16, 0x93, 0x1B, 0x23, 0x20, 0x49, 0x24, 0xF6, 0x27, 
0x1F, 0x2B, 0xB8, 0x2D, 0xB9, 0x2F, 0x1C, 0x31, 0xDC, 0x31, 0xF6, 0x31, 0x6A, 0x31, 0x39, 0x30, 
0x69, 0x2E, 0xFE, 0x2B, 0x02, 0x29, 0x7D, 0x25, 0x7B, 0x21, 0x0A, 0x1D, 0x39, 0x18, 0x17, 0x13, 
0xB6, 0x0D, 0x27, 0x08, 0x7E, 0x02, 0xCC, 0xFC, 0x25, 0xF7, 0x9B, 0xF1, 0x41, 0xEC, 0x28, 0xE7, 
0x62, 0xE2, 0xFE, 0xDD, 0x0C, 0xDA, 0x97, 0xD6, 0xAC, 0xD3, 0x54, 0xD1, 0x98, 0xCF, 0x7C, 0xCE, 
0x04, 0xCE, 0x33, 0xCE, 0x07, 0xCF, 0x7E, 0xD0, 0x93, 0xD2, 0x3F, 0xD5, 0x78, 0xD8, 0x35, 0xDC, 
0x69, 0xE0, 0x06, 0xE5, 0xFD, 0xE9, 0x3C, 0xEF, 0xB4, 0xF4, 0x51, 0xFA, 0x00, 0x00, 0xAF, 0x05, 
0x4C, 0x0B, 0xC4, 0x10, 0x03, 0x16, 0xFA, 0x1A, 0x97, 0x1F, 0xCB, 0x23, 0x88, 0x27, 0xC1, 0x2A, 
0x6D, 0x2D, 0x82, 0x2F, 0xF9, 0x30, 0xCD, 0x31, 0xFC, 0x31, 0x84, 0x31, 0x68, 0x30, 0xAC, 0x2E, 
0x54, 0x2C, 0x69, 0x29, 0xF4, 0x25, 0x02, 0x22, 0x9E, 0x1D, 0xD8, 0x18, 0xBF, 0x13, 0x65, 0x0E, 
0xDB, 0x08, 0x34, 0x03, 0x82, 0xFD, 0xD9, 0xF7, 0x4A, 0xF2, 0xE9, 0xEC, 0xC7, 0xE7, 0xF6, 0xE2, 
0x85, 0xDE, 0x83, 0xDA, 0xFE, 0xD6, 0x02, 0xD4, 0x97, 0xD1, 0xC7, 0xCF, 0x96, 0xCE, 0x0A, 0xCE, 
0x24, 0xCE, 0xE4, 0xCE, 0x47, 0xD0, 0x48, 0xD2, 0xE1, 0xD4, 0x0A, 0xD8, 0xB7, 0xDB, 0xDD, 0xDF, 
0x6D, 0xE4, 0x5A, 0xE9, 0x91, 0xEE, 0x02, 0xF4, 0x9C, 0xF9, 0x4A, 0xFF, 0xFA, 0x04, 0x9A, 0x0A, 
0x17, 0x10, 0x5F, 0x15, 0x60, 0x1A, 0x08, 0x1F, 0x4A, 0x23, 0x17, 0x27, 0x62, 0x2A, 0x20, 0x2D, 
0x48, 0x2F, 0xD3, 0x30, 0xBB, 0x31, 0xFF, 0x31, 0x9C, 0x31, 0x95, 0x30, 0xEC, 0x2E, 0xA7, 0x2C, 
0xCE, 0x29, 0x6A, 0x26, 0x87, 0x22, 0x30, 0x1E, 0x76, 0x19, 0x66, 0x14, 0x13, 0x0F, 0x8E, 0x09, 
0xEA, 0x03, 0x39, 0xFE, 0x8D, 0xF8, 0xFA, 0xF2, 0x92, 0xED, 0x67, 0xE8, 0x8B, 0xE3, 0x0D, 0xDF, 
0xFD, 0xDA, 0x68, 0xD7, 0x59, 0xD4, 0xDC, 0xD1, 0xF8, 0xCF, 0xB3, 0xCE, 0x13, 0xCE, 0x18, 0xCE, 
0xC3, 0xCE, 0x12, 0xD0, 0xFF, 0xD1, 0x86, 0xD4, 0x9D, 0xD7, 0x3A, 0xDB, 0x52, 0xDF, 0xD6, 0xE3, 
0xB8, 0xE8, 0xE7, 0xED, 0x52, 0xF3, 0xE7, 0xF8, 0x94, 0xFE, 0x44, 0x04, 0xE8, 0x09, 0x6A, 0x0F, 
0xB9, 0x14, 0xC4, 0x19, 0x79, 0x1E, 0xC8, 0x22, 0xA4, 0x26, 0x00, 0x2A, 0xD0, 0x2C, 0x0B, 0x2F, 
0xAA, 0x30, 0xA7, 0x31, 0xFF, 0x31, 0xB2, 0x31, 0xBF, 0x30, 0x2A, 0x2F, 0xF8, 0x2C, 0x31, 0x2A, 
0xDE, 0x26, 0x0A, 0x23, 0xC1, 0x1E, 0x12, 0x1A, 0x0C, 0x15, 0xC1, 0x0F, 0x41, 0x0A, 0x9F, 0x04, 
0xEF, 0xFE, 0x41, 0xF9, 0xAA, 0xF3, 0x3C, 0xEE, 0x08, 0xE9, 0x22, 0xE4, 0x97, 0xDF, 0x79, 0xDB, 
0xD3, 0xD7, 0xB3, 0xD4, 0x23, 0xD2, 0x2C, 0xD0, 0xD3, 0xCE, 0x1E, 0xCE, 0x0E, 0xCE, 0xA5, 0xCE, 
0xDF, 0xCF, 0xB9, 0xD1, 0x2D, 0xD4, 0x33, 0xD7, 0xC0, 0xDA, 0xC9, 0xDE, 0x40, 0xE3, 0x17, 0xE8, 
0x3D, 0xED, 0xA2, 0xF2, 0x33, 0xF8, 0xDE, 0xFD, 0x8F, 0x03, 0x35, 0x09, 0xBC, 0x0E, 0x13, 0x14, 
0x27, 0x19, 0xE7, 0x1D, 0x44, 0x22, 0x30, 0x26, 0x9C, 0x29, 0x7E, 0x2C, 0xCC, 0x2E, 0x7F, 0x30, 
0x91, 0x31, 0xFD, 0x31, 0xC4, 0x31, 0xE6, 0x30, 0x65, 0x2F, 0x47, 0x2D, 0x92, 0x2A, 0x50, 0x27, 
0x8B, 0x23, 0x50, 0x1F, 0xAD, 0x1A, 0xB1, 0x15, 0x6E, 0x10, 0xF3, 0x0A, 0x55, 0x05, 0xA5, 0xFF, 
0xF6, 0xF9, 0x5B, 0xF4, 0xE7, 0xEE, 0xAB, 0xE9, 0xBA, 0xE4, 0x23, 0xE0, 0xF6, 0xDB, 0x41, 0xD8, 
0x10, 0xD5, 0x6D, 0xD2, 0x62, 0xD0, 0xF5, 0xCE, 0x2B, 0xCE, 0x07, 0xCE, 0x89, 0xCE, 0xAF, 0xCF, 
0x75, 0xD1, 0xD6, 0xD3, 0xCA, 0xD6, 0x47, 0xDA, 0x41, 0xDE, 0xAC, 0xE2, 0x77, 0xE7, 0x95, 0xEC, 
0xF2, 0xF1, 0x7F, 0xF7, 0x27, 0xFD, 0xD9, 0x02, 0x81, 0x08, 0x0E, 0x0E, 0x6B, 0x13, 0x89, 0x18, 
0x54, 0x1D, 0xBF, 0x21, 0xB9, 0x25, 0x36, 0x29, 0x2A, 0x2C, 0x8B, 0x2E, 0x51, 0x30, 0x77, 0x31, 
0xF9, 0x31, 0xD5, 0x31, 0x0B, 0x31, 0x9E, 0x2F, 0x93, 0x2D, 0xF0, 0x2A, 0xBF, 0x27, 0x0A, 0x24, 
0xDD, 0x1F, 0x46, 0x1B, 0x55, 0x16, 0x19, 0x11, 0xA5, 0x0B, 0x0A, 0x06, 0x5B, 0x00, 0xAB, 0xFA, 
0x0D, 0xF5, 0x92, 0xEF, 0x4F, 0xEA, 0x53, 0xE5, 0xB0, 0xE0, 0x75, 0xDC, 0xB0, 0xD8, 0x6E, 0xD5, 
0xB9, 0xD2, 0x9B, 0xD0, 0x1A, 0xCF, 0x3C, 0xCE, 0x03, 0xCE, 0x6F, 0xCE, 0x81, 0xCF, 0x34, 0xD1, 
0x82, 0xD3, 0x64, 0xD6, 0xD0, 0xD9, 0xBC, 0xDD, 0x19, 0xE2, 0xD9, 0xE6, 0xED, 0xEB, 0x44, 0xF1, 
0xCB, 0xF6, 0x71, 0xFC, 0x22, 0x02, 0xCD, 0x07, 0x5E, 0x0D, 0xC3, 0x12, 0xE9, 0x17, 0xC0, 0x1C, 
0x37, 0x21, 0x40, 0x25, 0xCD, 0x28, 0xD3, 0x2B, 0x47, 0x2E, 0x21, 0x30, 0x5B, 0x31, 0xF2, 0x31, 
0xE2, 0x31, 0x2D, 0x31, 0xD4, 0x2F, 0xDD, 0x2D, 0x4D, 0x2B, 0x2D, 0x28, 0x87, 0x24, 0x69, 0x20, 
0xDE, 0x1B, 0xF8, 0x16, 0xC4, 0x11, 0x56, 0x0C, 0xBF, 0x06, 0x11, 0x01, 0x61, 0xFB, 0xBF, 0xF5, 
0x3F, 0xF0, 0xF4, 0xEA, 0xEE, 0xE5, 0x3F, 0xE1, 0xF6, 0xDC, 0x22, 0xD9, 0xCF, 0xD5, 0x08, 0xD3, 
0xD6, 0xD0, 0x41, 0xCF, 0x4E, 0xCE, 0x01, 0xCE, 0x59, 0xCE, 0x56, 0xCF, 0xF5, 0xD0, 0x30, 0xD3, 
0x00, 0xD6, 0x5C, 0xD9, 0x38, 0xDD, 0x87, 0xE1, 0x3C, 0xE6, 0x47, 0xEB, 0x96, 0xF0, 0x18, 0xF6, 
0xBC, 0xFB, 0x6C, 0x01, 0x19, 0x07, 0xAE, 0x0C, 0x19, 0x12, 0x48, 0x17, 0x2A, 0x1C, 0xAE, 0x20, 
0xC6, 0x24, 0x63, 0x28, 0x7A, 0x2B, 0x01, 0x2E, 0xEE, 0x2F, 0x3D, 0x31, 0xE8, 0x31, 0xED, 0x31, 
0x4D, 0x31, 0x08, 0x30, 0x24, 0x2E, 0xA7, 0x2B, 0x98, 0x28, 0x03, 0x25, 0xF3, 0x20, 0x75, 0x1C, 
0x99, 0x17, 0x6E, 0x12, 0x06, 0x0D, 0x73, 0x07, 0xC7, 0x01, 0x16, 0xFC, 0x72, 0xF6, 0xED, 0xF0, 
0x9A, 0xEB, 0x8A, 0xE6, 0xD0, 0xE1, 0x79, 0xDD, 0x96, 0xD9, 0x32, 0xD6, 0x59, 0xD3, 0x14, 0xD1, 
0x6B, 0xCF, 0x64, 0xCE, 0x01, 0xCE, 0x45, 0xCE, 0x2D, 0xCF, 0xB8, 0xD0, 0xE0, 0xD2, 0x9E, 0xD5, 
0xE9, 0xD8, 0xB6, 0xDC, 0xF8, 0xE0, 0xA0, 0xE5, 0xA1, 0xEA, 0xE9, 0xEF, 0x66, 0xF5, 0x06, 0xFB, 
0xB6, 0x00, 0x64, 0x06, 0xFE, 0x0B, 0x6F, 0x11, 0xA6, 0x16, 0x93, 0x1B, 0x23, 0x20, 0x49, 0x24, 
0xF6, 0x27, 0x1F, 0x2B, 0xB8, 0x2D, 0xB9, 0x2F, 0x1C, 0x31, 0xDC, 0x31, 0xF6, 0x31, 0x6A, 0x31, 
0x39, 0x30, 0x69, 0x2E, 0xFE, 0x2B, 0x02, 0x29, 0x7D, 0x25, 0x7B, 0x21, 0x0A, 0x1D, 0x39, 0x18, 
0x17, 0x13, 0xB6, 0x0D, 0x27, 0x08, 0x7E, 0x02, 0xCC, 0xFC, 0x25, 0xF7, 0x9B, 0xF1, 0x41, 0xEC, 
0x28, 0xE7, 0x62, 0xE2, 0xFE, 0xDD, 0x0C, 0xDA, 0x97, 0xD6, 0xAC, 0xD3, 0x54, 0xD1, 0x98, 0xCF, 
0x7C, 0xCE, 0x04, 0xCE, 0x33, 0xCE, 0x07, 0xCF, 0x7E, 0xD0, 0x93, 0xD2, 0x3F, 0xD5, 0x78, 0xD8, 
0x35, 0xDC, 0x69, 0xE0, 0x06, 0xE5, 0xFD, 0xE9, 0x3C, 0xEF, 0xB4, 0xF4, 0x51, 0xFA, 0x00, 0x00, 
0xAF, 0x05, 0x4C, 0x0B, 0xC4, 0x10, 0x03, 0x16, 0xFA, 0x1A, 0x97, 0x1F, 0xCB, 0x23, 0x88, 0x27, 
0xC1, 0x2A, 0x6D, 0x2D, 0x82, 0x2F, 0xF9, 0x30, 0xCD, 0x31, 0xFC, 0x31, 0x84, 0x31, 0x68, 0x30, 
0xAC, 0x2E, 0x54, 0x2C, 0x69, 0x29, 0xF4, 0x25, 0x02, 0x22, 0x9E, 0x1D, 0xD8, 0x18, 0xBF, 0x13, 
0x65, 0x0E, 0xDB, 0x08, 0x34, 0x03, 0x82, 0xFD, 0xD9, 0xF7, 0x4A, 0xF2, 0xE9, 0xEC, 0xC7, 0xE7, 
0xF6, 0xE2, 0x85, 0xDE, 0x83, 0xDA, 0xFE, 0xD6, 0x02, 0xD4, 0x97, 0xD1, 0xC7, 0xCF, 0x96, 0xCE, 
0x0A, 0xCE, 0x24, 0xCE, 0xE4, 0xCE, 0x47, 0xD0, 0x48, 0xD2, 0xE1, 0xD4, 0x0A, 0xD8, 0xB7, 0xDB, 
0xDD, 0xDF, 0x6D, 0xE4, 0x5A, 0xE9, 0x91, 0xEE, 0x02, 0xF4, 0x9C, 0xF9, 0x4A, 0xFF, 0xFA, 0x04, 
0x9A, 0x0A, 0x17, 0x10, 0x5F, 0x15, 0x60, 0x1A, 0x08, 0x1F, 0x4A, 0x23, 0x17, 0x27, 0x62, 0x2A, 
0x20, 0x2D, 0x48, 0x2F, 0xD3, 0x30, 0xBB, 0x31, 0xFF, 0x31, 0x9C, 0x31, 0x95, 0x30, 0xEC, 0x2E, 
0xA7, 0x2C, 0xCE, 0x29, 0x6A, 0x26, 0x87, 0x22, 0x30, 0x1E, 0x76, 0x19, 0x66, 0x14, 0x13, 0x0F, 
0x8E, 0x09, 0xEA, 0x03, 0x39, 0xFE, 0x8D, 0xF8, 0xFA, 0xF2, 0x92, 0xED, 0x67, 0xE8, 0x8B, 0xE3, 
0x0D, 0xDF, 0xFD, 0xDA, 0x68, 0xD7, 0x59, 0xD4, 0xDC, 0xD1, 0xF8, 0xCF, 0xB3, 0xCE, 0x13, 0xCE, 
0x18, 0xCE, 0xC3, 0xCE, 0x12, 0xD0, 0xFF, 0xD1, 0x86, 0xD4, 0x9D, 0xD7, 0x3A, 0xDB, 0x52, 0xDF, 
0xD6, 0xE3, 0xB8, 0xE8, 0xE7, 0xED, 0x52, 0xF3, 0xE7, 0xF8, 0x94, 0xFE, 0x44, 0x04, 0xE8, 0x09, 
0x6A, 0x0F, 0xB9, 0x14, 0xC4, 0x19, 0x79, 0x1E, 0xC8, 0x22, 0xA4, 0x26, 0x00, 0x2A, 0xD0, 0x2C, 
0x0B, 0x2F, 0xAA, 0x30, 0xA7, 0x31, 0xFF, 0x31, 0xB2, 0x31, 0xBF, 0x30, 0x2A, 0x2F, 0xF8, 0x2C, 
0x31, 0x2A, 0xDE, 0x26, 0x0A, 0x23, 0xC1, 0x1E, 0x12, 0x1A, 0x0C, 0x15, 0xC1, 0x0F, 0x41, 0x0A, 
0x9F, 0x04, 0xEF, 0xFE, 0x41, 0xF9, 0xAA, 0xF3, 0x3C, 0xEE, 0x08, 0xE9, 0x22, 0xE4, 0x97, 0xDF, 
0x79, 0xDB, 0xD3, 0xD7, 0xB3, 0xD4, 0x23, 0xD2, 0x2C, 0xD0, 0xD3, 0xCE, 0x1E, 0xCE, 0x0E, 0xCE, 
0xA5, 0xCE, 0xDF, 0xCF, 0xB9, 0xD1, 0x2D, 0xD4, 0x33, 0xD7, 0xC0, 0xDA, 0xC9, 0xDE, 0x40, 0xE3, 
0x17, 0xE8, 0x3D, 0xED, 0xA2, 0xF2, 0x33, 0xF8, 0xDE, 0xFD, 0x8F, 0x03, 0x35, 0x09, 0xBC, 0x0E, 
0x13, 0x14, 0x27, 0x19, 0xE7, 0x1D, 0x44, 0x22, 0x30, 0x26, 0x9C, 0x29, 0x7E, 0x2C, 0xCC, 0x2E, 
0x7F, 0x30, 0x91, 0x31, 0xFD, 0x31, 0xC4, 0x31, 0xE6, 0x30, 0x65, 0x2F, 0x47, 0x2D, 0x92, 0x2A, 
0x50, 0x27, 0x8B, 0x23, 0x50, 0x1F, 0xAD, 0x1A, 0xB1, 0x15, 0x6E, 0x10, 0xF3, 0x0A, 0x55, 0x05, 
0xA5, 0xFF, 0xF6, 0xF9, 0x5B, 0xF4, 0xE7, 0xEE, 0xAB, 0xE9, 0xBA, 0xE4, 0x23, 0xE0, 0xF6, 0xDB, 
0x41, 0xD8, 0x10, 0xD5, 0x6D, 0xD2, 0x62, 0xD0, 0xF5, 0xCE, 0x2B, 0xCE, 0x07, 0xCE, 0x89, 0xCE, 
0xAF, 0xCF, 0x75, 0xD1, 0xD6, 0xD3, 0xCA, 0xD6, 0x47, 0xDA, 0x41, 0xDE, 0xAC, 0xE2, 0x77, 0xE7, 
0x95, 0xEC, 0xF2, 0xF1, 0x7F, 0xF7, 0x27, 0xFD, 0xD9, 0x02, 0x81, 0x08, 0x0E, 0x0E, 0x6B, 0x13, 
0x89, 0x18, 0x54, 0x1D, 0xBF, 0x21, 0xB9, 0x25, 0x36, 0x29, 0x2A, 0x2C, 0x8B, 0x2E, 0x51, 0x30, 
0x77, 0x31, 0xF9, 0x31, 0xD5, 0x31, 0x0B, 0x31, 0x9E, 0x2F, 0x93, 0x2D, 0xF0, 0x2A, 0xBF, 0x27, 
0x0A, 0x24, 0xDD, 0x1F, 0x46, 0x1B, 0x55, 0x16, 0x19, 0x11, 0xA5, 0x0B, 0x0A, 0x06, 0x5B, 0x00, 
0xAB, 0xFA, 0x0D, 0xF5, 0x92, 0xEF, 0x4F, 0xEA, 0x53, 0xE5, 0xB0, 0xE0, 0x75, 0xDC, 0xB0, 0xD8, 
0x6E, 0xD5, 0xB9, 0xD2, 0x9B, 0xD0, 0x1A, 0xCF, 0x3C, 0xCE, 0x03, 0xCE, 0x6F, 0xCE, 0x81, 0xCF, 
0x34, 0xD1, 0x82, 0xD3, 0x64, 0xD6, 0xD0, 0xD9, 0xBC, 0xDD, 0x19, 0xE2, 0xD9, 0xE6, 0xED, 0xEB, 
0x44, 0xF1, 0xCB, 0xF6, 0x71, 0xFC, 0x22, 0x02, 0xCD, 0x07, 0x5E, 0x0D, 0xC3, 0x12, 0xE9, 0x17, 
0xC0, 0x1C, 0x37, 0x21, 0x40, 0x25, 0xCD, 0x28, 0xD3, 0x2B, 0x47, 0x2E, 0x21, 0x30, 0x5B, 0x31, 
0xF2, 0x31, 0xE2, 0x31, 0x2D, 0x31, 0xD4, 0x2F, 0xDD, 0x2D, 0x4D, 0x2B, 0x2D, 0x28, 0x87, 0x24, 
0x69, 0x20, 0xDE, 0x1B, 0xF8, 0x16, 0xC4, 0x11, 0x56, 0x0C, 0xBF, 0x06, 0x11, 0x01, 0x61, 0xFB, 
0xBF, 0xF5, 0x3F, 0xF0, 0xF4, 0xEA, 0xEE, 0xE5, 0x3F, 0xE1, 0xF6, 0xDC, 0x22, 0xD9, 0xCF, 0xD5, 
0x08, 0xD3, 0xD6, 0xD0, 0x41, 0xCF, 0x4E, 0xCE, 0x01, 0xCE, 0x59, 0xCE, 0x56, 0xCF, 0xF5, 0xD0, 
0x30, 0xD3, 0x00, 0xD6, 0x5C, 0xD9, 0x38, 0xDD, 0x87, 0xE1, 0x3C, 0xE6, 0x47, 0xEB, 0x96, 0xF0, 
0x18, 0xF6, 0xBC, 0xFB, 0x6C, 0x01, 0x19, 0x07, 0xAE, 0x0C, 0x19, 0x12, 0x48, 0x17, 0x2A, 0x1C, 
0xAE, 0x20, 0xC6, 0x24, 0x63, 0x28, 0x7A, 0x2B, 0x01, 0x2E, 0xEE, 0x2F, 0x3D, 0x31, 0xE8, 0x31, 
0xED, 0x31, 0x4D, 0x31, 0x08, 0x30, 0x24, 0x2E, 0xA7, 0x2B, 0x98, 0x28, 0x03, 0x25, 0xF3, 0x20, 
0x75, 0x1C, 0x99, 0x17, 0x6E, 0x12, 0x06, 0x0D, 0x73, 0x07, 0xC7, 0x01, 0x16, 0xFC, 0x72, 0xF6, 
0xED, 0xF0, 0x9A, 0xEB, 0x8A, 0xE6, 0xD0, 0xE1, 0x79, 0xDD, 0x96, 0xD9, 0x32, 0xD6, 0x59, 0xD3, 
0x14, 0xD1, 0x6B, 0xCF, 0x64, 0xCE, 0x01, 0xCE, 0x45, 0xCE, 0x2D, 0xCF, 0xB8, 0xD0, 0xE0, 0xD2, 
0x9E, 0xD5, 0xE9, 0xD8, 0xB6, 0xDC, 0xF8, 0xE0, 0xA0, 0xE5, 0xA1, 0xEA, 0xE9, 0xEF, 0x66, 0xF5, 
0x06, 0xFB, 0xB6, 0x00, 0x64, 0x06, 0xFE, 0x0B, 0x6F, 0x11, 0xA6, 0x16, 0x93, 0x1B, 0x23, 0x20, 
0x49, 0x24, 0xF6, 0x27, 0x1F, 0x2B, 0xB8, 0x2D, 0xB9, 0x2F, 0x1C, 0x31, 0xDC, 0x31, 0xF6, 0x31, 
0x6A, 0x31, 0x39, 0x30, 0x69, 0x2E, 0xFE, 0x2B, 0x02, 0x29, 0x7D, 0x25, 0x7B, 0x21, 0x0A, 0x1D, 
0x39, 0x18, 0x17, 0x13, 0xB6, 0x0D, 0x27, 0x08, 0x7E, 0x02, 0xCC, 0xFC, 0x25, 0xF7, 0x9B, 0xF1, 
0x41, 0xEC, 0x28, 0xE7, 0x62, 0xE2, 0xFE, 0xDD, 0x0C, 0xDA, 0x97, 0xD6, 0xAC, 0xD3, 0x54, 0xD1, 
0x98, 0xCF, 0x7C, 0xCE, 0x04, 0xCE, 0x33, 0xCE, 0x07, 0xCF, 0x7E, 0xD0, 0x93, 0xD2, 0x3F, 0xD5, 
0x78, 0xD8, 0x35, 0xDC, 0x69, 0xE0, 0x06, 0xE5, 0xFD, 0xE9, 0x3C, 0xEF, 0xB4, 0xF4, 0x51, 0xFA, 
0x00, 0x00, 0xAF, 0x05, 0x4C, 0x0B, 0xC4, 0x10, 0x03, 0x16, 0xFA, 0x1A, 0x97, 0x1F, 0xCB, 0x23, 
0x88, 0x27, 0xC1, 0x2A, 0x6D, 0x2D, 0x82, 0x2F, 0xF9, 0x30, 0xCD, 0x31, 0xFC, 0x31, 0x84, 0x31, 
0x68, 0x30, 0xAC, 0x2E, 0x54, 0x2C, 0x69, 0x29, 0xF4, 0x25, 0x02, 0x22, 0x9E, 0x1D, 0xD8, 0x18, 
0xBF, 0x13, 0x65, 0x0E, 0xDB, 0x08, 0x34, 0x03, 0x82, 0xFD, 0xD9, 0xF7, 0x4A, 0xF2, 0xE9, 0xEC, 
0xC7, 0xE7, 0xF6, 0xE2, 0x85, 0xDE, 0x83, 0xDA, 0xFE, 0xD6, 0x02, 0xD4, 0x97, 0xD1, 0xC7, 0xCF, 
0x96, 0xCE, 0x0A, 0xCE, 0x24, 0xCE, 0xE4, 0xCE, 0x47, 0xD0, 0x48, 0xD2, 0xE1, 0xD4, 0x0A, 0xD8, 
0xB7, 0xDB, 0xDD, 0xDF, 0x6D, 0xE4, 0x5A, 0xE9, 0x91, 0xEE, 0x02, 0xF4, 0x9C, 0xF9, 0x4A, 0xFF, 
0xFA, 0x04, 0x9A, 0x0A, 0x17, 0x10, 0x5F, 0x15, 0x60, 0x1A, 0x08, 0x1F, 0x4A, 0x23, 0x17, 0x27, 
0x62, 0x2A, 0x20, 0x2D, 0x48, 0x2F, 0xD3, 0x30, 0xBB, 0x31, 0xFF, 0x31, 0x9C, 0x31, 0x95, 0x30, 
0xEC, 0x2E, 0xA7, 0x2C, 0xCE, 0x29, 0x6A, 0x26, 0x87, 0x22, 0x30, 0x1E, 0x76, 0x19, 0x66, 0x14, 
0x13, 0x0F, 0x8E, 0x09, 0xEA, 0x03, 0x39, 0xFE, 0x8D, 0xF8, 0xFA, 0xF2, 0x92, 0xED, 0x67, 0xE8, 
0x8B, 0xE3, 0x0D, 0xDF, 0xFD, 0xDA, 0x68, 0xD7, 0x59, 0xD4, 0xDC, 0xD1, 0xF8, 0xCF, 0xB3, 0xCE, 
0x13, 0xCE, 0x18, 0xCE, 0xC3, 0xCE, 0x12, 0xD0, 0xFF, 0xD1, 0x86, 0xD4, 0x9D, 0xD7, 0x3A, 0xDB, 
0x52, 0xDF, 0xD6, 0xE3, 0xB8, 0xE8, 0xE7, 0xED, 0x52, 0xF3, 0xE7, 0xF8, 0x94, 0xFE, 0x44, 0x04, 
0xE8, 0x09, 0x6A, 0x0F, 0xB9, 0x14, 0xC4, 0x19, 0x79, 0x1E, 0xC8, 0x22, 0xA4, 0x26, 0x00, 0x2A, 
0xD0, 0x2C, 0x0B, 0x2F, 0xAA, 0x30, 0xA7, 0x31, 0xFF, 0x31, 0xB2, 0x31, 0xBF, 0x30, 0x2A, 0x2F, 
0xF8, 0x2C, 0x31, 0x2A, 0xDE, 0x26, 0x0A, 0x23, 0xC1, 0x1E, 0x12, 0x1A, 0x0C, 0x15, 0xC1, 0x0F, 
0x41, 0x0A, 0x9F, 0x04, 0xEF, 0xFE, 0x41, 0xF9, 0xAA, 0xF3, 0x3C, 0xEE, 0x08, 0xE9, 0x22, 0xE4, 
0x97, 0xDF, 0x79, 0xDB, 0xD3, 0xD7, 0xB3, 0xD4, 0x23, 0xD2, 0x2C, 0xD0, 0xD3, 0xCE, 0x1E, 0xCE, 
0x0E, 0xCE, 0xA5, 0xCE, 0xDF, 0xCF, 0xB9, 0xD1, 0x2D, 0xD4, 0x33, 0xD7, 0xC0, 0xDA, 0xC9, 0xDE, 
0x40, 0xE3, 0x17, 0xE8, 0x3D, 0xED, 0xA2, 0xF2, 0x33, 0xF8, 0xDE, 0xFD, 0x8F, 0x03, 0x35, 0x09, 
0xBC, 0x0E, 0x13, 0x14, 0x27, 0x19, 0xE7, 0x1D, 0x44, 0x22, 0x30, 0x26, 0x9C, 0x29, 0x7E, 0x2C, 
0xCC, 0x2E, 0x7F, 0x30, 0x91, 0x31, 0xFD, 0x31, 0xC4, 0x31, 0xE6, 0x30, 0x65, 0x2F, 0x47, 0x2D, 
0x92, 0x2A, 0x50, 0x27, 0x8B, 0x23, 0x50, 0x1F, 0xAD, 0x1A, 0xB1, 0x15, 0x6E, 0x10, 0xF3, 0x0A, 
0x55, 0x05, 0xA5, 0xFF, 0xF6, 0xF9, 0x5B, 0xF4, 0xE7, 0xEE, 0xAB, 0xE9, 0xBA, 0xE4, 0x23, 0xE0, 
0xF6, 0xDB, 0x41, 0xD8, 0x10, 0xD5, 0x6D, 0xD2, 0x62, 0xD0, 0xF5, 0xCE, 0x2B, 0xCE, 0x07, 0xCE, 
0x89, 0xCE, 0xAF, 0xCF, 0x75, 0xD1, 0xD6, 0xD3, 0xCA, 0xD6, 0x47, 0xDA, 0x41, 0xDE, 0xAC, 0xE2, 
0x77, 0xE7, 0x95, 0xEC, 0xF2, 0xF1, 0x7F, 0xF7, 0x27, 0xFD, 0xD9, 0x02, 0x81, 0x08, 0x0E, 0x0E, 
0x6B, 0x13, 0x89, 0x18, 0x54, 0x1D, 0xBF, 0x21, 0xB9, 0x25, 0x36, 0x29, 0x2A, 0x2C, 0x8B, 0x2E, 
0x51, 0x30, 0x77, 0x31, 0xF9, 0x31, 0xD5, 0x31, 0x0B, 0x31, 0x9E, 0x2F, 0x93, 0x2D, 0xF0, 0x2A, 
0xBF, 0x27, 0x0A, 0x24, 0xDD, 0x1F, 0x46, 0x1B, 0x55, 0x16, 0x19, 0x11, 0xA5, 0x0B, 0x0A, 0x06, 
0x5B, 0x00, 0xAB, 0xFA, 0x0D, 0xF5, 0x92, 0xEF, 0x4F, 0xEA, 0x53, 0xE5, 0xB0, 0xE0, 0x75, 0xDC, 
0xB0, 0xD8, 0x6E, 0xD5, 0xB9, 0xD2, 0x9B, 0xD0, 0x1A, 0xCF, 0x3C, 0xCE, 0x03, 0xCE, 0x6F, 0xCE, 
0x81, 0xCF, 0x34, 0xD1, 0x82, 0xD3, 0x64, 0xD6, 0xD0, 0xD9, 0xBC, 0xDD, 0x19, 0xE2, 0xD9, 0xE6, 
0xED, 0xEB, 0x44, 0xF1, 0xCB, 0xF6, 0x71, 0xFC, 0x22, 0x02, 0xCD, 0x07, 0x5E, 0x0D, 0xC3, 0x12, 
0xE9, 0x17, 0xC0, 0x1C, 0x37, 0x21, 0x40, 0x25, 0xCD, 0x28, 0xD3, 0x2B, 0x47, 0x2E, 0x21, 0x30, 
0x5B, 0x31, 0xF2, 0x31, 0xE2, 0x31, 0x2D, 0x31, 0xD4, 0x2F, 0xDD, 0x2D, 0x4D, 0x2B, 0x2D, 0x28, 
0x87, 0x24, 0x69, 0x20, 0xDE, 0x1B, 0xF8, 0x16, 0xC4, 0x11, 0x56, 0x0C, 0xBF, 0x06, 0x11, 0x01, 
0x61, 0xFB, 0xBF, 0xF5, 0x3F, 0xF0, 0xF4, 0xEA, 0xEE, 0xE5, 0x3F, 0xE1, 0xF6, 0xDC, 0x22, 0xD9, 
0xCF, 0xD5, 0x08, 0xD3, 0xD6, 0xD0, 0x41, 0xCF, 0x4E, 0xCE, 0x01, 0xCE, 0x59, 0xCE, 0x56, 0xCF, 
0xF5, 0xD0, 0x30, 0xD3, 0x00, 0xD6, 0x5C, 0xD9, 0x38, 0xDD, 0x87, 0xE1, 0x3C, 0xE6, 0x47, 0xEB, 
0x96, 0xF0, 0x18, 0xF6, 0xBC, 0xFB, 0x6C, 0x01, 0x19, 0x07, 0xAE, 0x0C, 0x19, 0x12, 0x48, 0x17, 
0x2A, 0x1C, 0xAE, 0x20, 0xC6, 0x24, 0x63, 0x28, 0x7A, 0x2B, 0x01, 0x2E, 0xEE, 0x2F, 0x3D, 0x31, 
0xE8, 0x31, 0xED, 0x31, 0x4D, 0x31, 0x08, 0x30, 0x24, 0x2E, 0xA7, 0x2B, 0x98, 0x28, 0x03, 0x25, 
0xF3, 0x20, 0x75, 0x1C, 0x99, 0x17, 0x6E, 0x12, 0x06, 0x0D, 0x73, 0x07, 0xC7, 0x01, 0x16, 0xFC, 
0x72, 0xF6, 0xED, 0xF0, 0x9A, 0xEB, 0x8A, 0xE6, 0xD0, 0xE1, 0x79, 0xDD, 0x96, 0xD9, 0x32, 0xD6, 
0x59, 0xD3, 0x14, 0xD1, 0x6B, 0xCF, 0x64, 0xCE, 0x01, 0xCE, 0x45, 0xCE, 0x2D, 0xCF, 0xB8, 0xD0, 
0xE0, 0xD2, 0x9E, 0xD5, 0xE9, 0xD8, 0xB6, 0xDC, 0xF8, 0xE0, 0xA0, 0xE5, 0xA1, 0xEA, 0xE9, 0xEF, 
0x66, 0xF5, 0x06, 0xFB, 0xB6, 0x00, 0x64, 0x06, 0xFE, 0x0B, 0x6F, 0x11, 0xA6, 0x16, 0x93, 0x1B, 
0x23, 0x20, 0x49, 0x24, 0xF6, 0x27, 0x1F, 0x2B, 0xB8, 0x2D, 0xB9, 0x2F, 0x1C, 0x31, 0xDC, 0x31, 
0xF6, 0x31, 0x6A, 0x31, 0x39, 0x30, 0x69, 0x2E, 0xFE, 0x2B, 0x02, 0x29, 0x7D, 0x25, 0x7B, 0x21, 
0x0A, 0x1D, 0x39, 0x18, 0x17, 0x13, 0xB6, 0x0D, 0x27, 0x08, 0x7E, 0x02, 0xCC, 0xFC, 0x25, 0xF7, 
0x9B, 0xF1, 0x41, 0xEC, 0x28, 0xE7, 0x62, 0xE2, 0xFE, 0xDD, 0x0C, 0xDA, 0x97, 0xD6, 0xAC, 0xD3, 
0x54, 0xD1, 0x98, 0xCF, 0x7C, 0xCE, 0x04, 0xCE, 0x33, 0xCE, 0x07, 0xCF, 0x7E, 0xD0, 0x93, 0xD2, 
0x3F, 0xD5, 0x78, 0xD8, 0x35, 0xDC, 0x69, 0xE0, 0x06, 0xE5, 0xFD, 0xE9, 0x3C, 0xEF, 0xB4, 0xF4, 
0x51, 0xFA, 0x00, 0x00, 0xAF, 0x05, 0x4C, 0x0B, 0xC4, 0x10, 0x03, 0x16, 0xFA, 0x1A, 0x97, 0x1F, 
0xCB, 0x23, 0x88, 0x27, 0xC1, 0x2A, 0x6D, 0x2D, 0x82, 0x2F, 0xF9, 0x30, 0xCD, 0x31, 0xFC, 0x31, 
0x84, 0x31, 0x68, 0x30, 0xAC, 0x2E, 0x54, 0x2C, 0x69, 0x29, 0xF4, 0x25, 0x02, 0x22, 0x9E, 0x1D, 
0xD8, 0x18, 0xBF, 0x13, 0x65, 0x0E, 0xDB, 0x08, 0x34, 0x03, 0x82, 0xFD, 0xD9, 0xF7, 0x4A, 0xF2, 
0xE9, 0xEC, 0xC7, 0xE7, 0xF6, 0xE2, 0x85, 0xDE, 0x83, 0xDA, 0xFE, 0xD6, 0x02, 0xD4, 0x97, 0xD1, 
0xC7, 0xCF, 0x96, 0xCE, 0x0A, 0xCE, 0x24, 0xCE, 0xE4, 0xCE, 0x47, 0xD0, 0x48, 0xD2, 0xE1, 0xD4, 
0x0A, 0xD8, 0xB7, 0xDB, 0xDD, 0xDF, 0x6D, 0xE4, 0x5A, 0xE9, 0x91, 0xEE, 0x02, 0xF4, 0x9C, 0xF9, 
0x4A, 0xFF, 0xFA, 0x04, 0x9A, 0x0A, 0x17, 0x10, 0x5F, 0x15, 0x60, 0x1A, 0x08, 0x1F, 0x4A, 0x23, 
0x17, 0x27, 0x62, 0x2A, 0x20, 0x2D, 0x48, 0x2F, 0xD3, 0x30, 0xBB, 0x31, 0xFF, 0x31, 0x9C, 0x31, 
0x95, 0x30, 0xEC, 0x2E, 0xA7, 0x2C, 0xCE, 0x29, 0x6A, 0x26, 0x87, 0x22, 0x30, 0x1E, 0x76, 0x19, 
0x66, 0x14, 0x13, 0x0F, 0x8E, 0x09, 0xEA, 0x03, 0x39, 0xFE, 0x8D, 0xF8, 0xFA, 0xF2, 0x92, 0xED, 
0x67, 0xE8, 0x8B, 0xE3, 0x0D, 0xDF, 0xFD, 0xDA, 0x68, 0xD7, 0x59, 0xD4, 0xDC, 0xD1, 0xF8, 0xCF, 
0xB3, 0xCE, 0x13, 0xCE, 0x18, 0xCE, 0xC3, 0xCE, 0x12, 0xD0, 0xFF, 0xD1, 0x86, 0xD4, 0x9D, 0xD7, 
0x3A, 0xDB, 0x52, 0xDF, 0xD6, 0xE3, 0xB8, 0xE8, 0xE7, 0xED, 0x52, 0xF3, 0xE7, 0xF8, 0x94, 0xFE, 
0x44, 0x04, 0xE8, 0x09, 0x6A, 0x0F, 0xB9, 0x14, 0xC4, 0x19, 0x79, 0x1E, 0xC8, 0x22, 0xA4, 0x26, 
0x00, 0x2A, 0xD0, 0x2C, 0x0B, 0x2F, 0xAA, 0x30, 0xA7, 0x31, 0xFF, 0x31, 0xB2, 0x31, 0xBF, 0x30, 
0x2A, 0x2F, 0xF8, 0x2C, 0x31, 0x2A, 0xDE, 0x26, 0x0A, 0x23, 0xC1, 0x1E, 0x12, 0x1A, 0x0C, 0x15, 
0xC1, 0x0F, 0x41, 0x0A, 0x9F, 0x04, 0xEF, 0xFE, 0x41, 0xF9, 0xAA, 0xF3, 0x3C, 0xEE, 0x08, 0xE9, 
0x22, 0xE4, 0x97, 0xDF, 0x79, 0xDB, 0xD3, 0xD7, 0xB3, 0xD4, 0x23, 0xD2, 0x2C, 0xD0, 0xD3, 0xCE, 
0x1E, 0xCE, 0x0E, 0xCE, 0xA5, 0xCE, 0xDF, 0xCF, 0xB9, 0xD1, 0x2D, 0xD4, 0x33, 0xD7, 0xC0, 0xDA, 
0xC9, 0xDE, 0x40, 0xE3, 0x17, 0xE8, 0x3D, 0xED, 0xA2, 0xF2, 0x33, 0xF8, 0xDE, 0xFD, 0x8F, 0x03, 
0x35, 0x09, 0xBC, 0x0E, 0x13, 0x14, 0x27, 0x19, 0xE7, 0x1D, 0x44, 0x22, 0x30, 0x26, 0x9C, 0x29, 
0x7E, 0x2C, 0xCC, 0x2E, 0x7F, 0x30, 0x91, 0x31, 0xFD, 0x31, 0xC4, 0x31, 0xE6, 0x30, 0x65, 0x2F, 
0x47, 0x2D, 0x92, 0x2A, 0x50, 0x27, 0x8B, 0x23, 0x50, 0x1F, 0xAD, 0x1A, 0xB1, 0x15, 0x6E, 0x10, 
0xF3, 0x0A, 0x55, 0x05, 0xA5, 0xFF, 0xF6, 0xF9, 0x5B, 0xF4, 0xE7, 0xEE, 0xAB, 0xE9, 0xBA, 0xE4, 
0x23, 0xE0, 0xF6, 0xDB, 0x41, 0xD8, 0x10, 0xD5, 0x6D, 0xD2, 0x62, 0xD0, 0xF5, 0xCE, 0x2B, 0xCE, 
0x07, 0xCE, 0x89, 0xCE, 0xAF, 0xCF, 0x75, 0xD1, 0xD6, 0xD3, 0xCA, 0xD6, 0x47, 0xDA, 0x41, 0xDE, 
0xAC, 0xE2, 0x77, 0xE7, 0x95, 0xEC, 0xF2, 0xF1, 0x7F, 0xF7, 0x27, 0xFD, 0xD9, 0x02, 0x81, 0x08, 
0x0E, 0x0E, 0x6B, 0x13, 0x89, 0x18, 0x54, 0x1D, 0xBF, 0x21, 0xB9, 0x25, 0x36, 0x29, 0x2A, 0x2C, 
0x8B, 0x2E, 0x51, 0x30, 0x77, 0x31, 0xF9, 0x31, 0xD5, 0x31, 0x0B, 0x31, 0x9E, 0x2F, 0x93, 0x2D, 
0xF0, 0x2A, 0xBF, 0x27, 0x0A, 0x24, 0xDD, 0x1F, 0x46, 0x1B, 0x55, 0x16, 0x19, 0x11, 0xA5, 0x0B, 
0x0A, 0x06, 0x5B, 0x00, 0xAB, 0xFA, 0x0D, 0xF5, 0x92, 0xEF, 0x4F, 0xEA, 0x53, 0xE5, 0xB0, 0xE0, 
0x75, 0xDC, 0xB0, 0xD8, 0x6E, 0xD5, 0xB9, 0xD2, 0x9B, 0xD0, 0x1A, 0xCF, 0x3C, 0xCE, 0x03, 0xCE, 
0x6F, 0xCE, 0x81, 0xCF, 0x34, 0xD1, 0x82, 0xD3, 0x64, 0xD6, 0xD0, 0xD9, 0xBC, 0xDD, 0x19, 0xE2, 
0xD9, 0xE6, 0xED, 0xEB, 0x44, 0xF1, 0xCB, 0xF6, 0x71, 0xFC, 0x22, 0x02, 0xCD, 0x07, 0x5E, 0x0D, 
0xC3, 0x12, 0xE9, 0x17, 0xC0, 0x1C, 0x37, 0x21, 0x40, 0x25, 0xCD, 0x28, 0xD3, 0x2B, 0x47, 0x2E, 
0x21, 0x30, 0x5B, 0x31, 0xF2, 0x31, 0xE2, 0x31, 0x2D, 0x31, 0xD4, 0x2F, 0xDD, 0x2D, 0x4D, 0x2B, 
0x2D, 0x28, 0x87, 0x24, 0x69, 0x20, 0xDE, 0x1B, 0xF8, 0x16, 0xC4, 0x11, 0x56, 0x0C, 0xBF, 0x06, 
0x11, 0x01, 0x61, 0xFB, 0xBF, 0xF5, 0x3F, 0xF0, 0xF4, 0xEA, 0xEE, 0xE5, 0x3F, 0xE1, 0xF6, 0xDC, 
0x22, 0xD9, 0xCF, 0xD5, 0x08, 0xD3, 0xD6, 0xD0, 0x41, 0xCF, 0x4E, 0xCE, 0x01, 0xCE, 0x59, 0xCE, 
0x56, 0xCF, 0xF5, 0xD0, 0x30, 0xD3, 0x00, 0xD6, 0x5C, 0xD9, 0x38, 0xDD, 0x87, 0xE1, 0x3C, 0xE6, 
0x47, 0xEB, 0x96, 0xF0, 0x18, 0xF6, 0xBC, 0xFB, 0x6C, 0x01, 0x19, 0x07, 0xAE, 0x0C, 0x19, 0x12, 
0x48, 0x17, 0x2A, 0x1C, 0xAE, 0x20, 0xC6, 0x24, 0x63, 0x28, 0x7A, 0x2B, 0x01, 0x2E, 0xEE, 0x2F, 
0x3D, 0x31, 0xE8, 0x31, 0xED, 0x31, 0x4D, 0x31, 0x08, 0x30, 0x24, 0x2E, 0xA7, 0x2B, 0x98, 0x28, 
0x03, 0x25, 0xF3, 0x20, 0x75, 0x1C, 0x99, 0x17, 0x6E, 0x12, 0x06, 0x0D, 0x73, 0x07, 0xC7, 0x01, 
0x16, 0xFC, 0x72, 0xF6, 0xED, 0xF0, 0x9A, 0xEB, 0x8A, 0xE6, 0xD0, 0xE1, 0x79, 0xDD, 0x96, 0xD9, 
0x32, 0xD6, 0x59, 0xD3, 0x14, 0xD1, 0x6B, 0xCF, 0x64, 0xCE, 0x01, 0xCE, 0x45, 0xCE, 0x2D, 0xCF, 
0xB8, 0xD0, 0xE0, 0xD2, 0x9E, 0xD5, 0xE9, 0xD8, 0xB6, 0xDC, 0xF8, 0xE0, 0xA0, 0xE5, 0xA1, 0xEA, 
0xE9, 0xEF, 0x66, 0xF5, 0x06, 0xFB, 0xB6, 0x00, 0x64, 0x06, 0xFE, 0x0B, 0x6F, 0x11, 0xA6, 0x16, 
0x93, 0x1B, 0x23, 0x20, 0x49, 0x24, 0xF6, 0x27, 0x1F, 0x2B, 0xB8, 0x2D, 0xB9, 0x2F, 0x1C, 0x31, 
0xDC, 0x31, 0xF6, 0x31, 0x6A, 0x31, 0x39, 0x30, 0x69, 0x2E, 0xFE, 0x2B, 0x02, 0x29, 0x7D, 0x25, 
0x7B, 0x21, 0x0A, 0x1D, 0x39, 0x18, 0x17, 0x13, 0xB6, 0x0D, 0x27, 0x08, 0x7E, 0x02, 0xCC, 0xFC, 
0x25, 0xF7, 0x9B, 0xF1, 0x41, 0xEC, 0x28, 0xE7, 0x62, 0xE2, 0xFE, 0xDD, 0x0C, 0xDA, 0x97, 0xD6, 
0xAC, 0xD3, 0x54, 0xD1, 0x98, 0xCF, 0x7C, 0xCE, 0x04, 0xCE, 0x33, 0xCE, 0x07, 0xCF, 0x7E, 0xD0, 
0x93, 0xD2, 0x3F, 0xD5, 0x78, 0xD8, 0x35, 0xDC, 0x69, 0xE0, 0x06, 0xE5, 0xFD, 0xE9, 0x3C, 0xEF, 
0xB4, 0xF4, 0x51, 0xFA, 0x00, 0x00, 0xAF, 0x05, 0x4C, 0x0B, 0xC4, 0x10, 0x03, 0x16, 0xFA, 0x1A, 
0x97, 0x1F, 0xCB, 0x23, 0x88, 0x27, 0xC1, 0x2A, 0x6D, 0x2D, 0x82, 0x2F, 0xF9, 0x30, 0xCD, 0x31, 
0xFC, 0x31, 0x84, 0x31, 0x68, 0x30, 0xAC, 0x2E, 0x54, 0x2C, 0x69, 0x29, 0xF4, 0x25, 0x02, 0x22, 
0x9E, 0x1D, 0xD8, 0x18, 0xBF, 0x13, 0x65, 0x0E, 0xDB, 0x08, 0x34, 0x03, 0x82, 0xFD, 0xD9, 0xF7, 
0x4A, 0xF2, 0xE9, 0xEC, 0xC7, 0xE7, 0xF6, 0xE2, 0x85, 0xDE, 0x83, 0xDA, 0xFE, 0xD6, 0x02, 0xD4, 
0x97, 0xD1, 0xC7, 0xCF, 0x96, 0xCE, 0x0A, 0xCE, 0x24, 0xCE, 0xE4, 0xCE, 0x47, 0xD0, 0x48, 0xD2, 
0xE1, 0xD4, 0x0A, 0xD8, 0xB7, 0xDB, 0xDD, 0xDF, 0x6D, 0xE4, 0x5A, 0xE9, 0x91, 0xEE, 0x02, 0xF4, 
0x9C, 0xF9, 0x4A, 0xFF, 0xFA, 0x04, 0x9A, 0x0A, 0x17, 0x10, 0x5F, 0x15, 0x60, 0x1A, 0x08, 0x1F, 
0x4A, 0x23, 0x17, 0x27, 0x62, 0x2A, 0x20, 0x2D, 0x48, 0x2F, 0xD3, 0x30, 0xBB, 0x31, 0xFF, 0x31, 
0x9C, 0x31, 0x95, 0x30, 0xEC, 0x2E, 0xA7, 0x2C, 0xCE, 0x29, 0x6A, 0x26, 0x87, 0x22, 0x30, 0x1E, 
0x76, 0x19, 0x66, 0x14, 0x13, 0x0F, 0x8E, 0x09, 0xEA, 0x03, 0x39, 0xFE, 0x8D, 0xF8, 0xFA, 0xF2, 
0x92, 0xED, 0x67, 0xE8, 0x8B, 0xE3, 0x0D, 0xDF, 0xFD, 0xDA, 0x68, 0xD7, 0x59, 0xD4, 0xDC, 0xD1, 
0xF8, 0xCF, 0xB3, 0xCE, 0x13, 0xCE, 0x18, 0xCE, 0xC3, 0xCE, 0x12, 0xD0, 0xFF, 0xD1, 0x86, 0xD4, 
0x9D, 0xD7, 0x3A, 0xDB, 0x52, 0xDF, 0xD6, 0xE3, 0xB8, 0xE8, 0xE7, 0xED, 0x52, 0xF3, 0xE7, 0xF8, 
0x94, 0xFE, 0x44, 0x04, 0xE8, 0x09, 0x6A, 0x0F, 0xB9, 0x14, 0xC4, 0x19, 0x79, 0x1E, 0xC8, 0x22, 
0xA4, 0x26, 0x00, 0x2A, 0xD0, 0x2C, 0x0B, 0x2F, 0xAA, 0x30, 0xA7, 0x31, 0xFF, 0x31, 0xB2, 0x31, 
0xBF, 0x30, 0x2A, 0x2F, 0xF8, 0x2C, 0x31, 0x2A, 0xDE, 0x26, 0x0A, 0x23, 0xC1, 0x1E, 0x12, 0x1A, 
0x0C, 0x15, 0xC1, 0x0F, 0x41, 0x0A, 0x9F, 0x04, 0xEF, 0xFE, 0x41, 0xF9, 0xAA, 0xF3, 0x3C, 0xEE, 
0x08, 0xE9, 0x22, 0xE4, 0x97, 0xDF, 0x79, 0xDB, 0xD3, 0xD7, 0xB3, 0xD4, 0x23, 0xD2, 0x2C, 0xD0, 
0xD3, 0xCE, 0x1E, 0xCE, 0x0E, 0xCE, 0xA5, 0xCE, 0xDF, 0xCF, 0xB9, 0xD1, 0x2D, 0xD4, 0x33, 0xD7, 
0xC0, 0xDA, 0xC9, 0xDE, 0x40, 0xE3, 0x17, 0xE8, 0x3D, 0xED, 0xA2, 0xF2, 0x33, 0xF8, 0xDE, 0xFD, 
0x8F, 0x03, 0x35, 0x09, 0xBC, 0x0E, 0x13, 0x14, 0x27, 0x19, 0xE7, 0x1D, 0x44, 0x22, 0x30, 0x26, 
0x9C, 0x29, 0x7E, 0x2C, 0xCC, 0x2E, 0x7F, 0x30, 0x91, 0x31, 0xFD, 0x31, 0xC4, 0x31, 0xE6, 0x30, 
0x65, 0x2F, 0x47, 0x2D, 0x92, 0x2A, 0x50, 0x27, 0x8B, 0x23, 0x50, 0x1F, 0xAD, 0x1A, 0xB1, 0x15, 
0x6E, 0x10, 0xF3, 0x0A, 0x55, 0x05, 0xA5, 0xFF, 0xF6, 0xF9, 0x5B, 0xF4, 0xE7, 0xEE, 0xAB, 0xE9, 
0xBA, 0xE4, 0x23, 0xE0, 0xF6, 0xDB, 0x41, 0xD8, 0x10, 0xD5, 0x6D, 0xD2, 0x62, 0xD0, 0xF5, 0xCE, 
0x2B, 0xCE, 0x07, 0xCE, 0x89, 0xCE, 0xAF, 0xCF, 0x75, 0xD1, 0xD6, 0xD3, 0xCA, 0xD6, 0x47, 0xDA, 
0x41, 0xDE, 0xAC, 0xE2, 0x77, 0xE7, 0x95, 0xEC, 0xF2, 0xF1, 0x7F, 0xF7, 0x27, 0xFD, 0xD9, 0x02, 
0x81, 0x08, 0x0E, 0x0E, 0x6B, 0x13, 0x89, 0x18, 0x54, 0x1D, 0xBF, 0x21, 0xB9, 0x25, 0x36, 0x29, 
0x2A, 0x2C, 0x8B, 0x2E, 0x51, 0x30, 0x77, 0x31, 0xF9, 0x31, 0xD5, 0x31, 0x0B, 0x31, 0x9E, 0x2F, 
0x93, 0x2D, 0xF0, 0x2A, 0xBF, 0x27, 0x0A, 0x24, 0xDD, 0x1F, 0x46, 0x1B, 0x55, 0x16, 0x19, 0x11, 
0xA5, 0x0B, 0x0A, 0x06, 0x5B, 0x00, 0xAB, 0xFA, 0x0D, 0xF5, 0x92, 0xEF, 0x4F, 0xEA, 0x53, 0xE5, 
0xB0, 0xE0, 0x75, 0xDC, 0xB0, 0xD8, 0x6E, 0xD5, 0xB9, 0xD2, 0x9B, 0xD0, 0x1A, 0xCF, 0x3C, 0xCE, 
0x03, 0xCE, 0x6F, 0xCE, 0x81, 0xCF, 0x34, 0xD1, 0x82, 0xD3, 0x64, 0xD6, 0xD0, 0xD9, 0xBC, 0xDD, 
0x19, 0xE2, 0xD9, 0xE6, 0xED, 0xEB, 0x44, 0xF1, 0xCB, 0xF6, 0x71, 0xFC, 0x22, 0x02, 0xCD, 0x07, 
0x5E, 0x0D, 0xC3, 0x12, 0xE9, 0x17, 0xC0, 0x1C, 0x37, 0x21, 0x40, 0x25, 0xCD, 0x28, 0xD3, 0x2B, 
0x47, 0x2E, 0x21, 0x30, 0x5B, 0x31, 0xF2, 0x31, 0xE2, 0x31, 0x2D, 0x31, 0xD4, 0x2F, 0xDD, 0x2D, 
0x4D, 0x2B, 0x2D, 0x28, 0x87, 0x24, 0x69, 0x20, 0xDE, 0x1B, 0xF8, 0x16, 0xC4, 0x11, 0x56, 0x0C, 
0xBF, 0x06, 0x11, 0x01, 0x61, 0xFB, 0xBF, 0xF5, 0x3F, 0xF0, 0xF4, 0xEA, 0xEE, 0xE5, 0x3F, 0xE1, 
0xF6, 0xDC, 0x22, 0xD9, 0xCF, 0xD5, 0x08, 0xD3, 0xD6, 0xD0, 0x41, 0xCF, 0x4E, 0xCE, 0x01, 0xCE, 
0x59, 0xCE, 0x56, 0xCF, 0xF5, 0xD0, 0x30, 0xD3, 0x00, 0xD6, 0x5C, 0xD9, 0x38, 0xDD, 0x87, 0xE1, 
0x3C, 0xE6, 0x47, 0xEB, 0x96, 0xF0, 0x18, 0xF6, 0xBC, 0xFB, 0x6C, 0x01, 0x19, 0x07, 0xAE, 0x0C, 
0x19, 0x12, 0x48, 0x17, 0x2A, 0x1C, 0xAE, 0x20, 0xC6, 0x24, 0x63, 0x28, 0x7A, 0x2B, 0x01, 0x2E, 
0xEE, 0x2F, 0x3D, 0x31, 0xE8, 0x31, 0xED, 0x31, 0x4D, 0x31, 0x08, 0x30, 0x24, 0x2E, 0xA7, 0x2B, 
0x98, 0x28, 0x03, 0x25, 0xF3, 0x20, 0x75, 0x1C, 0x99, 0x17, 0x6E, 0x12, 0x06, 0x0D, 0x73, 0x07, 
0xC7, 0x01, 0x16, 0xFC, 0x72, 0xF6, 0xED, 0xF0, 0x9A, 0xEB, 0x8A, 0xE6, 0xD0, 0xE1, 0x79, 0xDD, 
0x96, 0xD9, 0x32, 0xD6, 0x59, 0xD3, 0x14, 0xD1, 0x6B, 0xCF, 0x64, 0xCE, 0x01, 0xCE, 0x45, 0xCE, 
0x2D, 0xCF, 0xB8, 0xD0, 0xE0, 0xD2, 0x9E, 0xD5, 0xE9, 0xD8, 0xB6, 0xDC, 0xF8, 0xE0, 0xA0, 0xE5, 
0xA1, 0xEA, 0xE9, 0xEF, 0x66, 0xF5, 0x06, 0xFB, 0xB6, 0x00, 0x64, 0x06, 0xFE, 0x0B, 0x6F, 0x11, 
0xA6, 0x16, 0x93, 0x1B, 0x23, 0x20, 0x49, 0x24, 0xF6, 0x27, 0x1F, 0x2B, 0xB8, 0x2D, 0xB9, 0x2F, 
0x1C, 0x31, 0xDC, 0x31, 0xF6, 0x31, 0x6A, 0x31, 0x39, 0x30, 0x69, 0x2E, 0xFE, 0x2B, 0x02, 0x29, 
0x7D, 0x25, 0x7B, 0x21, 0x0A, 0x1D, 0x39, 0x18, 0x17, 0x13, 0xB6, 0x0D, 0x27, 0x08, 0x7E, 0x02, 
0xCC, 0xFC, 0x25, 0xF7, 0x9B, 0xF1, 0x41, 0xEC, 0x28, 0xE7, 0x62, 0xE2, 0xFE, 0xDD, 0x0C, 0xDA, 
0x97, 0xD6, 0xAC, 0xD3, 0x54, 0xD1, 0x98, 0xCF, 0x7C, 0xCE, 0x04, 0xCE, 0x33, 0xCE, 0x07, 0xCF, 
0x7E, 0xD0, 0x93, 0xD2, 0x3F, 0xD5, 0x78, 0xD8, 0x35, 0xDC, 0x69, 0xE0, 0x06, 0xE5, 0xFD, 0xE9, 
0x3C, 0xEF, 0xB4, 0xF4, 0x51, 0xFA, 0x00, 0x00, 0xAF, 0x05, 0x4C, 0x0B, 0xC4, 0x10, 0x03, 0x16, 
0xFA, 0x1A, 0x97, 0x1F, 0xCB, 0x23, 0x88, 0x27, 0xC1, 0x2A, 0x6D, 0x2D, 0x82, 0x2F, 0xF9, 0x30, 
0xCD, 0x31, 0xFC, 0x31, 0x84, 0x31, 0x68, 0x30, 0xAC, 0x2E, 0x54, 0x2C, 0x69, 0x29, 0xF4, 0x25, 
0x02, 0x22, 0x9E, 0x1D, 0xD8, 0x18, 0xBF, 0x13, 0x65, 0x0E, 0xDB, 0x08, 0x34, 0x03, 0x82, 0xFD, 
0xD9, 0xF7, 0x4A, 0xF2, 0xE9, 0xEC, 0xC7, 0xE7, 0xF6, 0xE2, 0x85, 0xDE, 0x83, 0xDA, 0xFE, 0xD6, 
0x02, 0xD4, 0x97, 0xD1, 0xC7, 0xCF, 0x96, 0xCE, 0x0A, 0xCE, 0x24, 0xCE, 0xE4, 0xCE, 0x47, 0xD0, 
0x48, 0xD2, 0xE1, 0xD4, 0x0A, 0xD8, 0xB7, 0xDB, 0xDD, 0xDF, 0x6D, 0xE4, 0x5A, 0xE9, 0x91, 0xEE, 
0x02, 0xF4, 0x9C, 0xF9, 0x4A, 0xFF, 0xFA, 0x04, 0x9A, 0x0A, 0x17, 0x10, 0x5F, 0x15, 0x60, 0x1A, 
0x08, 0x1F, 0x4A, 0x23, 0x17, 0x27, 0x62, 0x2A, 0x20, 0x2D, 0x48, 0x2F, 0xD3, 0x30, 0xBB, 0x31, 
0xFF, 0x31, 0x9C, 0x31, 0x95, 0x30, 0xEC, 0x2E, 0xA7, 0x2C, 0xCE, 0x29, 0x6A, 0x26, 0x87, 0x22, 
0x30, 0x1E, 0x76, 0x19, 0x66, 0x14, 0x13, 0x0F, 0x8E, 0x09, 0xEA, 0x03, 0x39, 0xFE, 0x8D, 0xF8, 
0xFA, 0xF2, 0x92, 0xED, 0x67, 0xE8, 0x8B, 0xE3, 0x0D, 0xDF, 0xFD, 0xDA, 0x68, 0xD7, 0x59, 0xD4, 
0xDC, 0xD1, 0xF8, 0xCF, 0xB3, 0xCE, 0x13, 0xCE, 0x18, 0xCE, 0xC3, 0xCE, 0x12, 0xD0, 0xFF, 0xD1, 
0x86, 0xD4, 0x9D, 0xD7, 0x3A, 0xDB, 0x52, 0xDF, 0xD6, 0xE3, 0xB8, 0xE8, 0xE7, 0xED, 0x52, 0xF3, 
0xE7, 0xF8, 0x94, 0xFE, 0x44, 0x04, 0xE8, 0x09, 0x6A, 0x0F, 0xB9, 0x14, 0xC4, 0x19, 0x79, 0x1E, 
0xC8, 0x22, 0xA4, 0x26, 0x00, 0x2A, 0xD0, 0x2C, 0x0B, 0x2F, 0xAA, 0x30, 0xA7, 0x31, 0xFF, 0x31, 
0xB2, 0x31, 0xBF, 0x30, 0x2A, 0x2F, 0xF8, 0x2C, 0x31, 0x2A, 0xDE, 0x26, 0x0A, 0x23, 0xC1, 0x1E, 
0x12, 0x1A, 0x0C, 0x15, 0xC1, 0x0F, 0x41, 0x0A, 0x9F, 0x04, 0xEF, 0xFE, 0x41, 0xF9, 0xAA, 0xF3, 
0x3C, 0xEE, 0x08, 0xE9, 0x22, 0xE4, 0x97, 0xDF, 0x79, 0xDB, 0xD3, 0xD7, 0xB3, 0xD4, 0x23, 0xD2, 
0x2C, 0xD0, 0xD3, 0xCE, 0x1E, 0xCE, 0x0E, 0xCE, 0xA5, 0xCE, 0xDF, 0xCF, 0xB9, 0xD1, 0x2D, 0xD4, 
0x33, 0xD7, 0xC0, 0xDA, 0xC9, 0xDE, 0x40, 0xE3, 0x17, 0xE8, 0x3D, 0xED, 0xA2, 0xF2, 0x33, 0xF8, 
0xDE, 0xFD, 0x8F, 0x03, 0x35, 0x09, 0xBC, 0x0E, 0x13, 0x14, 0x27, 0x19, 0xE7, 0x1D, 0x44, 0x22, 
0x30, 0x26, 0x9C, 0x29, 0x7E, 0x2C, 0xCC, 0x2E, 0x7F, 0x30, 0x91, 0x31, 0xFD, 0x31, 0xC4, 0x31, 
0xE6, 0x30, 0x65, 0x2F, 0x47, 0x2D, 0x92, 0x2A, 0x50, 0x27, 0x8B, 0x23, 0x50, 0x1F, 0xAD, 0x1A, 
0xB1, 0x15, 0x6E, 0x10, 0xF3, 0x0A, 0x55, 0x05, 0xA5, 0xFF, 0xF6, 0xF9, 0x5B, 0xF4, 0xE7, 0xEE, 
0xAB, 0xE9, 0xBA, 0xE4, 0x23, 0xE0, 0xF6, 0xDB, 0x41, 0xD8, 0x10, 0xD5, 0x6D, 0xD2, 0x62, 0xD0, 
0xF5, 0xCE, 0x2B, 0xCE, 0x07, 0xCE, 0x89, 0xCE, 0xAF, 0xCF, 0x75, 0xD1, 0xD6, 0xD3, 0xCA, 0xD6, 
0x47, 0xDA, 0x41, 0xDE, 0xAC, 0xE2, 0x77, 0xE7, 0x95, 0xEC, 0xF2, 0xF1, 0x7F, 0xF7, 0x27, 0xFD, 
0xD9, 0x02, 0x81, 0x08, 0x0E, 0x0E, 0x6B, 0x13, 0x89, 0x18, 0x54, 0x1D, 0xBF, 0x21, 0xB9, 0x25, 
0x36, 0x29, 0x2A, 0x2C, 0x8B, 0x2E, 0x51, 0x30, 0x77, 0x31, 0xF9, 0x31, 0xD5, 0x31, 0x0B, 0x31, 
0x9E, 0x2F, 0x93, 0x2D, 0xF0, 0x2A, 0xBF, 0x27, 0x0A, 0x24, 0xDD, 0x1F, 0x46, 0x1B, 0x55, 0x16, 
0x19, 0x11, 0xA5, 0x0B, 0x0A, 0x06, 0x5B, 0x00, 0xAB, 0xFA, 0x0D, 0xF5, 0x92, 0xEF, 0x4F, 0xEA, 
0x53, 0xE5, 0xB0, 0xE0, 0x75, 0xDC, 0xB0, 0xD8, 0x6E, 0xD5, 0xB9, 0xD2, 0x9B, 0xD0, 0x1A, 0xCF, 
0x3C, 0xCE, 0x03, 0xCE, 0x6F, 0xCE, 0x81, 0xCF, 0x34, 0xD1, 0x82, 0xD3, 0x64, 0xD6, 0xD0, 0xD9, 
0xBC, 0xDD, 0x19, 0xE2, 0xD9, 0xE6, 0xED, 0xEB, 0x44, 0xF1, 0xCB, 0xF6, 0x71, 0xFC, 0x22, 0x02, 
0xCD, 0x07, 0x5E, 0x0D, 0xC3, 0x12, 0xE9, 0x17, 0xC0, 0x1C, 0x37, 0x21, 0x40, 0x25, 0xCD, 0x28, 
0xD3, 0x2B, 0x47, 0x2E, 0x21, 0x30, 0x5B, 0x31, 0xF2, 0x31, 0xE2, 0x31, 0x2D, 0x31, 0xD4, 0x2F, 
0xDD, 0x2D, 0x4D, 0x2B, 0x2D, 0x28, 0x87, 0x24, 0x69, 0x20, 0xDE, 0x1B, 0xF8, 0x16, 0xC4, 0x11, 
0x56, 0x0C, 0xBF, 0x06, 0x11, 0x01, 0x61, 0xFB, 0xBF, 0xF5, 0x3F, 0xF0, 0xF4, 0xEA, 0xEE, 0xE5, 
0x3F, 0xE1, 0xF6, 0xDC, 0x22, 0xD9, 0xCF, 0xD5, 0x08, 0xD3, 0xD6, 0xD0, 0x41, 0xCF, 0x4E, 0xCE, 
0x01, 0xCE, 0x59, 0xCE, 0x56, 0xCF, 0xF5, 0xD0, 0x30, 0xD3, 0x00, 0xD6, 0x5C, 0xD9, 0x38, 0xDD, 
0x87, 0xE1, 0x3C, 0xE6, 0x47, 0xEB, 0x96, 0xF0, 0x18, 0xF6, 0xBC, 0xFB, 0x6C, 0x01, 0x19, 0x07, 
0xAE, 0x0C, 0x19, 0x12, 0x48, 0x17, 0x2A, 0x1C, 0xAE, 0x20, 0xC6, 0x24, 0x63, 0x28, 0x7A, 0x2B, 
0x01, 0x2E, 0xEE, 0x2F, 0x3D, 0x31, 0xE8, 0x31, 0xED, 0x31, 0x4D, 0x31, 0x08, 0x30, 0x24, 0x2E, 
0xA7, 0x2B, 0x98, 0x28, 0x03, 0x25, 0xF3, 0x20, 0x75, 0x1C, 0x99, 0x17, 0x6E, 0x12, 0x06, 0x0D, 
0x73, 0x07, 0xC7, 0x01, 0x16, 0xFC, 0x72, 0xF6, 0xED, 0xF0, 0x9A, 0xEB, 0x8A, 0xE6, 0xD0, 0xE1, 
0x79, 0xDD, 0x96, 0xD9, 0x32, 0xD6, 0x59, 0xD3, 0x14, 0xD1, 0x6B, 0xCF, 0x64, 0xCE, 0x01, 0xCE, 
0x45, 0xCE, 0x2D, 0xCF, 0xB8, 0xD0, 0xE0, 0xD2, 0x9E, 0xD5, 0xE9, 0xD8, 0xB6, 0xDC, 0xF8, 0xE0, 
0xA0, 0xE5, 0xA1, 0xEA, 0xE9, 0xEF, 0x66, 0xF5, 0x06, 0xFB, 0xB6, 0x00, 0x64, 0x06, 0xFE, 0x0B, 
0x6F, 0x11, 0xA6, 0x16, 0x93, 0x1B, 0x23, 0x20, 0x49, 0x24, 0xF6, 0x27, 0x1F, 0x2B, 0xB8, 0x2D, 
0xB9, 0x2F, 0x1C, 0x31, 0xDC, 0x31, 0xF6, 0x31, 0x6A, 0x31, 0x39, 0x30, 0x69, 0x2E, 0xFE, 0x2B, 
0x02, 0x29, 0x7D, 0x25, 0x7B, 0x21, 0x0A, 0x1D, 0x39, 0x18, 0x17, 0x13, 0xB6, 0x0D, 0x27, 0x08, 
0x7E, 0x02, 0xCC, 0xFC, 0x25, 0xF7, 0x9B, 0xF1, 0x41, 0xEC, 0x28, 0xE7, 0x62, 0xE2, 0xFE, 0xDD, 
0x0C, 0xDA, 0x97, 0xD6, 0xAC, 0xD3, 0x54, 0xD1, 0x98, 0xCF, 0x7C, 0xCE, 0x04, 0xCE, 0x33, 0xCE, 
0x07, 0xCF, 0x7E, 0xD0, 0x93, 0xD2, 0x3F, 0xD5, 0x78, 0xD8, 0x35, 0xDC, 0x69, 0xE0, 0x06, 0xE5, 
0xFD, 0xE9, 0x3C, 0xEF, 0xB4, 0xF4, 0x51, 0xFA, 0x00, 0x00, 0xAF, 0x05, 0x4C, 0x0B, 0xC4, 0x10, 
0x03, 0x16, 0xFA, 0x1A, 0x97, 0x1F, 0xCB, 0x23, 0x88, 0x27, 0xC1, 0x2A, 0x6D, 0x2D, 0x82, 0x2F, 
0xF9, 0x30, 0xCD, 0x31, 0xFC, 0x31, 0x84, 0x31, 0x68, 0x30, 0xAC, 0x2E, 0x54, 0x2C, 0x69, 0x29, 
0xF4, 0x25, 0x02, 0x22, 0x9E, 0x1D, 0xD8, 0x18, 0xBF, 0x13, 0x65, 0x0E, 0xDB, 0x08, 0x34, 0x03, 
0x82, 0xFD, 0xD9, 0xF7, 0x4A, 0xF2, 0xE9, 0xEC, 0xC7, 0xE7, 0xF6, 0xE2, 0x85, 0xDE, 0x83, 0xDA, 
0xFE, 0xD6, 0x02, 0xD4, 0x97, 0xD1, 0xC7, 0xCF, 0x96, 0xCE, 0x0A, 0xCE, 0x24, 0xCE, 0xE4, 0xCE, 
0x47, 0xD0, 0x48, 0xD2, 0xE1, 0xD4, 0x0A, 0xD8, 0xB7, 0xDB, 0xDD, 0xDF, 0x6D, 0xE4, 0x5A, 0xE9, 
0x91, 0xEE, 0x02, 0xF4, 0x9C, 0xF9, 0x4A, 0xFF, 0xFA, 0x04, 0x9A, 0x0A, 0x17, 0x10, 0x5F, 0x15, 
0x60, 0x1A, 0x08, 0x1F, 0x4A, 0x23, 0x17, 0x27, 0x62, 0x2A, 0x20, 0x2D, 0x48, 0x2F, 0xD3, 0x30, 
0xBB, 0x31, 0xFF, 0x31, 0x9C, 0x31, 0x95, 0x30, 0xEC, 0x2E, 0xA7, 0x2C, 0xCE, 0x29, 0x6A, 0x26, 
0x87, 0x22, 0x30, 0x1E, 0x76, 0x19, 0x66, 0x14, 0x13, 0x0F, 0x8E, 0x09, 0xEA, 0x03, 0x39, 0xFE, 
0x8D, 0xF8, 0xFA, 0xF2, 0x92, 0xED, 0x67, 0xE8, 0x8B, 0xE3, 0x0D, 0xDF, 0xFD, 0xDA, 0x68, 0xD7, 
0x59, 0xD4, 0xDC, 0xD1, 0xF8, 0xCF, 0xB3, 0xCE, 0x13, 0xCE, 0x18, 0xCE, 0xC3, 0xCE, 0x12, 0xD0, 
0xFF, 0xD1, 0x86, 0xD4, 0x9D, 0xD7, 0x3A, 0xDB, 0x52, 0xDF, 0xD6, 0xE3, 0xB8, 0xE8, 0xE7, 0xED, 
0x52, 0xF3, 0xE7, 0xF8, 0x94, 0xFE, 0x44, 0x04, 0xE8, 0x09, 0x6A, 0x0F, 0xB9, 0x14, 0xC4, 0x19, 
0x79, 0x1E, 0xC8, 0x22, 0xA4, 0x26, 0x00, 0x2A, 0xD0, 0x2C, 0x0B, 0x2F, 0xAA, 0x30, 0xA7, 0x31, 
0xFF, 0x31, 0xB2, 0x31, 0xBF, 0x30, 0x2A, 0x2F, 0xF8, 0x2C, 0x31, 0x2A, 0xDE, 0x26, 0x0A, 0x23, 
0xC1, 0x1E, 0x12, 0x1A, 0x0C, 0x15, 0xC1, 0x0F, 0x41, 0x0A, 0x9F, 0x04, 0xEF, 0xFE, 0x41, 0xF9, 
0xAA, 0xF3, 0x3C, 0xEE, 0x08, 0xE9, 0x22, 0xE4, 0x97, 0xDF, 0x79, 0xDB, 0xD3, 0xD7, 0xB3, 0xD4, 
0x23, 0xD2, 0x2C, 0xD0, 0xD3, 0xCE, 0x1E, 0xCE, 0x0E, 0xCE, 0xA5, 0xCE, 0xDF, 0xCF, 0xB9, 0xD1, 
0x2D, 0xD4, 0x33, 0xD7, 0xC0, 0xDA, 0xC9, 0xDE, 0x40, 0xE3, 0x17, 0xE8, 0x3D, 0xED, 0xA2, 0xF2, 
0x33, 0xF8, 0xDE, 0xFD, 0x8F, 0x03, 0x35, 0x09, 0xBC, 0x0E, 0x13, 0x14, 0x27, 0x19, 0xE7, 0x1D, 
0x44, 0x22, 0x30, 0x26, 0x9C, 0x29, 0x7E, 0x2C, 0xCC, 0x2E, 0x7F, 0x30, 0x91, 0x31, 0xFD, 0x31, 
0xC4, 0x31, 0xE6, 0x30, 0x65, 0x2F, 0x47, 0x2D, 0x92, 0x2A, 0x50, 0x27, 0x8B, 0x23, 0x50, 0x1F, 
0xAD, 0x1A, 0xB1, 0x15, 0x6E, 0x10, 0xF3, 0x0A, 0x55, 0x05, 0xA5, 0xFF, 0xF6, 0xF9, 0x5B, 0xF4, 
0xE7, 0xEE, 0xAB, 0xE9, 0xBA, 0xE4, 0x23, 0xE0, 0xF6, 0xDB, 0x41, 0xD8, 0x10, 0xD5, 0x6D, 0xD2, 
0x62, 0xD0, 0xF5, 0xCE, 0x2B, 0xCE, 0x07, 0xCE, 0x89, 0xCE, 0xAF, 0xCF, 0x75, 0xD1, 0xD6, 0xD3, 
0xCA, 0xD6, 0x47, 0xDA, 0x41, 0xDE, 0xAC, 0xE2, 0x77, 0xE7, 0x95, 0xEC, 0xF2, 0xF1, 0x7F, 0xF7, 
0x27, 0xFD, 0xD9, 0x02, 0x81, 0x08, 0x0E, 0x0E, 0x6B, 0x13, 0x89, 0x18, 0x54, 0x1D, 0xBF, 0x21, 
0xB9, 0x25, 0x36, 0x29, 0x2A, 0x2C, 0x8B, 0x2E, 0x51, 0x30, 0x77, 0x31, 0xF9, 0x31, 0xD5, 0x31, 
0x0B, 0x31, 0x9E, 0x2F, 0x93, 0x2D, 0xF0, 0x2A, 0xBF, 0x27, 0x0A, 0x24, 0xDD, 0x1F, 0x46, 0x1B, 
0x55, 0x16, 0x19, 0x11, 0xA5, 0x0B, 0x0A, 0x06, 0x5B, 0x00, 0xAB, 0xFA, 0x0D, 0xF5, 0x92, 0xEF, 
0x4F, 0xEA, 0x53, 0xE5, 0xB0, 0xE0, 0x75, 0xDC, 0xB0, 0xD8, 0x6E, 0xD5, 0xB9, 0xD2, 0x9B, 0xD0, 
0x1A, 0xCF, 0x3C, 0xCE, 0x03, 0xCE, 0x6F, 0xCE, 0x81, 0xCF, 0x34, 0xD1, 0x82, 0xD3, 0x64, 0xD6, 
0xD0, 0xD9, 0xBC, 0xDD, 0x19, 0xE2, 0xD9, 0xE6, 0xED, 0xEB, 0x44, 0xF1, 0xCB, 0xF6, 0x71, 0xFC, 
0x22, 0x02, 0xCD, 0x07, 0x5E, 0x0D, 0xC3, 0x12, 0xE9, 0x17, 0xC0, 0x1C, 0x37, 0x21, 0x40, 0x25, 
0xCD, 0x28, 0xD3, 0x2B, 0x47, 0x2E, 0x21, 0x30, 0x5B, 0x31, 0xF2, 0x31, 0xE2, 0x31, 0x2D, 0x31, 
0xD4, 0x2F, 0xDD, 0x2D, 0x4D, 0x2B, 0x2D, 0x28, 0x87, 0x24, 0x69, 0x20, 0xDE, 0x1B, 0xF8, 0x16, 
0xC4, 0x11, 0x56, 0x0C, 0xBF, 0x06, 0x11, 0x01, 0x61, 0xFB, 0xBF, 0xF5, 0x3F, 0xF0, 0xF4, 0xEA, 
0xEE, 0xE5, 0x3F, 0xE1, 0xF6, 0xDC, 0x22, 0xD9, 0xCF, 0xD5, 0x08, 0xD3, 0xD6, 0xD0, 0x41, 0xCF, 
0x4E, 0xCE, 0x01, 0xCE, 0x59, 0xCE, 0x56, 0xCF, 0xF5, 0xD0, 0x30, 0xD3, 0x00, 0xD6, 0x5C, 0xD9, 
0x38, 0xDD, 0x87, 0xE1, 0x3C, 0xE6, 0x47, 0xEB, 0x96, 0xF0, 0x18, 0xF6, 0xBC, 0xFB, 0x6C, 0x01, 
0x19, 0x07, 0xAE, 0x0C, 0x19, 0x12, 0x48, 0x17, 0x2A, 0x1C, 0xAE, 0x20, 0xC6, 0x24, 0x63, 0x28, 
0x7A, 0x2B, 0x01, 0x2E, 0xEE, 0x2F, 0x3D, 0x31, 0xE8, 0x31, 0xED, 0x31, 0x4D, 0x31, 0x08, 0x30, 
0x24, 0x2E, 0xA7, 0x2B, 0x98, 0x28, 0x03, 0x25, 0xF3, 0x20, 0x75, 0x1C, 0x99, 0x17, 0x6E, 0x12, 
0x06, 0x0D, 0x73, 0x07, 0xC7, 0x01, 0x16, 0xFC, 0x72, 0xF6, 0xED, 0xF0, 0x9A, 0xEB, 0x8A, 0xE6, 
0xD0, 0xE1, 0x79, 0xDD, 0x96, 0xD9, 0x32, 0xD6, 0x59, 0xD3, 0x14, 0xD1, 0x6B, 0xCF, 0x64, 0xCE, 
0x01, 0xCE, 0x45, 0xCE, 0x2D, 0xCF, 0xB8, 0xD0, 0xE0, 0xD2, 0x9E, 0xD5, 0xE9, 0xD8, 0xB6, 0xDC, 
0xF8, 0xE0, 0xA0, 0xE5, 0xA1, 0xEA, 0xE9, 0xEF, 0x66, 0xF5, 0x06, 0xFB, 0xB6, 0x00, 0x64, 0x06, 
0xFE, 0x0B, 0x6F, 0x11, 0xA6, 0x16, 0x93, 0x1B, 0x23, 0x20, 0x49, 0x24, 0xF6, 0x27, 0x1F, 0x2B, 
0xB8, 0x2D, 0xB9, 0x2F, 0x1C, 0x31, 0xDC, 0x31, 0xF6, 0x31, 0x6A, 0x31, 0x39, 0x30, 0x69, 0x2E, 
0xFE, 0x2B, 0x02, 0x29, 0x7D, 0x25, 0x7B, 0x21, 0x0A, 0x1D, 0x39, 0x18, 0x17, 0x13, 0xB6, 0x0D, 
0x27, 0x08, 0x7E, 0x02, 0xCC, 0xFC, 0x25, 0xF7, 0x9B, 0xF1, 0x41, 0xEC, 0x28, 0xE7, 0x62, 0xE2, 
0xFE, 0xDD, 0x0C, 0xDA, 0x97, 0xD6, 0xAC, 0xD3, 0x54, 0xD1, 0x98, 0xCF, 0x7C, 0xCE, 0x04, 0xCE, 
0x33, 0xCE, 0x07, 0xCF, 0x7E, 0xD0, 0x93, 0xD2, 0x3F, 0xD5, 0x78, 0xD8, 0x35, 0xDC, 0x69, 0xE0, 
0x06, 0xE5, 0xFD, 0xE9, 0x3C, 0xEF, 0xB4, 0xF4, 0x51, 0xFA, 0x00, 0x00, 0xAF, 0x05, 0x4C, 0x0B, 
0xC4, 0x10, 0x03, 0x16, 0xFA, 0x1A, 0x97, 0x1F, 0xCB, 0x23, 0x88, 0x27, 0xC1, 0x2A, 0x6D, 0x2D, 
0x82, 0x2F, 0xF9, 0x30, 0xCD, 0x31, 0xFC, 0x31, 0x84, 0x31, 0x68, 0x30, 0xAC, 0x2E, 0x54, 0x2C, 
0x69, 0x29, 0xF4, 0x25, 0x02, 0x22, 0x9E, 0x1D, 0xD8, 0x18, 0xBF, 0x13, 0x65, 0x0E, 0xDB, 0x08, 
0x34, 0x03, 0x82, 0xFD, 0xD9, 0xF7, 0x4A, 0xF2, 0xE9, 0xEC, 0xC7, 0xE7, 0xF6, 0xE2, 0x85, 0xDE, 
0x83, 0xDA, 0xFE, 0xD6, 0x02, 0xD4, 0x97, 0xD1, 0xC7, 0xCF, 0x96, 0xCE, 0x0A, 0xCE, 0x24, 0xCE, 
0xE4, 0xCE, 0x47, 0xD0, 0x48, 0xD2, 0xE1, 0xD4, 0x0A, 0xD8, 0xB7, 0xDB, 0xDD, 0xDF, 0x6D, 0xE4, 
0x5A, 0xE9, 0x91, 0xEE, 0x02, 0xF4, 0x9C, 0xF9, 0x4A, 0xFF, 0xFA, 0x04, 0x9A, 0x0A, 0x17, 0x10, 
0x5F, 0x15, 0x60, 0x1A, 0x08, 0x1F, 0x4A, 0x23, 0x17, 0x27, 0x62, 0x2A, 0x20, 0x2D, 0x48, 0x2F, 
0xD3, 0x30, 0xBB, 0x31, 0xFF, 0x31, 0x9C, 0x31, 0x95, 0x30, 0xEC, 0x2E, 0xA7, 0x2C, 0xCE, 0x29, 
0x6A, 0x26, 0x87, 0x22, 0x30, 0x1E, 0x76, 0x19, 0x66, 0x14, 0x13, 0x0F, 0x8E, 0x09, 0xEA, 0x03, 
0x39, 0xFE, 0x8D, 0xF8, 0xFA, 0xF2, 0x92, 0xED, 0x67, 0xE8, 0x8B, 0xE3, 0x0D, 0xDF, 0xFD, 0xDA, 
0x68, 0xD7, 0x59, 0xD4, 0xDC, 0xD1, 0xF8, 0xCF, 0xB3, 0xCE, 0x13, 0xCE, 0x18, 0xCE, 0xC3, 0xCE, 
0x12, 0xD0, 0xFF, 0xD1, 0x86, 0xD4, 0x9D, 0xD7, 0x3A, 0xDB, 0x52, 0xDF, 0xD6, 0xE3, 0xB8, 0xE8, 
0xE7, 0xED, 0x52, 0xF3, 0xE7, 0xF8, 0x94, 0xFE, 0x44, 0x04, 0xE8, 0x09, 0x6A, 0x0F, 0xB9, 0x14, 
0xC4, 0x19, 0x79, 0x1E, 0xC8, 0x22, 0xA4, 0x26, 0x00, 0x2A, 0xD0, 0x2C, 0x0B, 0x2F, 0xAA, 0x30, 
0xA7, 0x31, 0xFF, 0x31, 0xB2, 0x31, 0xBF, 0x30, 0x2A, 0x2F, 0xF8, 0x2C, 0x31, 0x2A, 0xDE, 0x26, 
0x0A, 0x23, 0xC1, 0x1E, 0x12, 0x1A, 0x0C, 0x15, 0xC1, 0x0F, 0x41, 0x0A, 0x9F, 0x04, 0xEF, 0xFE, 
0x41, 0xF9, 0xAA, 0xF3, 0x3C, 0xEE, 0x08, 0xE9, 0x22, 0xE4, 0x97, 0xDF, 0x79, 0xDB, 0xD3, 0xD7, 
0xB3, 0xD4, 0x23, 0xD2, 0x2C, 0xD0, 0xD3, 0xCE, 0x1E, 0xCE, 0x0E, 0xCE, 0xA5, 0xCE, 0xDF, 0xCF, 
0xB9, 0xD1, 0x2D, 0xD4, 0x33, 0xD7, 0xC0, 0xDA, 0xC9, 0xDE, 0x40, 0xE3, 0x17, 0xE8, 0x3D, 0xED, 
0xA2, 0xF2, 0x33, 0xF8, 0xDE, 0xFD, 0x8F, 0x03, 0x35, 0x09, 0xBC, 0x0E, 0x13, 0x14, 0x27, 0x19, 
0xE7, 0x1D, 0x44, 0x22, 0x30, 0x26, 0x9C, 0x29, 0x7E, 0x2C, 0xCC, 0x2E, 0x7F, 0x30, 0x91, 0x31, 
0xFD, 0x31, 0xC4, 0x31, 0xE6, 0x30, 0x65, 0x2F, 0x47, 0x2D, 0x92, 0x2A, 0x50, 0x27, 0x8B, 0x23, 
0x50, 0x1F, 0xAD, 0x1A, 0xB1, 0x15, 0x6E, 0x10, 0xF3, 0x0A, 0x55, 0x05, 0xA5, 0xFF, 0xF6, 0xF9, 
0x5B, 0xF4, 0xE7, 0xEE, 0xAB, 0xE9, 0xBA, 0xE4, 0x23, 0xE0, 0xF6, 0xDB, 0x41, 0xD8, 0x10, 0xD5, 
0x6D, 0xD2, 0x62, 0xD0, 0xF5, 0xCE, 0x2B, 0xCE, 0x07, 0xCE, 0x89, 0xCE, 0xAF, 0xCF, 0x75, 0xD1, 
0xD6, 0xD3, 0xCA, 0xD6, 0x47, 0xDA, 0x41, 0xDE, 0xAC, 0xE2, 0x77, 0xE7, 0x95, 0xEC, 0xF2, 0xF1, 
0x7F, 0xF7, 0x27, 0xFD, 0xD9, 0x02, 0x81, 0x08, 0x0E, 0x0E, 0x6B, 0x13, 0x89, 0x18, 0x54, 0x1D, 
0xBF, 0x21, 0xB9, 0x25, 0x36, 0x29, 0x2A, 0x2C, 0x8B, 0x2E, 0x51, 0x30, 0x77, 0x31, 0xF9, 0x31, 
0xD5, 0x31, 0x0B, 0x31, 0x9E, 0x2F, 0x93, 0x2D, 0xF0, 0x2A, 0xBF, 0x27, 0x0A, 0x24, 0xDD, 0x1F, 
0x46, 0x1B, 0x55, 0x16, 0x19, 0x11, 0xA5, 0x0B, 0x0A, 0x06, 0x5B, 0x00, 0xAB, 0xFA, 0x0D, 0xF5, 
0x92, 0xEF, 0x4F, 0xEA, 0x53, 0xE5, 0xB0, 0xE0, 0x75, 0xDC, 0xB0, 0xD8, 0x6E, 0xD5, 0xB9, 0xD2, 
0x9B, 0xD0, 0x1A, 0xCF, 0x3C, 0xCE, 0x03, 0xCE, 0x6F, 0xCE, 0x81, 0xCF, 0x34, 0xD1, 0x82, 0xD3, 
0x64, 0xD6, 0xD0, 0xD9, 0xBC, 0xDD, 0x19, 0xE2, 0xD9, 0xE6, 0xED, 0xEB, 0x44, 0xF1, 0xCB, 0xF6, 
0x71, 0xFC, 0x22, 0x02, 0xCD, 0x07, 0x5E, 0x0D, 0xC3, 0x12, 0xE9, 0x17, 0xC0, 0x1C, 0x37, 0x21, 
0x40, 0x25, 0xCD, 0x28, 0xD3, 0x2B, 0x47, 0x2E, 0x21, 0x30, 0x5B, 0x31, 0xF2, 0x31, 0xE2, 0x31, 
0x2D, 0x31, 0xD4, 0x2F, 0xDD, 0x2D, 0x4D, 0x2B, 0x2D, 0x28, 0x87, 0x24, 0x69, 0x20, 0xDE, 0x1B, 
0xF8, 0x16, 0xC4, 0x11, 0x56, 0x0C, 0xBF, 0x06, 0x11, 0x01, 0x61, 0xFB, 0xBF, 0xF5, 0x3F, 0xF0, 
0xF4, 0xEA, 0xEE, 0xE5, 0x3F, 0xE1, 0xF6, 0xDC, 0x22, 0xD9, 0xCF, 0xD5, 0x08, 0xD3, 0xD6, 0xD0, 
0x41, 0xCF, 0x4E, 0xCE, 0x01, 0xCE, 0x59, 0xCE, 0x56, 0xCF, 0xF5, 0xD0, 0x30, 0xD3, 0x00, 0xD6, 
0x5C, 0xD9, 0x38, 0xDD, 0x87, 0xE1, 0x3C, 0xE6, 0x47, 0xEB, 0x96, 0xF0, 0x18, 0xF6, 0xBC, 0xFB, 
0x6C, 0x01, 0x19, 0x07, 0xAE, 0x0C, 0x19, 0x12, 0x48, 0x17, 0x2A, 0x1C, 0xAE, 0x20, 0xC6, 0x24, 
0x63, 0x28, 0x7A, 0x2B, 0x01, 0x2E, 0xEE, 0x2F, 0x3D, 0x31, 0xE8, 0x31, 0xED, 0x31, 0x4D, 0x31, 
0x08, 0x30, 0x24, 0x2E, 0xA7, 0x2B, 0x98, 0x28, 0x03, 0x25, 0xF3, 0x20, 0x75, 0x1C, 0x99, 0x17, 
0x6E, 0x12, 0x06, 0x0D, 0x73, 0x07, 0xC7, 0x01, 0x16, 0xFC, 0x72, 0xF6, 0xED, 0xF0, 0x9A, 0xEB, 
0x8A, 0xE6, 0xD0, 0xE1, 0x79, 0xDD, 0x96, 0xD9, 0x32, 0xD6, 0x59, 0xD3, 0x14, 0xD1, 0x6B, 0xCF, 
0x64, 0xCE, 0x01, 0xCE, 0x45, 0xCE, 0x2D, 0xCF, 0xB8, 0xD0, 0xE0, 0xD2, 0x9E, 0xD5, 0xE9, 0xD8, 
0xB6, 0xDC, 0xF8, 0xE0, 0xA0, 0xE5, 0xA1, 0xEA, 0xE9, 0xEF, 0x66, 0xF5, 0x06, 0xFB, 0xB6, 0x00, 
0x64, 0x06, 0xFE, 0x0B, 0x6F, 0x11, 0xA6, 0x16, 0x93, 0x1B, 0x23, 0x20, 0x49, 0x24, 0xF6, 0x27, 
0x1F, 0x2B, 0xB8, 0x2D, 0xB9, 0x2F, 0x1C, 0x31, 0xDC, 0x31, 0xF6, 0x31, 0x6A, 0x31, 0x39, 0x30, 
0x69, 0x2E, 0xFE, 0x2B, 0x02, 0x29, 0x7D, 0x25, 0x7B, 0x21, 0x0A, 0x1D, 0x39, 0x18, 0x17, 0x13, 
0xB6, 0x0D, 0x27, 0x08, 0x7E, 0x02, 0xCC, 0xFC, 0x25, 0xF7, 0x9B, 0xF1, 0x41, 0xEC, 0x28, 0xE7, 
0x62, 0xE2, 0xFE, 0xDD, 0x0C, 0xDA, 0x97, 0xD6, 0xAC, 0xD3, 0x54, 0xD1, 0x98, 0xCF, 0x7C, 0xCE, 
0x04, 0xCE, 0x33, 0xCE, 0x07, 0xCF, 0x7E, 0xD0, 0x93, 0xD2, 0x3F, 0xD5, 0x78, 0xD8, 0x35, 0xDC, 
0x69, 0xE0, 0x06, 0xE5, 0xFD, 0xE9, 0x3C, 0xEF, 0xB4, 0xF4, 0x51, 0xFA, 0x00, 0x00, 0xAF, 0x05, 
0x4C, 0x0B, 0xC4, 0x10, 0x03, 0x16, 0xFA, 0x1A, 0x97, 0x1F, 0xCB, 0x23, 0x88, 0x27, 0xC1, 0x2A, 
0x6D, 0x2D, 0x82, 0x2F, 0xF9, 0x30, 0xCD, 0x31, 0xFC, 0x31, 0x84, 0x31, 0x68, 0x30, 0xAC, 0x2E, 
0x54, 0x2C, 0x69, 0x29, 0xF4, 0x25, 0x02, 0x22, 0x9E, 0x1D, 0xD8, 0x18, 0xBF, 0x13, 0x65, 0x0E, 
0xDB, 0x08, 0x34, 0x03, 0x82, 0xFD, 0xD9, 0xF7, 0x4A, 0xF2, 0xE9, 0xEC, 0xC7, 0xE7, 0xF6, 0xE2, 
0x85, 0xDE, 0x83, 0xDA, 0xFE, 0xD6, 0x02, 0xD4, 0x97, 0xD1, 0xC7, 0xCF, 0x96, 0xCE, 0x0A, 0xCE, 
0x24, 0xCE, 0xE4, 0xCE, 0x47, 0xD0, 0x48, 0xD2, 0xE1, 0xD4, 0x0A, 0xD8, 0xB7, 0xDB, 0xDD, 0xDF, 
0x6D, 0xE4, 0x5A, 0xE9, 0x91, 0xEE, 0x02, 0xF4, 0x9C, 0xF9, 0x4A, 0xFF, 0xFA, 0x04, 0x9A, 0x0A, 
0x17, 0x10, 0x5F, 0x15, 0x60, 0x1A, 0x08, 0x1F, 0x4A, 0x23, 0x17, 0x27, 0x62, 0x2A, 0x20, 0x2D, 
0x48, 0x2F, 0xD3, 0x30, 0xBB, 0x31, 0xFF, 0x31, 0x9C, 0x31, 0x95, 0x30, 0xEC, 0x2E, 0xA7, 0x2C, 
0xCE, 0x29, 0x6A, 0x26, 0x87, 0x22, 0x30, 0x1E, 0x76, 0x19, 0x66, 0x14, 0x13, 0x0F, 0x8E, 0x09, 
0xEA, 0x03, 0x39, 0xFE, 0x8D, 0xF8, 0xFA, 0xF2, 0x92, 0xED, 0x67, 0xE8, 0x8B, 0xE3, 0x0D, 0xDF, 
0xFD, 0xDA, 0x68, 0xD7, 0x59, 0xD4, 0xDC, 0xD1, 0xF8, 0xCF, 0xB3, 0xCE, 0x13, 0xCE, 0x18, 0xCE, 
0xC3, 0xCE, 0x12, 0xD0, 0xFF, 0xD1, 0x86, 0xD4, 0x9D, 0xD7, 0x3A, 0xDB, 0x52, 0xDF, 0xD6, 0xE3, 
0xB8, 0xE8, 0xE7, 0xED, 0x52, 0xF3, 0xE7, 0xF8, 0x94, 0xFE, 0x44, 0x04, 0xE8, 0x09, 0x6A, 0x0F, 
0xB9, 0x14, 0xC4, 0x19, 0x79, 0x1E, 0xC8, 0x22, 0xA4, 0x26, 0x00, 0x2A, 0xD0, 0x2C, 0x0B, 0x2F, 
0xAA, 0x30, 0xA7, 0x31, 0xFF, 0x31, 0xB2, 0x31, 0xBF, 0x30, 0x2A, 0x2F, 0xF8, 0x2C, 0x31, 0x2A, 
0xDE, 0x26, 0x0A, 0x23, 0xC1, 0x1E, 0x12, 0x1A, 0x0C, 0x15, 0xC1, 0x0F, 0x41, 0x0A, 0x9F, 0x04, 
0xEF, 0xFE, 0x41, 0xF9, 0xAA, 0xF3, 0x3C, 0xEE, 0x08, 0xE9, 0x22, 0xE4, 0x97, 0xDF, 0x79, 0xDB, 
0xD3, 0xD7, 0xB3, 0xD4, 0x23, 0xD2, 0x2C, 0xD0, 0xD3, 0xCE, 0x1E, 0xCE, 0x0E, 0xCE, 0xA5, 0xCE, 
0xDF, 0xCF, 0xB9, 0xD1, 0x2D, 0xD4, 0x33, 0xD7, 0xC0, 0xDA, 0xC9, 0xDE, 0x40, 0xE3, 0x17, 0xE8, 
0x3D, 0xED, 0xA2, 0xF2, 0x33, 0xF8, 0xDE, 0xFD, 0x8F, 0x03, 0x35, 0x09, 0xBC, 0x0E, 0x13, 0x14, 
0x27, 0x19, 0xE7, 0x1D, 0x44, 0x22, 0x30, 0x26, 0x9C, 0x29, 0x7E, 0x2C, 0xCC, 0x2E, 0x7F, 0x30, 
0x91, 0x31, 0xFD, 0x31, 0xC4, 0x31, 0xE6, 0x30, 0x65, 0x2F, 0x47, 0x2D, 0x92, 0x2A, 0x50, 0x27, 
0x8B, 0x23, 0x50, 0x1F, 0xAD, 0x1A, 0xB1, 0x15, 0x6E, 0x10, 0xF3, 0x0A, 0x55, 0x05, 0xA5, 0xFF, 
0xF6, 0xF9, 0x5B, 0xF4, 0xE7, 0xEE, 0xAB, 0xE9, 0xBA, 0xE4, 0x23, 0xE0, 0xF6, 0xDB, 0x41, 0xD8, 
0x10, 0xD5, 0x6D, 0xD2, 0x62, 0xD0, 0xF5, 0xCE, 0x2B, 0xCE, 0x07, 0xCE, 0x89, 0xCE, 0xAF, 0xCF, 
0x75, 0xD1, 0xD6, 0xD3, 0xCA, 0xD6, 0x47, 0xDA, 0x41, 0xDE, 0xAC, 0xE2, 0x77, 0xE7, 0x95, 0xEC, 
0xF2, 0xF1, 0x7F, 0xF7, 0x27, 0xFD, 0xD9, 0x02, 0x81, 0x08, 0x0E, 0x0E, 0x6B, 0x13, 0x89, 0x18, 
0x54, 0x1D, 0xBF, 0x21, 0xB9, 0x25, 0x36, 0x29, 0x2A, 0x2C, 0x8B, 0x2E, 0x51, 0x30, 0x77, 0x31, 
0xF9, 0x31, 0xD5, 0x31, 0x0B, 0x31, 0x9E, 0x2F, 0x93, 0x2D, 0xF0, 0x2A, 0xBF, 0x27, 0x0A, 0x24, 
0xDD, 0x1F, 0x46, 0x1B, 0x55, 0x16, 0x19, 0x11, 0xA5, 0x0B, 0x0A, 0x06, 0x5B, 0x00, 0xAB, 0xFA, 
0x0D, 0xF5, 0x92, 0xEF, 0x4F, 0xEA, 0x53, 0xE5, 0xB0, 0xE0, 0x75, 0xDC, 0xB0, 0xD8, 0x6E, 0xD5, 
0xB9, 0xD2, 0x9B, 0xD0, 0x1A, 0xCF, 0x3C, 0xCE, 0x03, 0xCE, 0x6F, 0xCE, 0x81, 0xCF, 0x34, 0xD1, 
0x82, 0xD3, 0x64, 0xD6, 0xD0, 0xD9, 0xBC, 0xDD, 0x19, 0xE2, 0xD9, 0xE6, 0xED, 0xEB, 0x44, 0xF1, 
0xCB, 0xF6, 0x71, 0xFC, 0x22, 0x02, 0xCD, 0x07, 0x5E, 0x0D, 0xC3, 0x12, 0xE9, 0x17, 0xC0, 0x1C, 
0x37, 0x21, 0x40, 0x25, 0xCD, 0x28, 0xD3, 0x2B, 0x47, 0x2E, 0x21, 0x30, 0x5B, 0x31, 0xF2, 0x31, 
0xE2, 0x31, 0x2D, 0x31, 0xD4, 0x2F, 0xDD, 0x2D, 0x4D, 0x2B, 0x2D, 0x28, 0x87, 0x24, 0x69, 0x20, 
0xDE, 0x1B, 0xF8, 0x16, 0xC4, 0x11, 0x56, 0x0C, 0xBF, 0x06, 0x11, 0x01, 0x61, 0xFB, 0xBF, 0xF5, 
0x3F, 0xF0, 0xF4, 0xEA, 0xEE, 0xE5, 0x3F, 0xE1, 0xF6, 0xDC, 0x22, 0xD9, 0xCF, 0xD5, 0x08, 0xD3, 
0xD6, 0xD0, 0x41, 0xCF, 0x4E, 0xCE, 0x01, 0xCE, 0x59, 0xCE, 0x56, 0xCF, 0xF5, 0xD0, 0x30, 0xD3, 
0x00, 0xD6, 0x5C, 0xD9, 0x38, 0xDD, 0x87, 0xE1, 0x3C, 0xE6, 0x47, 0xEB, 0x96, 0xF0, 0x18, 0xF6, 
0xBC, 0xFB, 0x6C, 0x01, 0x19, 0x07, 0xAE, 0x0C, 0x19, 0x12, 0x48, 0x17, 0x2A, 0x1C, 0xAE, 0x20, 
0xC6, 0x24, 0x63, 0x28, 0x7A, 0x2B, 0x01, 0x2E, 0xEE, 0x2F, 0x3D, 0x31, 0xE8, 0x31, 0xED, 0x31, 
0x4D, 0x31, 0x08, 0x30, 0x24, 0x2E, 0xA7, 0x2B, 0x98, 0x28, 0x03, 0x25, 0xF3, 0x20, 0x75, 0x1C, 
0x99, 0x17, 0x6E, 0x12, 0x06, 0x0D, 0x73, 0x07, 0xC7, 0x01, 0x16, 0xFC, 0x72, 0xF6, 0xED, 0xF0, 
0x9A, 0xEB, 0x8A, 0xE6, 0xD0, 0xE1, 0x79, 0xDD, 0x96, 0xD9, 0x32, 0xD6, 0x59, 0xD3, 0x14, 0xD1, 
0x6B, 0xCF, 0x64, 0xCE, 0x01, 0xCE, 0x45, 0xCE, 0x2D, 0xCF, 0xB8, 0xD0, 0xE0, 0xD2, 0x9E, 0xD5, 
0xE9, 0xD8, 0xB6, 0xDC, 0xF8, 0xE0, 0xA0, 0xE5, 0xA1, 0xEA, 0xE9, 0xEF, 0x66, 0xF5, 0x06, 0xFB, 
0xB6, 0x00, 0x64, 0x06, 0xFE, 0x0B, 0x6F, 0x11, 0xA6, 0x16, 0x93, 0x1B, 0x23, 0x20, 0x49, 0x24, 
0xF6, 0x27, 0x1F, 0x2B, 0xB8, 0x2D, 0xB9, 0x2F, 0x1C, 0x31, 0xDC, 0x31, 0xF6, 0x31, 0x6A, 0x31, 
0x39, 0x30, 0x69, 0x2E, 0xFE, 0x2B, 0x02, 0x29, 0x7D, 0x25, 0x7B, 0x21, 0x0A, 0x1D, 0x39, 0x18, 
0x17, 0x13, 0xB6, 0x0D, 0x27, 0x08, 0x7E, 0x02, 0xCC, 0xFC, 0x25, 0xF7, 0x9B, 0xF1, 0x41, 0xEC, 
0x28, 0xE7, 0x62, 0xE2, 0xFE, 0xDD, 0x0C, 0xDA, 0x97, 0xD6, 0xAC, 0xD3, 0x54, 0xD1, 0x98, 0xCF, 
0x7C, 0xCE, 0x04, 0xCE, 0x33, 0xCE, 0x07, 0xCF, 0x7E, 0xD0, 0x93, 0xD2, 0x3F, 0xD5, 0x78, 0xD8, 
0x35, 0xDC, 0x69, 0xE0, 0x06, 0xE5, 0xFD, 0xE9, 0x3C, 0xEF, 0xB4, 0xF4, 0x51, 0xFA, 0x00, 0x00, 
0xAF, 0x05, 0x4C, 0x0B, 0xC4, 0x10, 0x03, 0x16, 0xFA, 0x1A, 0x97, 0x1F, 0xCB, 0x23, 0x88, 0x27, 
0xC1, 0x2A, 0x6D, 0x2D, 0x82, 0x2F, 0xF9, 0x30, 0xCD, 0x31, 0xFC, 0x31, 0x84, 0x31, 0x68, 0x30, 
0xAC, 0x2E, 0x54, 0x2C, 0x69, 0x29, 0xF4, 0x25, 0x02, 0x22, 0x9E, 0x1D, 0xD8, 0x18, 0xBF, 0x13, 
0x65, 0x0E, 0xDB, 0x08, 0x34, 0x03, 0x82, 0xFD, 0xD9, 0xF7, 0x4A, 0xF2, 0xE9, 0xEC, 0xC7, 0xE7, 
0xF6, 0xE2, 0x85, 0xDE, 0x83, 0xDA, 0xFE, 0xD6, 0x02, 0xD4, 0x97, 0xD1, 0xC7, 0xCF, 0x96, 0xCE, 
0x0A, 0xCE, 0x24, 0xCE, 0xE4, 0xCE, 0x47, 0xD0, 0x48, 0xD2, 0xE1, 0xD4, 0x0A, 0xD8, 0xB7, 0xDB, 
0xDD, 0xDF, 0x6D, 0xE4, 0x5A, 0xE9, 0x91, 0xEE, 0x02, 0xF4, 0x9C, 0xF9, 0x4A, 0xFF, 0xFA, 0x04, 
0x9A, 0x0A, 0x17, 0x10, 0x5F, 0x15, 0x60, 0x1A, 0x08, 0x1F, 0x4A, 0x23, 0x17, 0x27, 0x62, 0x2A, 
0x20, 0x2D, 0x48, 0x2F, 0xD3, 0x30, 0xBB, 0x31, 0xFF, 0x31, 0x9C, 0x31, 0x95, 0x30, 0xEC, 0x2E, 
0xA7, 0x2C, 0xCE, 0x29, 0x6A, 0x26, 0x87, 0x22, 0x30, 0x1E, 0x76, 0x19, 0x66, 0x14, 0x13, 0x0F, 
0x8E, 0x09, 0xEA, 0x03, 0x39, 0xFE, 0x8D, 0xF8, 0xFA, 0xF2, 0x92, 0xED, 0x67, 0xE8, 0x8B, 0xE3, 
0x0D, 0xDF, 0xFD, 0xDA, 0x68, 0xD7, 0x59, 0xD4, 0xDC, 0xD1, 0xF8, 0xCF, 0xB3, 0xCE, 0x13, 0xCE, 
0x18, 0xCE, 0xC3, 0xCE, 0x12, 0xD0, 0xFF, 0xD1, 0x86, 0xD4, 0x9D, 0xD7, 0x3A, 0xDB, 0x52, 0xDF, 
0xD6, 0xE3, 0xB8, 0xE8, 0xE7, 0xED, 0x52, 0xF3, 0xE7, 0xF8, 0x94, 0xFE, 0x44, 0x04, 0xE8, 0x09, 
0x6A, 0x0F, 0xB9, 0x14, 0xC4, 0x19, 0x79, 0x1E, 0xC8, 0x22, 0xA4, 0x26, 0x00, 0x2A, 0xD0, 0x2C, 
0x0B, 0x2F, 0xAA, 0x30, 0xA7, 0x31, 0xFF, 0x31, 0xB2, 0x31, 0xBF, 0x30, 0x2A, 0x2F, 0xF8, 0x2C, 
0x31, 0x2A, 0xDE, 0x26, 0x0A, 0x23, 0xC1, 0x1E, 0x12, 0x1A, 0x0C, 0x15, 0xC1, 0x0F, 0x41, 0x0A, 
0x9F, 0x04, 0xEF, 0xFE, 0x41, 0xF9, 0xAA, 0xF3, 0x3C, 0xEE, 0x08, 0xE9, 0x22, 0xE4, 0x97, 0xDF, 
0x79, 0xDB, 0xD3, 0xD7, 0xB3, 0xD4, 0x23, 0xD2, 0x2C, 0xD0, 0xD3, 0xCE, 0x1E, 0xCE, 0x0E, 0xCE, 
0xA5, 0xCE, 0xDF, 0xCF, 0xB9, 0xD1, 0x2D, 0xD4, 0x33, 0xD7, 0xC0, 0xDA, 0xC9, 0xDE, 0x40, 0xE3, 
0x17, 0xE8, 0x3D, 0xED, 0xA2, 0xF2, 0x33, 0xF8, 0xDE, 0xFD, 0x8F, 0x03, 0x35, 0x09, 0xBC, 0x0E, 
0x13, 0x14, 0x27, 0x19, 0xE7, 0x1D, 0x44, 0x22, 0x30, 0x26, 0x9C, 0x29, 0x7E, 0x2C, 0xCC, 0x2E, 
0x7F, 0x30, 0x91, 0x31, 0xFD, 0x31, 0xC4, 0x31, 0xE6, 0x30, 0x65, 0x2F, 0x47, 0x2D, 0x92, 0x2A, 
0x50, 0x27, 0x8B, 0x23, 0x50, 0x1F, 0xAD, 0x1A, 0xB1, 0x15, 0x6E, 0x10, 0xF3, 0x0A, 0x55, 0x05, 
0xA5, 0xFF, 0xF6, 0xF9, 0x5B, 0xF4, 0xE7, 0xEE, 0xAB, 0xE9, 0xBA, 0xE4, 0x23, 0xE0, 0xF6, 0xDB, 
0x41, 0xD8, 0x10, 0xD5, 0x6D, 0xD2, 0x62, 0xD0, 0xF5, 0xCE, 0x2B, 0xCE, 0x07, 0xCE, 0x89, 0xCE, 
0xAF, 0xCF, 0x75, 0xD1, 0xD6, 0xD3, 0xCA, 0xD6, 0x47, 0xDA, 0x41, 0xDE, 0xAC, 0xE2, 0x77, 0xE7, 
0x95, 0xEC, 0xF2, 0xF1, 0x7F, 0xF7, 0x27, 0xFD, 0xD9, 0x02, 0x81, 0x08, 0x0E, 0x0E, 0x6B, 0x13, 
0x89, 0x18, 0x54, 0x1D, 0xBF, 0x21, 0xB9, 0x25, 0x36, 0x29, 0x2A, 0x2C, 0x8B, 0x2E, 0x51, 0x30, 
0x77, 0x31, 0xF9, 0x31, 0xD5, 0x31, 0x0B, 0x31, 0x9E, 0x2F, 0x93, 0x2D, 0xF0, 0x2A, 0xBF, 0x27, 
0x0A, 0x24, 0xDD, 0x1F, 0x46, 0x1B, 0x55, 0x16, 0x19, 0x11, 0xA5, 0x0B, 0x0A, 0x06, 0x5B, 0x00, 
0xAB, 0xFA, 0x0D, 0xF5, 0x92, 0xEF, 0x4F, 0xEA, 0x53, 0xE5, 0xB0, 0xE0, 0x75, 0xDC, 0xB0, 0xD8, 
0x6E, 0xD5, 0xB9, 0xD2, 0x9B, 0xD0, 0x1A, 0xCF, 0x3C, 0xCE, 0x03, 0xCE, 0x6F, 0xCE, 0x81, 0xCF, 
0x34, 0xD1, 0x82, 0xD3, 0x64, 0xD6, 0xD0, 0xD9, 0xBC, 0xDD, 0x19, 0xE2, 0xD9, 0xE6, 0xED, 0xEB, 
0x44, 0xF1, 0xCB, 0xF6, 0x71, 0xFC, 0x22, 0x02, 0xCD, 0x07, 0x5E, 0x0D, 0xC3, 0x12, 0xE9, 0x17, 
0xC0, 0x1C, 0x37, 0x21, 0x40, 0x25, 0xCD, 0x28, 0xD3, 0x2B, 0x47, 0x2E, 0x21, 0x30, 0x5B, 0x31, 
0xF2, 0x31, 0xE2, 0x31, 0x2D, 0x31, 0xD4, 0x2F, 0xDD, 0x2D, 0x4D, 0x2B, 0x2D, 0x28, 0x87, 0x24, 
0x69, 0x20, 0xDE, 0x1B, 0xF8, 0x16, 0xC4, 0x11, 0x56, 0x0C, 0xBF, 0x06, 0x11, 0x01, 0x61, 0xFB, 
0xBF, 0xF5, 0x3F, 0xF0, 0xF4, 0xEA, 0xEE, 0xE5, 0x3F, 0xE1, 0xF6, 0xDC, 0x22, 0xD9, 0xCF, 0xD5, 
0x08, 0xD3, 0xD6, 0xD0, 0x41, 0xCF, 0x4E, 0xCE, 0x01, 0xCE, 0x59, 0xCE, 0x56, 0xCF, 0xF5, 0xD0, 
0x30, 0xD3, 0x00, 0xD6, 0x5C, 0xD9, 0x38, 0xDD, 0x87, 0xE1, 0x3C, 0xE6, 0x47, 0xEB, 0x96, 0xF0, 
0x18, 0xF6, 0xBC, 0xFB, 0x6C, 0x01, 0x19, 0x07, 0xAE, 0x0C, 0x19, 0x12, 0x48, 0x17, 0x2A, 0x1C, 
0xAE, 0x20, 0xC6, 0x24, 0x63, 0x28, 0x7A, 0x2B, 0x01, 0x2E, 0xEE, 0x2F, 0x3D, 0x31, 0xE8, 0x31, 
0xED, 0x31, 0x4D, 0x31, 0x08, 0x30, 0x24, 0x2E, 0xA7, 0x2B, 0x98, 0x28, 0x03, 0x25, 0xF3, 0x20, 
0x75, 0x1C, 0x99, 0x17, 0x6E, 0x12, 0x06, 0x0D, 0x73, 0x07, 0xC7, 0x01, 0x16, 0xFC, 0x72, 0xF6, 
0xED, 0xF0, 0x9A, 0xEB, 0x8A, 0xE6, 0xD0, 0xE1, 0x79, 0xDD, 0x96, 0xD9, 0x32, 0xD6, 0x59, 0xD3, 
0x14, 0xD1, 0x6B, 0xCF, 0x64, 0xCE, 0x01, 0xCE, 0x45, 0xCE, 0x2D, 0xCF, 0xB8, 0xD0, 0xE0, 0xD2, 
0x9E, 0xD5, 0xE9, 0xD8, 0xB6, 0xDC, 0xF8, 0xE0, 0xA0, 0xE5, 0xA1, 0xEA, 0xE9, 0xEF, 0x66, 0xF5, 
0x06, 0xFB, 0xB6, 0x00, 0x64, 0x06, 0xFE, 0x0B, 0x6F, 0x11, 0xA6, 0x16, 0x93, 0x1B, 0x23, 0x20, 
0x49, 0x24, 0xF6, 0x27, 0x1F, 0x2B, 0xB8, 0x2D, 0xB9, 0x2F, 0x1C, 0x31, 0xDC, 0x31, 0xF6, 0x31, 
0x6A, 0x31, 0x39, 0x30, 0x69, 0x2E, 0xFE, 0x2B, 0x02, 0x29, 0x7D, 0x25, 0x7B, 0x21, 0x0A, 0x1D, 
0x39, 0x18, 0x17, 0x13, 0xB6, 0x0D, 0x27, 0x08, 0x7E, 0x02, 0xCC, 0xFC, 0x25, 0xF7, 0x9B, 0xF1, 
0x41, 0xEC, 0x28, 0xE7, 0x62, 0xE2, 0xFE, 0xDD, 0x0C, 0xDA, 0x97, 0xD6, 0xAC, 0xD3, 0x54, 0xD1, 
0x98, 0xCF, 0x7C, 0xCE, 0x04, 0xCE, 0x33, 0xCE, 0x07, 0xCF, 0x7E, 0xD0, 0x93, 0xD2, 0x3F, 0xD5, 
0x78, 0xD8, 0x35, 0xDC, 0x69, 0xE0, 0x06, 0xE5, 0xFD, 0xE9, 0x3C, 0xEF, 0xB4, 0xF4, 0x51, 0xFA, 
0x00, 0x00, 0xAF, 0x05, 0x4C, 0x0B, 0xC4, 0x10, 0x03, 0x16, 0xFA, 0x1A, 0x97, 0x1F, 0xCB, 0x23, 
0x88, 0x27, 0xC1, 0x2A, 0x6D, 0x2D, 0x82, 0x2F, 0xF9, 0x30, 0xCD, 0x31, 0xFC, 0x31, 0x84, 0x31, 
0x68, 0x30, 0xAC, 0x2E, 0x54, 0x2C, 0x69, 0x29, 0xF4, 0x25, 0x02, 0x22, 0x9E, 0x1D, 0xD8, 0x18, 
0xBF, 0x13, 0x65, 0x0E, 0xDB, 0x08, 0x34, 0x03, 0x82, 0xFD, 0xD9, 0xF7, 0x4A, 0xF2, 0xE9, 0xEC, 
0xC7, 0xE7, 0xF6, 0xE2, 0x85, 0xDE, 0x83, 0xDA, 0xFE, 0xD6, 0x02, 0xD4, 0x97, 0xD1, 0xC7, 0xCF, 
0x96, 0xCE, 0x0A, 0xCE, 0x24, 0xCE, 0xE4, 0xCE, 0x47, 0xD0, 0x48, 0xD2, 0xE1, 0xD4, 0x0A, 0xD8, 
0xB7, 0xDB, 0xDD, 0xDF, 0x6D, 0xE4, 0x5A, 0xE9, 0x91, 0xEE, 0x02, 0xF4, 0x9C, 0xF9, 0x4A, 0xFF, 
0xFA, 0x04, 0x9A, 0x0A, 0x17, 0x10, 0x5F, 0x15, 0x60, 0x1A, 0x08, 0x1F, 0x4A, 0x23, 0x17, 0x27, 
0x62, 0x2A, 0x20, 0x2D, 0x48, 0x2F, 0xD3, 0x30, 0xBB, 0x31, 0xFF, 0x31, 0x9C, 0x31, 0x95, 0x30, 
0xEC, 0x2E, 0xA7, 0x2C, 0xCE, 0x29, 0x6A, 0x26, 0x87, 0x22, 0x30, 0x1E, 0x76, 0x19, 0x66, 0x14, 
0x13, 0x0F, 0x8E, 0x09, 0xEA, 0x03, 0x39, 0xFE, 0x8D, 0xF8, 0xFA, 0xF2, 0x92, 0xED, 0x67, 0xE8, 
0x8B, 0xE3, 0x0D, 0xDF, 0xFD, 0xDA, 0x68, 0xD7, 0x59, 0xD4, 0xDC, 0xD1, 0xF8, 0xCF, 0xB3, 0xCE, 
0x13, 0xCE, 0x18, 0xCE, 0xC3, 0xCE, 0x12, 0xD0, 0xFF, 0xD1, 0x86, 0xD4, 0x9D, 0xD7, 0x3A, 0xDB, 
0x52, 0xDF, 0xD6, 0xE3, 0xB8, 0xE8, 0xE7, 0xED, 0x52, 0xF3, 0xE7, 0xF8, 0x94, 0xFE, 0x44, 0x04, 
0xE8, 0x09, 0x6A, 0x0F, 0xB9, 0x14, 0xC4, 0x19, 0x79, 0x1E, 0xC8, 0x22, 0xA4, 0x26, 0x00, 0x2A, 
0xD0, 0x2C, 0x0B, 0x2F, 0xAA, 0x30, 0xA7, 0x31, 0xFF, 0x31, 0xB2, 0x31, 0xBF, 0x30, 0x2A, 0x2F, 
0xF8, 0x2C, 0x31, 0x2A, 0xDE, 0x26, 0x0A, 0x23, 0xC1, 0x1E, 0x12, 0x1A, 0x0C, 0x15, 0xC1, 0x0F, 
0x41, 0x0A, 0x9F, 0x04, 0xEF, 0xFE, 0x41, 0xF9, 0xAA, 0xF3, 0x3C, 0xEE, 0x08, 0xE9, 0x22, 0xE4, 
0x97, 0xDF, 0x79, 0xDB, 0xD3, 0xD7, 0xB3, 0xD4, 0x23, 0xD2, 0x2C, 0xD0, 0xD3, 0xCE, 0x1E, 0xCE, 
0x0E, 0xCE, 0xA5, 0xCE, 0xDF, 0xCF, 0xB9, 0xD1, 0x2D, 0xD4, 0x33, 0xD7, 0xC0, 0xDA, 0xC9, 0xDE, 
0x40, 0xE3, 0x17, 0xE8, 0x3D, 0xED, 0xA2, 0xF2, 0x33, 0xF8, 0xDE, 0xFD, 0x8F, 0x03, 0x35, 0x09, 
0xBC, 0x0E, 0x13, 0x14, 0x27, 0x19, 0xE7, 0x1D, 0x44, 0x22, 0x30, 0x26, 0x9C, 0x29, 0x7E, 0x2C, 
0xCC, 0x2E, 0x7F, 0x30, 0x91, 0x31, 0xFD, 0x31, 0xC4, 0x31, 0xE6, 0x30, 0x65, 0x2F, 0x47, 0x2D, 
0x92, 0x2A, 0x50, 0x27, 0x8B, 0x23, 0x50, 0x1F, 0xAD, 0x1A, 0xB1, 0x15, 0x6E, 0x10, 0xF3, 0x0A, 
0x55, 0x05, 0xA5, 0xFF, 0xF6, 0xF9, 0x5B, 0xF4, 0xE7, 0xEE, 0xAB, 0xE9, 0xBA, 0xE4, 0x23, 0xE0, 
0xF6, 0xDB, 0x41, 0xD8, 0x10, 0xD5, 0x6D, 0xD2, 0x62, 0xD0, 0xF5, 0xCE, 0x2B, 0xCE, 0x07, 0xCE, 
0x89, 0xCE, 0xAF, 0xCF, 0x75, 0xD1, 0xD6, 0xD3, 0xCA, 0xD6, 0x47, 0xDA, 0x41, 0xDE, 0xAC, 0xE2, 
0x77, 0xE7, 0x95, 0xEC, 0xF2, 0xF1, 0x7F, 0xF7, 0x27, 0xFD, 0xD9, 0x02, 0x81, 0x08, 0x0E, 0x0E, 
0x6B, 0x13, 0x89, 0x18, 0x54, 0x1D, 0xBF, 0x21, 0xB9, 0x25, 0x36, 0x29, 0x2A, 0x2C, 0x8B, 0x2E, 
0x51, 0x30, 0x77, 0x31, 0xF9, 0x31, 0xD5, 0x31, 0x0B, 0x31, 0x9E, 0x2F, 0x93, 0x2D, 0xF0, 0x2A, 
0xBF, 0x27, 0x0A, 0x24, 0xDD, 0x1F, 0x46, 0x1B, 0x55, 0x16, 0x19, 0x11, 0xA5, 0x0B, 0x0A, 0x06, 
0x5B, 0x00, 0xAB, 0xFA, 0x0D, 0xF5, 0x92, 0xEF, 0x4F, 0xEA, 0x53, 0xE5, 0xB0, 0xE0, 0x75, 0xDC, 
0xB0, 0xD8, 0x6E, 0xD5, 0xB9, 0xD2, 0x9B, 0xD0, 0x1A, 0xCF, 0x3C, 0xCE, 0x03, 0xCE, 0x6F, 0xCE, 
0x81, 0xCF, 0x34, 0xD1, 0x82, 0xD3, 0x64, 0xD6, 0xD0, 0xD9, 0xBC, 0xDD, 0x19, 0xE2, 0xD9, 0xE6, 
0xED, 0xEB, 0x44, 0xF1, 0xCB, 0xF6, 0x71, 0xFC, 0x22, 0x02, 0xCD, 0x07, 0x5E, 0x0D, 0xC3, 0x12, 
0xE9, 0x17, 0xC0, 0x1C, 0x37, 0x21, 0x40, 0x25, 0xCD, 0x28, 0xD3, 0x2B, 0x47, 0x2E, 0x21, 0x30, 
0x5B, 0x31, 0xF2, 0x31, 0xE2, 0x31, 0x2D, 0x31, 0xD4, 0x2F, 0xDD, 0x2D, 0x4D, 0x2B, 0x2D, 0x28, 
0x87, 0x24, 0x69, 0x20, 0xDE, 0x1B, 0xF8, 0x16, 0xC4, 0x11, 0x56, 0x0C, 0xBF, 0x06, 0x11, 0x01, 
0x61, 0xFB, 0xBF, 0xF5, 0x3F, 0xF0, 0xF4, 0xEA, 0xEE, 0xE5, 0x3F, 0xE1, 0xF6, 0xDC, 0x22, 0xD9, 
0xCF, 0xD5, 0x08, 0xD3, 0xD6, 0xD0, 0x41, 0xCF, 0x4E, 0xCE, 0x01, 0xCE, 0x59, 0xCE, 0x56, 0xCF, 
0xF5, 0xD0, 0x30, 0xD3, 0x00, 0xD6, 0x5C, 0xD9, 0x38, 0xDD, 0x87, 0xE1, 0x3C, 0xE6, 0x47, 0xEB, 
0x96, 0xF0, 0x18, 0xF6, 0xBC, 0xFB, 0x6C, 0x01, 0x19, 0x07, 0xAE, 0x0C, 0x19, 0x12, 0x48, 0x17, 
0x2A, 0x1C, 0xAE, 0x20, 0xC6, 0x24, 0x63, 0x28, 0x7A, 0x2B, 0x01, 0x2E, 0xEE, 0x2F, 0x3D, 0x31, 
0xE8, 0x31, 0xED, 0x31, 0x4D, 0x31, 0x08, 0x30, 0x24, 0x2E, 0xA7, 0x2B, 0x98, 0x28, 0x03, 0x25, 
0xF3, 0x20, 0x75, 0x1C, 0x99, 0x17, 0x6E, 0x12, 0x06, 0x0D, 0x73, 0x07, 0xC7, 0x01, 0x16, 0xFC, 
0x72, 0xF6, 0xED, 0xF0, 0x9A, 0xEB, 0x8A, 0xE6, 0xD0, 0xE1, 0x79, 0xDD, 0x96, 0xD9, 0x32, 0xD6, 
0x59, 0xD3, 0x14, 0xD1, 0x6B, 0xCF, 0x64, 0xCE, 0x01, 0xCE, 0x45, 0xCE, 0x2D, 0xCF, 0xB8, 0xD0, 
0xE0, 0xD2, 0x9E, 0xD5, 0xE9, 0xD8, 0xB6, 0xDC, 0xF8, 0xE0, 0xA0, 0xE5, 0xA1, 0xEA, 0xE9, 0xEF, 
0x66, 0xF5, 0x06, 0xFB, 0xB6, 0x00, 0x64, 0x06, 0xFE, 0x0B, 0x6F, 0x11, 0xA6, 0x16, 0x93, 0x1B, 
0x23, 0x20, 0x49, 0x24, 0xF6, 0x27, 0x1F, 0x2B, 0xB8, 0x2D, 0xB9, 0x2F, 0x1C, 0x31, 0xDC, 0x31, 
0xF6, 0x31, 0x6A, 0x31, 0x39, 0x30, 0x69, 0x2E, 0xFE, 0x2B, 0x02, 0x29, 0x7D, 0x25, 0x7B, 0x21, 
0x0A, 0x1D, 0x39, 0x18, 0x17, 0x13, 0xB6, 0x0D, 0x27, 0x08, 0x7E, 0x02, 0xCC, 0xFC, 0x25, 0xF7, 
0x9B, 0xF1, 0x41, 0xEC, 0x28, 0xE7, 0x62, 0xE2, 0xFE, 0xDD, 0x0C, 0xDA, 0x97, 0xD6, 0xAC, 0xD3, 
0x54, 0xD1, 0x98, 0xCF, 0x7C, 0xCE, 0x04, 0xCE, 0x33, 0xCE, 0x07, 0xCF, 0x7E, 0xD0, 0x93, 0xD2, 
0x3F, 0xD5, 0x78, 0xD8, 0x35, 0xDC, 0x69, 0xE0, 0x06, 0xE5, 0xFD, 0xE9, 0x3C, 0xEF, 0xB4, 0xF4, 
0x51, 0xFA, 0x00, 0x00, 0xAF, 0x05, 0x4C, 0x0B, 0xC4, 0x10, 0x03, 0x16, 0xFA, 0x1A, 0x97, 0x1F, 
0xCB, 0x23, 0x88, 0x27, 0xC1, 0x2A, 0x6D, 0x2D, 0x82, 0x2F, 0xF9, 0x30, 0xCD, 0x31, 0xFC, 0x31, 
0x84, 0x31, 0x68, 0x30, 0xAC, 0x2E, 0x54, 0x2C, 0x69, 0x29, 0xF4, 0x25, 0x02, 0x22, 0x9E, 0x1D, 
0xD8, 0x18, 0xBF, 0x13, 0x65, 0x0E, 0xDB, 0x08, 0x34, 0x03, 0x82, 0xFD, 0xD9, 0xF7, 0x4A, 0xF2, 
0xE9, 0xEC, 0xC7, 0xE7, 0xF6, 0xE2, 0x85, 0xDE, 0x83, 0xDA, 0xFE, 0xD6, 0x02, 0xD4, 0x97, 0xD1, 
0xC7, 0xCF, 0x96, 0xCE, 0x0A, 0xCE, 0x24, 0xCE, 0xE4, 0xCE, 0x47, 0xD0, 0x48, 0xD2, 0xE1, 0xD4, 
0x0A, 0xD8, 0xB7, 0xDB, 0xDD, 0xDF, 0x6D, 0xE4, 0x5A, 0xE9, 0x91, 0xEE, 0x02, 0xF4, 0x9C, 0xF9, 
0x4A, 0xFF, 0xFA, 0x04, 0x9A, 0x0A, 0x17, 0x10, 0x5F, 0x15, 0x60, 0x1A, 0x08, 0x1F, 0x4A, 0x23, 
0x17, 0x27, 0x62, 0x2A, 0x20, 0x2D, 0x48, 0x2F, 0xD3, 0x30, 0xBB, 0x31, 0xFF, 0x31, 0x9C, 0x31, 
0x95, 0x30, 0xEC, 0x2E, 0xA7, 0x2C, 0xCE, 0x29, 0x6A, 0x26, 0x87, 0x22, 0x30, 0x1E, 0x76, 0x19, 
0x66, 0x14, 0x13, 0x0F, 0x8E, 0x09, 0xEA, 0x03, 0x39, 0xFE, 0x8D, 0xF8, 0xFA, 0xF2, 0x92, 0xED, 
0x67, 0xE8, 0x8B, 0xE3, 0x0D, 0xDF, 0xFD, 0xDA, 0x68, 0xD7, 0x59, 0xD4, 0xDC, 0xD1, 0xF8, 0xCF, 
0xB3, 0xCE, 0x13, 0xCE, 0x18, 0xCE, 0xC3, 0xCE, 0x12, 0xD0, 0xFF, 0xD1, 0x86, 0xD4, 0x9D, 0xD7, 
0x3A, 0xDB, 0x52, 0xDF, 0xD6, 0xE3, 0xB8, 0xE8, 0xE7, 0xED, 0x52, 0xF3, 0xE7, 0xF8, 0x94, 0xFE, 
0x44, 0x04, 0xE8, 0x09, 0x6A, 0x0F, 0xB9, 0x14, 0xC4, 0x19, 0x79, 0x1E, 0xC8, 0x22, 0xA4, 0x26, 
0x00, 0x2A, 0xD0, 0x2C, 0x0B, 0x2F, 0xAA, 0x30, 0xA7, 0x31, 0xFF, 0x31, 0xB2, 0x31, 0xBF, 0x30, 
0x2A, 0x2F, 0xF8, 0x2C, 0x31, 0x2A, 0xDE, 0x26, 0x0A, 0x23, 0xC1, 0x1E, 0x12, 0x1A, 0x0C, 0x15, 
0xC1, 0x0F, 0x41, 0x0A, 0x9F, 0x04, 0xEF, 0xFE, 0x41, 0xF9, 0xAA, 0xF3, 0x3C, 0xEE, 0x08, 0xE9, 
0x22, 0xE4, 0x97, 0xDF, 0x79, 0xDB, 0xD3, 0xD7, 0xB3, 0xD4, 0x23, 0xD2, 0x2C, 0xD0, 0xD3, 0xCE, 
0x1E, 0xCE, 0x0E, 0xCE, 0xA5, 0xCE, 0xDF, 0xCF, 0xB9, 0xD1, 0x2D, 0xD4, 0x33, 0xD7, 0xC0, 0xDA, 
0xC9, 0xDE, 0x40, 0xE3, 0x17, 0xE8, 0x3D, 0xED, 0xA2, 0xF2, 0x33, 0xF8, 0xDE, 0xFD, 0x8F, 0x03, 
0x35, 0x09, 0xBC, 0x0E, 0x13, 0x14, 0x27, 0x19, 0xE7, 0x1D, 0x44, 0x22, 0x30, 0x26, 0x9C, 0x29, 
0x7E, 0x2C, 0xCC, 0x2E, 0x7F, 0x30, 0x91, 0x31, 0xFD, 0x31, 0xC4, 0x31, 0xE6, 0x30, 0x65, 0x2F, 
0x47, 0x2D, 0x92, 0x2A, 0x50, 0x27, 0x8B, 0x23, 0x50, 0x1F, 0xAD, 0x1A, 0xB1, 0x15, 0x6E, 0x10, 
0xF3, 0x0A, 0x55, 0x05, 0xA5, 0xFF, 0xF6, 0xF9, 0x5B, 0xF4, 0xE7, 0xEE, 0xAB, 0xE9, 0xBA, 0xE4, 
0x23, 0xE0, 0xF6, 0xDB, 0x41, 0xD8, 0x10, 0xD5, 0x6D, 0xD2, 0x62, 0xD0, 0xF5, 0xCE, 0x2B, 0xCE, 
0x07, 0xCE, 0x89, 0xCE, 0xAF, 0xCF, 0x75, 0xD1, 0xD6, 0xD3, 0xCA, 0xD6, 0x47, 0xDA, 0x41, 0xDE, 
0xAC, 0xE2, 0x77, 0xE7, 0x95, 0xEC, 0xF2, 0xF1, 0x7F, 0xF7, 0x27, 0xFD, 0xD9, 0x02, 0x81, 0x08, 
0x0E, 0x0E, 0x6B, 0x13, 0x89, 0x18, 0x54, 0x1D, 0xBF, 0x21, 0xB9, 0x25, 0x36, 0x29, 0x2A, 0x2C, 
0x8B, 0x2E, 0x51, 0x30, 0x77, 0x31, 0xF9, 0x31, 0xD5, 0x31, 0x0B, 0x31, 0x9E, 0x2F, 0x93, 0x2D, 
0xF0, 0x2A, 0xBF, 0x27, 0x0A, 0x24, 0xDD, 0x1F, 0x46, 0x1B, 0x55, 0x16, 0x19, 0x11, 0xA5, 0x0B, 
0x0A, 0x06, 0x5B, 0x00, 0xAB, 0xFA, 0x0D, 0xF5, 0x92, 0xEF, 0x4F, 0xEA, 0x53, 0xE5, 0xB0, 0xE0, 
0x75, 0xDC, 0xB0, 0xD8, 0x6E, 0xD5, 0xB9, 0xD2, 0x9B, 0xD0, 0x1A, 0xCF, 0x3C, 0xCE, 0x03, 0xCE, 
0x6F, 0xCE, 0x81, 0xCF, 0x34, 0xD1, 0x82, 0xD3, 0x64, 0xD6, 0xD0, 0xD9, 0xBC, 0xDD, 0x19, 0xE2, 
0xD9, 0xE6, 0xED, 0xEB, 0x44, 0xF1, 0xCB, 0xF6, 0x71, 0xFC, 0x22, 0x02, 0xCD, 0x07, 0x5E, 0x0D, 
0xC3, 0x12, 0xE9, 0x17, 0xC0, 0x1C, 0x37, 0x21, 0x40, 0x25, 0xCD, 0x28, 0xD3, 0x2B, 0x47, 0x2E, 
0x21, 0x30, 0x5B, 0x31, 0xF2, 0x31, 0xE2, 0x31, 0x2D, 0x31, 0xD4, 0x2F, 0xDD, 0x2D, 0x4D, 0x2B, 
0x2D, 0x28, 0x87, 0x24, 0x69, 0x20, 0xDE, 0x1B, 0xF8, 0x16, 0xC4, 0x11, 0x56, 0x0C, 0xBF, 0x06, 
0x11, 0x01, 0x61, 0xFB, 0xBF, 0xF5, 0x3F, 0xF0, 0xF4, 0xEA, 0xEE, 0xE5, 0x3F, 0xE1, 0xF6, 0xDC, 
0x22, 0xD9, 0xCF, 0xD5, 0x08, 0xD3, 0xD6, 0xD0, 0x41, 0xCF, 0x4E, 0xCE, 0x01, 0xCE, 0x59, 0xCE, 
0x56, 0xCF, 0xF5, 0xD0, 0x30, 0xD3, 0x00, 0xD6, 0x5C, 0xD9, 0x38, 0xDD, 0x87, 0xE1, 0x3C, 0xE6, 
0x47, 0xEB, 0x96, 0xF0, 0x18, 0xF6, 0xBC, 0xFB, 0x6C, 0x01, 0x19, 0x07, 0xAE, 0x0C, 0x19, 0x12, 
0x48, 0x17, 0x2A, 0x1C, 0xAE, 0x20, 0xC6, 0x24, 0x63, 0x28, 0x7A, 0x2B, 0x01, 0x2E, 0xEE, 0x2F, 
0x3D, 0x31, 0xE8, 0x31, 0xED, 0x31, 0x4D, 0x31, 0x08, 0x30, 0x24, 0x2E, 0xA7, 0x2B, 0x98, 0x28, 
0x03, 0x25, 0xF3, 0x20, 0x75, 0x1C, 0x99, 0x17, 0x6E, 0x12, 0x06, 0x0D, 0x73, 0x07, 0xC7, 0x01, 
0x16, 0xFC, 0x72, 0xF6, 0xED, 0xF0, 0x9A, 0xEB, 0x8A, 0xE6, 0xD0, 0xE1, 0x79, 0xDD, 0x96, 0xD9, 
0x32, 0xD6, 0x59, 0xD3, 0x14, 0xD1, 0x6B, 0xCF, 0x64, 0xCE, 0x01, 0xCE, 0x45, 0xCE, 0x2D, 0xCF, 
0xB8, 0xD0, 0xE0, 0xD2, 0x9E, 0xD5, 0xE9, 0xD8, 0xB6, 0xDC, 0xF8, 0xE0, 0xA0, 0xE5, 0xA1, 0xEA, 
0xE9, 0xEF, 0x66, 0xF5, 0x06, 0xFB, 0xB6, 0x00, 0x64, 0x06, 0xFE, 0x0B, 0x6F, 0x11, 0xA6, 0x16, 
0x93, 0x1B, 0x23, 0x20, 0x49, 0x24, 0xF6, 0x27, 0x1F, 0x2B, 0xB8, 0x2D, 0xB9, 0x2F, 0x1C, 0x31, 
0xDC, 0x31, 0xF6, 0x31, 0x6A, 0x31, 0x39, 0x30, 0x69, 0x2E, 0xFE, 0x2B, 0x02, 0x29, 0x7D, 0x25, 
0x7B, 0x21, 0x0A, 0x1D, 0x39, 0x18, 0x17, 0x13, 0xB6, 0x0D, 0x27, 0x08, 0x7E, 0x02, 0xCC, 0xFC, 
0x25, 0xF7, 0x9B, 0xF1, 0x41, 0xEC, 0x28, 0xE7, 0x62, 0xE2, 0xFE, 0xDD, 0x0C, 0xDA, 0x97, 0xD6, 
0xAC, 0xD3, 0x54, 0xD1, 0x98, 0xCF, 0x7C, 0xCE, 0x04, 0xCE, 0x33, 0xCE, 0x07, 0xCF, 0x7E, 0xD0, 
0x93, 0xD2, 0x3F, 0xD5, 0x78, 0xD8, 0x35, 0xDC, 0x69, 0xE0, 0x06, 0xE5, 0xFD, 0xE9, 0x3C, 0xEF, 
0xB4, 0xF4, 0x51, 0xFA, 0x00, 0x00, 0xAF, 0x05, 0x4C, 0x0B, 0xC4, 0x10, 0x03, 0x16, 0xFA, 0x1A, 
0x97, 0x1F, 0xCB, 0x23, 0x88, 0x27, 0xC1, 0x2A, 0x6D, 0x2D, 0x82, 0x2F, 0xF9, 0x30, 0xCD, 0x31, 
0xFC, 0x31, 0x84, 0x31, 0x68, 0x30, 0xAC, 0x2E, 0x54, 0x2C, 0x69, 0x29, 0xF4, 0x25, 0x02, 0x22, 
0x9E, 0x1D, 0xD8, 0x18, 0xBF, 0x13, 0x65, 0x0E, 0xDB, 0x08, 0x34, 0x03, 0x82, 0xFD, 0xD9, 0xF7, 
0x4A, 0xF2, 0xE9, 0xEC, 0xC7, 0xE7, 0xF6, 0xE2, 0x85, 0xDE, 0x83, 0xDA, 0xFE, 0xD6, 0x02, 0xD4, 
0x97, 0xD1, 0xC7, 0xCF, 0x96, 0xCE, 0x0A, 0xCE, 0x24, 0xCE, 0xE4, 0xCE, 0x47, 0xD0, 0x48, 0xD2, 
0xE1, 0xD4, 0x0A, 0xD8, 0xB7, 0xDB, 0xDD, 0xDF, 0x6D, 0xE4, 0x5A, 0xE9, 0x91, 0xEE, 0x02, 0xF4, 
0x9C, 0xF9, 0x4A, 0xFF, 0xFA, 0x04, 0x9A, 0x0A, 0x17, 0x10, 0x5F, 0x15, 0x60, 0x1A, 0x08, 0x1F, 
0x4A, 0x23, 0x17, 0x27, 0x62, 0x2A, 0x20, 0x2D, 0x48, 0x2F, 0xD3, 0x30, 0xBB, 0x31, 0xFF, 0x31, 
0x9C, 0x31, 0x95, 0x30, 0xEC, 0x2E, 0xA7, 0x2C, 0xCE, 0x29, 0x6A, 0x26, 0x87, 0x22, 0x30, 0x1E, 
0x76, 0x19, 0x66, 0x14, 0x13, 0x0F, 0x8E, 0x09, 0xEA, 0x03, 0x39, 0xFE, 0x8D, 0xF8, 0xFA, 0xF2, 
0x92, 0xED, 0x67, 0xE8, 0x8B, 0xE3, 0x0D, 0xDF, 0xFD, 0xDA, 0x68, 0xD7, 0x59, 0xD4, 0xDC, 0xD1, 
0xF8, 0xCF, 0xB3, 0xCE, 0x13, 0xCE, 0x18, 0xCE, 0xC3, 0xCE, 0x12, 0xD0, 0xFF, 0xD1, 0x86, 0xD4, 
0x9D, 0xD7, 0x3A, 0xDB, 0x52, 0xDF, 0xD6, 0xE3, 0xB8, 0xE8, 0xE7, 0xED, 0x52, 0xF3, 0xE7, 0xF8, 
0x94, 0xFE, 0x44, 0x04, 0xE8, 0x09, 0x6A, 0x0F, 0xB9, 0x14, 0xC4, 0x19, 0x79, 0x1E, 0xC8, 0x22, 
0xA4, 0x26, 0x00, 0x2A, 0xD0, 0x2C, 0x0B, 0x2F, 0xAA, 0x30, 0xA7, 0x31, 0xFF, 0x31, 0xB2, 0x31, 
0xBF, 0x30, 0x2A, 0x2F, 0xF8, 0x2C, 0x31, 0x2A, 0xDE, 0x26, 0x0A, 0x23, 0xC1, 0x1E, 0x12, 0x1A, 
0x0C, 0x15, 0xC1, 0x0F, 0x41, 0x0A, 0x9F, 0x04, 0xEF, 0xFE, 0x41, 0xF9, 0xAA, 0xF3, 0x3C, 0xEE, 
0x08, 0xE9, 0x22, 0xE4, 0x97, 0xDF, 0x79, 0xDB, 0xD3, 0xD7, 0xB3, 0xD4, 0x23, 0xD2, 0x2C, 0xD0, 
0xD3, 0xCE, 0x1E, 0xCE, 0x0E, 0xCE, 0xA5, 0xCE, 0xDF, 0xCF, 0xB9, 0xD1, 0x2D, 0xD4, 0x33, 0xD7, 
0xC0, 0xDA, 0xC9, 0xDE, 0x40, 0xE3, 0x17, 0xE8, 0x3D, 0xED, 0xA2, 0xF2, 0x33, 0xF8, 0xDE, 0xFD, 
0x8F, 0x03, 0x35, 0x09, 0xBC, 0x0E, 0x13, 0x14, 0x27, 0x19, 0xE7, 0x1D, 0x44, 0x22, 0x30, 0x26, 
0x9C, 0x29, 0x7E, 0x2C, 0xCC, 0x2E, 0x7F, 0x30, 0x91, 0x31, 0xFD, 0x31, 0xC4, 0x31, 0xE6, 0x30, 
0x65, 0x2F, 0x47, 0x2D, 0x92, 0x2A, 0x50, 0x27, 0x8B, 0x23, 0x50, 0x1F, 0xAD, 0x1A, 0xB1, 0x15, 
0x6E, 0x10, 0xF3, 0x0A, 0x55, 0x05, 0xA5, 0xFF, 0xF6, 0xF9, 0x5B, 0xF4, 0xE7, 0xEE, 0xAB, 0xE9, 
0xBA, 0xE4, 0x23, 0xE0, 0xF6, 0xDB, 0x41, 0xD8, 0x10, 0xD5, 0x6D, 0xD2, 0x62, 0xD0, 0xF5, 0xCE, 
0x2B, 0xCE, 0x07, 0xCE, 0x89, 0xCE, 0xAF, 0xCF, 0x75, 0xD1, 0xD6, 0xD3, 0xCA, 0xD6, 0x47, 0xDA, 
0x41, 0xDE, 0xAC, 0xE2, 0x77, 0xE7, 0x95, 0xEC, 0xF2, 0xF1, 0x7F, 0xF7, 0x27, 0xFD, 0xD9, 0x02, 
0x81, 0x08, 0x0E, 0x0E, 0x6B, 0x13, 0x89, 0x18, 0x54, 0x1D, 0xBF, 0x21, 0xB9, 0x25, 0x36, 0x29, 
0x2A, 0x2C, 0x8B, 0x2E, 0x51, 0x30, 0x77, 0x31, 0xF9, 0x31, 0xD5, 0x31, 0x0B, 0x31, 0x9E, 0x2F, 
0x93, 0x2D, 0xF0, 0x2A, 0xBF, 0x27, 0x0A, 0x24, 0xDD, 0x1F, 0x46, 0x1B, 0x55, 0x16, 0x19, 0x11, 
0xA5, 0x0B, 0x0A, 0x06, 0x5B, 0x00, 0xAB, 0xFA, 0x0D, 0xF5, 0x92, 0xEF, 0x4F, 0xEA, 0x53, 0xE5, 
0xB0, 0xE0, 0x75, 0xDC, 0xB0, 0xD8, 0x6E, 0xD5, 0xB9, 0xD2, 0x9B, 0xD0, 0x1A, 0xCF, 0x3C, 0xCE, 
0x03, 0xCE, 0x6F, 0xCE, 0x81, 0xCF, 0x34, 0xD1, 0x82, 0xD3, 0x64, 0xD6, 0xD0, 0xD9, 0xBC, 0xDD, 
0x19, 0xE2, 0xD9, 0xE6, 0xED, 0xEB, 0x44, 0xF1, 0xCB, 0xF6, 0x71, 0xFC, 0x22, 0x02, 0xCD, 0x07, 
0x5E, 0x0D, 0xC3, 0x12, 0xE9, 0x17, 0xC0, 0x1C, 0x37, 0x21, 0x40, 0x25, 0xCD, 0x28, 0xD3, 0x2B, 
0x47, 0x2E, 0x21, 0x30, 0x5B, 0x31, 0xF2, 0x31, 0xE2, 0x31, 0x2D, 0x31, 0xD4, 0x2F, 0xDD, 0x2D, 
0x4D, 0x2B, 0x2D, 0x28, 0x87, 0x24, 0x69, 0x20, 0xDE, 0x1B, 0xF8, 0x16, 0xC4, 0x11, 0x56, 0x0C, 
0xBF, 0x06, 0x11, 0x01, 0x61, 0xFB, 0xBF, 0xF5, 0x3F, 0xF0, 0xF4, 0xEA, 0xEE, 0xE5, 0x3F, 0xE1, 
0xF6, 0xDC, 0x22, 0xD9, 0xCF, 0xD5, 0x08, 0xD3, 0xD6, 0xD0, 0x41, 0xCF, 0x4E, 0xCE, 0x01, 0xCE, 
0x59, 0xCE, 0x56, 0xCF, 0xF5, 0xD0, 0x30, 0xD3, 0x00, 0xD6, 0x5C, 0xD9, 0x38, 0xDD, 0x87, 0xE1, 
0x3C, 0xE6, 0x47, 0xEB, 0x96, 0xF0, 0x18, 0xF6, 0xBC, 0xFB, 0x6C, 0x01, 0x19, 0x07, 0xAE, 0x0C, 
0x19, 0x12, 0x48, 0x17, 0x2A, 0x1C, 0xAE, 0x20, 0xC6, 0x24, 0x63, 0x28, 0x7A, 0x2B, 0x01, 0x2E, 
0xEE, 0x2F, 0x3D, 0x31, 0xE8, 0x31, 0xED, 0x31, 0x4D, 0x31, 0x08, 0x30, 0x24, 0x2E, 0xA7, 0x2B, 
0x98, 0x28, 0x03, 0x25, 0xF3, 0x20, 0x75, 0x1C, 0x99, 0x17, 0x6E, 0x12, 0x06, 0x0D, 0x73, 0x07, 
0xC7, 0x01, 0x16, 0xFC, 0x72, 0xF6, 0xED, 0xF0, 0x9A, 0xEB, 0x8A, 0xE6, 0xD0, 0xE1, 0x79, 0xDD, 
0x96, 0xD9, 0x32, 0xD6, 0x59, 0xD3, 0x14, 0xD1, 0x6B, 0xCF, 0x64, 0xCE, 0x01, 0xCE, 0x45, 0xCE, 
0x2D, 0xCF, 0xB8, 0xD0, 0xE0, 0xD2, 0x9E, 0xD5, 0xE9, 0xD8, 0xB6, 0xDC, 0xF8, 0xE0, 0xA0, 0xE5, 
0xA1, 0xEA, 0xE9, 0xEF, 0x66, 0xF5, 0x06, 0xFB, 0xB6, 0x00, 0x64, 0x06, 0xFE, 0x0B, 0x6F, 0x11, 
0xA6, 0x16, 0x93, 0x1B, 0x23, 0x20, 0x49, 0x24, 0xF6, 0x27, 0x1F, 0x2B, 0xB8, 0x2D, 0xB9, 0x2F, 
0x1C, 0x31, 0xDC, 0x31, 0xF6, 0x31, 0x6A, 0x31, 0x39, 0x30, 0x69, 0x2E, 0xFE, 0x2B, 0x02, 0x29, 
0x7D, 0x25, 0x7B, 0x21, 0x0A, 0x1D, 0x39, 0x18, 0x17, 0x13, 0xB6, 0x0D, 0x27, 0x08, 0x7E, 0x02, 
0xCC, 0xFC, 0x25, 0xF7, 0x9B, 0xF1, 0x41, 0xEC, 0x28, 0xE7, 0x62, 0xE2, 0xFE, 0xDD, 0x0C, 0xDA, 
0x97, 0xD6, 0xAC, 0xD3, 0x54, 0xD1, 0x98, 0xCF, 0x7C, 0xCE, 0x04, 0xCE, 0x33, 0xCE, 0x07, 0xCF, 
0x7E, 0xD0, 0x93, 0xD2, 0x3F, 0xD5, 0x78, 0xD8, 0x35, 0xDC, 0x69, 0xE0, 0x06, 0xE5, 0xFD, 0xE9, 
0x3C, 0xEF, 0xB4, 0xF4, 0x51, 0xFA, 0x00, 0x00, 0xAF, 0x05, 0x4C, 0x0B, 0xC4, 0x10, 0x03, 0x16, 
0xFA, 0x1A, 0x97, 0x1F, 0xCB, 0x23, 0x88, 0x27, 0xC1, 0x2A, 0x6D, 0x2D, 0x82, 0x2F, 0xF9, 0x30, 
0xCD, 0x31, 0xFC, 0x31, 0x84, 0x31, 0x68, 0x30, 0xAC, 0x2E, 0x54, 0x2C, 0x69, 0x29, 0xF4, 0x25, 
0x02, 0x22, 0x9E, 0x1D, 0xD8, 0x18, 0xBF, 0x13, 0x65, 0x0E, 0xDB, 0x08, 0x34, 0x03, 0x82, 0xFD, 
0xD9, 0xF7, 0x4A, 0xF2, 0xE9, 0xEC, 0xC7, 0xE7, 0xF6, 0xE2, 0x85, 0xDE, 0x83, 0xDA, 0xFE, 0xD6, 
0x02, 0xD4, 0x97, 0xD1, 0xC7, 0xCF, 0x96, 0xCE, 0x0A, 0xCE, 0x24, 0xCE, 0xE4, 0xCE, 0x47, 0xD0, 
0x48, 0xD2, 0xE1, 0xD4, 0x0A, 0xD8, 0xB7, 0xDB, 0xDD, 0xDF, 0x6D, 0xE4, 0x5A, 0xE9, 0x91, 0xEE, 
0x02, 0xF4, 0x9C, 0xF9, 0x4A, 0xFF, 0xFA, 0x04, 0x9A, 0x0A, 0x17, 0x10, 0x5F, 0x15, 0x60, 0x1A, 
0x08, 0x1F, 0x4A, 0x23, 0x17, 0x27, 0x62, 0x2A, 0x20, 0x2D, 0x48, 0x2F, 0xD3, 0x30, 0xBB, 0x31, 
0xFF, 0x31, 0x9C, 0x31, 0x95, 0x30, 0xEC, 0x2E, 0xA7, 0x2C, 0xCE, 0x29, 0x6A, 0x26, 0x87, 0x22, 
0x30, 0x1E, 0x76, 0x19, 0x66, 0x14, 0x13, 0x0F, 0x8E, 0x09, 0xEA, 0x03, 0x39, 0xFE, 0x8D, 0xF8, 
0xFA, 0xF2, 0x92, 0xED, 0x67, 0xE8, 0x8B, 0xE3, 0x0D, 0xDF, 0xFD, 0xDA, 0x68, 0xD7, 0x59, 0xD4, 
0xDC, 0xD1, 0xF8, 0xCF, 0xB3, 0xCE, 0x13, 0xCE, 0x18, 0xCE, 0xC3, 0xCE, 0x12, 0xD0, 0xFF, 0xD1, 
0x86, 0xD4, 0x9D, 0xD7, 0x3A, 0xDB, 0x52, 0xDF, 0xD6, 0xE3, 0xB8, 0xE8, 0xE7, 0xED, 0x52, 0xF3, 
0xE7, 0xF8, 0x94, 0xFE, 0x44, 0x04, 0xE8, 0x09, 0x6A, 0x0F, 0xB9, 0x14, 0xC4, 0x19, 0x79, 0x1E, 
0xC8, 0x22, 0xA4, 0x26, 0x00, 0x2A, 0xD0, 0x2C, 0x0B, 0x2F, 0xAA, 0x30, 0xA7, 0x31, 0xFF, 0x31, 
0xB2, 0x31, 0xBF, 0x30, 0x2A, 0x2F, 0xF8, 0x2C, 0x31, 0x2A, 0xDE, 0x26, 0x0A, 0x23, 0xC1, 0x1E, 
0x12, 0x1A, 0x0C, 0x15, 0xC1, 0x0F, 0x41, 0x0A, 0x9F, 0x04, 0xEF, 0xFE, 0x41, 0xF9, 0xAA, 0xF3, 
0x3C, 0xEE, 0x08, 0xE9, 0x22, 0xE4, 0x97, 0xDF, 0x79, 0xDB, 0xD3, 0xD7, 0xB3, 0xD4, 0x23, 0xD2, 
0x2C, 0xD0, 0xD3, 0xCE, 0x1E, 0xCE, 0x0E, 0xCE, 0xA5, 0xCE, 0xDF, 0xCF, 0xB9, 0xD1, 0x2D, 0xD4, 
0x33, 0xD7, 0xC0, 0xDA, 0xC9, 0xDE, 0x40, 0xE3, 0x17, 0xE8, 0x3D, 0xED, 0xA2, 0xF2, 0x33, 0xF8, 
0xDE, 0xFD, 0x8F, 0x03, 0x35, 0x09, 0xBC, 0x0E, 0x13, 0x14, 0x27, 0x19, 0xE7, 0x1D, 0x44, 0x22, 
0x30, 0x26, 0x9C, 0x29, 0x7E, 0x2C, 0xCC, 0x2E, 0x7F, 0x30, 0x91, 0x31, 0xFD, 0x31, 0xC4, 0x31, 
0xE6, 0x30, 0x65, 0x2F, 0x47, 0x2D, 0x92, 0x2A, 0x50, 0x27, 0x8B, 0x23, 0x50, 0x1F, 0xAD, 0x1A, 
0xB1, 0x15, 0x6E, 0x10, 0xF3, 0x0A, 0x55, 0x05, 0xA5, 0xFF, 0xF6, 0xF9, 0x5B, 0xF4, 0xE7, 0xEE, 
0xAB, 0xE9, 0xBA, 0xE4, 0x23, 0xE0, 0xF6, 0xDB, 0x41, 0xD8, 0x10, 0xD5, 0x6D, 0xD2, 0x62, 0xD0, 
0xF5, 0xCE, 0x2B, 0xCE, 0x07, 0xCE, 0x89, 0xCE, 0xAF, 0xCF, 0x75, 0xD1, 0xD6, 0xD3, 0xCA, 0xD6, 
0x47, 0xDA, 0x41, 0xDE, 0xAC, 0xE2, 0x77, 0xE7, 0x95, 0xEC, 0xF2, 0xF1, 0x7F, 0xF7, 0x27, 0xFD, 
0xD9, 0x02, 0x81, 0x08, 0x0E, 0x0E, 0x6B, 0x13, 0x89, 0x18, 0x54, 0x1D, 0xBF, 0x21, 0xB9, 0x25, 
0x36, 0x29, 0x2A, 0x2C, 0x8B, 0x2E, 0x51, 0x30, 0x77, 0x31, 0xF9, 0x31, 0xD5, 0x31, 0x0B, 0x31, 
0x9E, 0x2F, 0x93, 0x2D, 0xF0, 0x2A, 0xBF, 0x27, 0x0A, 0x24, 0xDD, 0x1F, 0x46, 0x1B, 0x55, 0x16, 
0x19, 0x11, 0xA5, 0x0B, 0x0A, 0x06, 0x5B, 0x00, 0xAB, 0xFA, 0x0D, 0xF5, 0x92, 0xEF, 0x4F, 0xEA, 
0x53, 0xE5, 0xB0, 0xE0, 0x75, 0xDC, 0xB0, 0xD8, 0x6E, 0xD5, 0xB9, 0xD2, 0x9B, 0xD0, 0x1A, 0xCF, 
0x3C, 0xCE, 0x03, 0xCE, 0x6F, 0xCE, 0x81, 0xCF, 0x34, 0xD1, 0x82, 0xD3, 0x64, 0xD6, 0xD0, 0xD9, 
0xBC, 0xDD, 0x19, 0xE2, 0xD9, 0xE6, 0xED, 0xEB, 0x44, 0xF1, 0xCB, 0xF6, 0x71, 0xFC, 0x22, 0x02, 
0xCD, 0x07, 0x5E, 0x0D, 0xC3, 0x12, 0xE9, 0x17, 0xC0, 0x1C, 0x37, 0x21, 0x40, 0x25, 0xCD, 0x28, 
0xD3, 0x2B, 0x47, 0x2E, 0x21, 0x30, 0x5B, 0x31, 0xF2, 0x31, 0xE2, 0x31, 0x2D, 0x31, 0xD4, 0x2F, 
0xDD, 0x2D, 0x4D, 0x2B, 0x2D, 0x28, 0x87, 0x24, 0x69, 0x20, 0xDE, 0x1B, 0xF8, 0x16, 0xC4, 0x11, 
0x56, 0x0C, 0xBF, 0x06, 0x11, 0x01, 0x61, 0xFB, 0xBF, 0xF5, 0x3F, 0xF0, 0xF4, 0xEA, 0xEE, 0xE5, 
0x3F, 0xE1, 0xF6, 0xDC, 0x22, 0xD9, 0xCF, 0xD5, 0x08, 0xD3, 0xD6, 0xD0, 0x41, 0xCF, 0x4E, 0xCE, 
0x01, 0xCE, 0x59, 0xCE, 0x56, 0xCF, 0xF5, 0xD0, 0x30, 0xD3, 0x00, 0xD6, 0x5C, 0xD9, 0x38, 0xDD, 
0x87, 0xE1, 0x3C, 0xE6, 0x47, 0xEB, 0x96, 0xF0, 0x18, 0xF6, 0xBC, 0xFB, 0x6C, 0x01, 0x19, 0x07, 
0xAE, 0x0C, 0x19, 0x12, 0x48, 0x17, 0x2A, 0x1C, 0xAE, 0x20, 0xC6, 0x24, 0x63, 0x28, 0x7A, 0x2B, 
0x01, 0x2E, 0xEE, 0x2F, 0x3D, 0x31, 0xE8, 0x31, 0xED, 0x31, 0x4D, 0x31, 0x08, 0x30, 0x24, 0x2E, 
0xA7, 0x2B, 0x98, 0x28, 0x03, 0x25, 0xF3, 0x20, 0x75, 0x1C, 0x99, 0x17, 0x6E, 0x12, 0x06, 0x0D, 
0x73, 0x07, 0xC7, 0x01, 0x16, 0xFC, 0x72, 0xF6, 0xED, 0xF0, 0x9A, 0xEB, 0x8A, 0xE6, 0xD0, 0xE1, 
0x79, 0xDD, 0x96, 0xD9, 0x32, 0xD6, 0x59, 0xD3, 0x14, 0xD1, 0x6B, 0xCF, 0x64, 0xCE, 0x01, 0xCE, 
0x45, 0xCE, 0x2D, 0xCF, 0xB8, 0xD0, 0xE0, 0xD2, 0x9E, 0xD5, 0xE9, 0xD8, 0xB6, 0xDC, 0xF8, 0xE0, 
0xA0, 0xE5, 0xA1, 0xEA, 0xE9, 0xEF, 0x66, 0xF5, 0x06, 0xFB, 0xB6, 0x00, 0x64, 0x06, 0xFE, 0x0B, 
0x6F, 0x11, 0xA6, 0x16, 0x93, 0x1B, 0x23, 0x20, 0x49, 0x24, 0xF6, 0x27, 0x1F, 0x2B, 0xB8, 0x2D, 
0xB9, 0x2F, 0x1C, 0x31, 0xDC, 0x31, 0xF6, 0x31, 0x6A, 0x31, 0x39, 0x30, 0x69, 0x2E, 0xFE, 0x2B, 
0x02, 0x29, 0x7D, 0x25, 0x7B, 0x21, 0x0A, 0x1D, 0x39, 0x18, 0x17, 0x13, 0xB6, 0x0D, 0x27, 0x08, 
0x7E, 0x02, 0xCC, 0xFC, 0x25, 0xF7, 0x9B, 0xF1, 0x41, 0xEC, 0x28, 0xE7, 0x62, 0xE2, 0xFE, 0xDD, 
0x0C, 0xDA, 0x97, 0xD6, 0xAC, 0xD3, 0x54, 0xD1, 0x98, 0xCF, 0x7C, 0xCE, 0x04, 0xCE, 0x33, 0xCE, 
0x07, 0xCF, 0x7E, 0xD0, 0x93, 0xD2, 0x3F, 0xD5, 0x78, 0xD8, 0x35, 0xDC, 0x69, 0xE0, 0x06, 0xE5, 
0xFD, 0xE9, 0x3C, 0xEF, 0xB4, 0xF4, 0x51, 0xFA, 0x00, 0x00, 0xAF, 0x05, 0x4C, 0x0B, 0xC4, 0x10, 
0x03, 0x16, 0xFA, 0x1A, 0x97, 0x1F, 0xCB, 0x23, 0x88, 0x27, 0xC1, 0x2A, 0x6D, 0x2D, 0x82, 0x2F, 
0xF9, 0x30, 0xCD, 0x31, 0xFC, 0x31, 0x84, 0x31, 0x68, 0x30, 0xAC, 0x2E, 0x54, 0x2C, 0x69, 0x29, 
0xF4, 0x25, 0x02, 0x22, 0x9E, 0x1D, 0xD8, 0x18, 0xBF, 0x13, 0x65, 0x0E, 0xDB, 0x08, 0x34, 0x03, 
0x82, 0xFD, 0xD9, 0xF7, 0x4A, 0xF2, 0xE9, 0xEC, 0xC7, 0xE7, 0xF6, 0xE2, 0x85, 0xDE, 0x83, 0xDA, 
0xFE, 0xD6, 0x02, 0xD4, 0x97, 0xD1, 0xC7, 0xCF, 0x96, 0xCE, 0x0A, 0xCE, 0x24, 0xCE, 0xE4, 0xCE, 
0x47, 0xD0, 0x48, 0xD2, 0xE1, 0xD4, 0x0A, 0xD8, 0xB7, 0xDB, 0xDD, 0xDF, 0x6D, 0xE4, 0x5A, 0xE9, 
0x91, 0xEE, 0x02, 0xF4, 0x9C, 0xF9, 0x4A, 0xFF, 0xFA, 0x04, 0x9A, 0x0A, 0x17, 0x10, 0x5F, 0x15, 
0x60, 0x1A, 0x08, 0x1F, 0x4A, 0x23, 0x17, 0x27, 0x62, 0x2A, 0x20, 0x2D, 0x48, 0x2F, 0xD3, 0x30, 
0xBB, 0x31, 0xFF, 0x31, 0x9C, 0x31, 0x95, 0x30, 0xEC, 0x2E, 0xA7, 0x2C, 0xCE, 0x29, 0x6A, 0x26, 
0x87, 0x22, 0x30, 0x1E, 0x76, 0x19, 0x66, 0x14, 0x13, 0x0F, 0x8E, 0x09, 0xEA, 0x03, 0x39, 0xFE, 
0x8D, 0xF8, 0xFA, 0xF2, 0x92, 0xED, 0x67, 0xE8, 0x8B, 0xE3, 0x0D, 0xDF, 0xFD, 0xDA, 0x68, 0xD7, 
0x59, 0xD4, 0xDC, 0xD1, 0xF8, 0xCF, 0xB3, 0xCE, 0x13, 0xCE, 0x18, 0xCE, 0xC3, 0xCE, 0x12, 0xD0, 
0xFF, 0xD1, 0x86, 0xD4, 0x9D, 0xD7, 0x3A, 0xDB, 0x52, 0xDF, 0xD6, 0xE3, 0xB8, 0xE8, 0xE7, 0xED, 
0x52, 0xF3, 0xE7, 0xF8, 0x94, 0xFE, 0x44, 0x04, 0xE8, 0x09, 0x6A, 0x0F, 0xB9, 0x14, 0xC4, 0x19, 
0x79, 0x1E, 0xC8, 0x22, 0xA4, 0x26, 0x00, 0x2A, 0xD0, 0x2C, 0x0B, 0x2F, 0xAA, 0x30, 0xA7, 0x31, 
0xFF, 0x31, 0xB2, 0x31, 0xBF, 0x30, 0x2A, 0x2F, 0xF8, 0x2C, 0x31, 0x2A, 0xDE, 0x26, 0x0A, 0x23, 
0xC1, 0x1E, 0x12, 0x1A, 0x0C, 0x15, 0xC1, 0x0F, 0x41, 0x0A, 0x9F, 0x04, 0xEF, 0xFE, 0x41, 0xF9, 
0xAA, 0xF3, 0x3C, 0xEE, 0x08, 0xE9, 0x22, 0xE4, 0x97, 0xDF, 0x79, 0xDB, 0xD3, 0xD7, 0xB3, 0xD4, 
0x23, 0xD2, 0x2C, 0xD0, 0xD3, 0xCE, 0x1E, 0xCE, 0x0E, 0xCE, 0xA5, 0xCE, 0xDF, 0xCF, 0xB9, 0xD1, 
0x2D, 0xD4, 0x33, 0xD7, 0xC0, 0xDA, 0xC9, 0xDE, 0x40, 0xE3, 0x17, 0xE8, 0x3D, 0xED, 0xA2, 0xF2, 
0x33, 0xF8, 0xDE, 0xFD, 0x8F, 0x03, 0x35, 0x09, 0xBC, 0x0E, 0x13, 0x14, 0x27, 0x19, 0xE7, 0x1D, 
0x44, 0x22, 0x30, 0x26, 0x9C, 0x29, 0x7E, 0x2C, 0xCC, 0x2E, 0x7F, 0x30, 0x91, 0x31, 0xFD, 0x31, 
0xC4, 0x31, 0xE6, 0x30, 0x65, 0x2F, 0x47, 0x2D, 0x92, 0x2A, 0x50, 0x27, 0x8B, 0x23, 0x50, 0x1F, 
0xAD, 0x1A, 0xB1, 0x15, 0x6E, 0x10, 0xF3, 0x0A, 0x55, 0x05, 0xA5, 0xFF, 0xF6, 0xF9, 0x5B, 0xF4, 
0xE7, 0xEE, 0xAB, 0xE9, 0xBA, 0xE4, 0x23, 0xE0, 0xF6, 0xDB, 0x41, 0xD8, 0x10, 0xD5, 0x6D, 0xD2, 
0x62, 0xD0, 0xF5, 0xCE, 0x2B, 0xCE, 0x07, 0xCE, 0x89, 0xCE, 0xAF, 0xCF, 0x75, 0xD1, 0xD6, 0xD3, 
0xCA, 0xD6, 0x47, 0xDA, 0x41, 0xDE, 0xAC, 0xE2, 0x77, 0xE7, 0x95, 0xEC, 0xF2, 0xF1, 0x7F, 0xF7, 
0x27, 0xFD, 0xD9, 0x02, 0x77, 0x08, 0xED, 0x0D, 0x27, 0x13, 0x16, 0x18, 0xA9, 0x1C, 0xD2, 0x20, 
0x84, 0x24, 0xB4, 0x27, 0x59, 0x2A, 0x6B, 0x2C, 0xE4, 0x2D, 0xC1, 0x2E, 0x01, 0x2F, 0xA5, 0x2E, 
0xAF, 0x2D, 0x23, 0x2C, 0x09, 0x2A, 0x69, 0x27, 0x4C, 0x24, 0xBF, 0x20, 0xCF, 0x1C, 0x89, 0x18, 
0xFC, 0x13, 0x3A, 0x0F, 0x51, 0x0A, 0x52, 0x05, 0x4F, 0x00, 0x5A, 0xFB, 0x80, 0xF6, 0xD3, 0xF1, 
0x61, 0xED, 0x39, 0xE9, 0x68, 0xE5, 0xFA, 0xE1, 0xF9, 0xDE, 0x6E, 0xDC, 0x60, 0xDA, 0xD4, 0xD8, 
0xCF, 0xD7, 0x53, 0xD7, 0x5E, 0xD7, 0xF1, 0xD7, 0x07, 0xD9, 0x9B, 0xDA, 0xA7, 0xDC, 0x22, 0xDF, 
0x03, 0xE2, 0x3E, 0xE5, 0xCA, 0xE8, 0x97, 0xEC, 0x9A, 0xF0, 0xC3, 0xF4, 0x06, 0xF9, 0x52, 0xFD, 
0x99, 0x01, 0xCE, 0x05, 0xE3, 0x09, 0xCB, 0x0D, 0x78, 0x11, 0xDF, 0x14, 0xF7, 0x17, 0xB4, 0x1A, 
0x10, 0x1D, 0x04, 0x1F, 0x8B, 0x20, 0xA0, 0x21, 0x42, 0x22, 0x70, 0x22, 0x2B, 0x22, 0x75, 0x21, 
0x52, 0x20, 0xC9, 0x1E, 0xDE, 0x1C, 0x99, 0x1A, 0x05, 0x18, 0x29, 0x15, 0x12, 0x12, 0xC9, 0x0E, 
0x5B, 0x0B, 0xD4, 0x07, 0x40, 0x04, 0xAB, 0x00, 0x21, 0xFD, 0xAE, 0xF9, 0x5D, 0xF6, 0x38, 0xF3, 
0x4A, 0xF0, 0x9B, 0xED, 0x34, 0xEB, 0x1B, 0xE9, 0x57, 0xE7, 0xEC, 0xE5, 0xDE, 0xE4, 0x2E, 0xE4, 
0xDD, 0xE3, 0xEC, 0xE3, 0x57, 0xE4, 0x1D, 0xE5, 0x39, 0xE6, 0xA7, 0xE7, 0x5F, 0xE9, 0x5B, 0xEB, 
0x94, 0xED, 0x00, 0xF0, 0x97, 0xF2, 0x4F, 0xF5, 0x1E, 0xF8, 0xFB, 0xFA, 0xDC, 0xFD, 0xB5, 0x00, 
0x80, 0x03, 0x32, 0x06, 0xC2, 0x08, 0x29, 0x0B, 0x60, 0x0D, 0x5E, 0x0F, 0x20, 0x11, 0xA0, 0x12, 
0xDA, 0x13, 0xCB, 0x14, 0x73, 0x15, 0xCF, 0x15, 0xE0, 0x15, 0xA8, 0x15, 0x29, 0x15, 0x65, 0x14, 
0x62, 0x13, 0x23, 0x12, 0xAF, 0x10, 0x0A, 0x0F, 0x3D, 0x0D, 0x4E, 0x0B, 0x44, 0x09, 0x27, 0x07, 
0xFF, 0x04, 0xD3, 0x02, 0xAA, 0x00, 0x8E, 0xFE, 0x83, 0xFC, 0x90, 0xFA, 0xBC, 0xF8, 0x0D, 0xF7, 
0x86, 0xF5, 0x2D, 0xF4, 0x05, 0xF3, 0x11, 0xF2, 0x52, 0xF1, 0xCA, 0xF0, 0x79, 0xF0, 0x5F, 0xF0, 
0x7A, 0xF0, 0xC9, 0xF0, 0x4A, 0xF1, 0xF8, 0xF1, 0xD1, 0xF2, 0xCF, 0xF3, 0xEF, 0xF4, 0x2C, 0xF6, 
0x80, 0xF7, 0xE5, 0xF8, 0x57, 0xFA, 0xD0, 0xFB, 0x4A, 0xFD, 0xC0, 0xFE, 0x2C, 0x00, 0x8C, 0x01, 
0xD8, 0x02, 0x0F, 0x04, 0x2B, 0x05, 0x2B, 0x06, 0x0B, 0x07, 0xC9, 0x07, 0x64, 0x08, 0xDC, 0x08, 
0x2F, 0x09, 0x5E, 0x09, 0x6B, 0x09, 0x55, 0x09, 0x20, 0x09, 0xCC, 0x08, 0x5E, 0x08, 0xD7, 0x07, 
0x3B, 0x07, 0x8D, 0x06, 0xD1, 0x05, 0x0B, 0x05, 0x3E, 0x04, 0x6D, 0x03, 0x9D, 0x02, 0xD0, 0x01, 
0x0A, 0x01, 0x4E, 0x00, 0x9F, 0xFF, 0xFE, 0xFE, 0x6D, 0xFE, 0xEE, 0xFD, 0x82, 0xFD, 0x29, 0xFD, 
0xE5, 0xFC, 0xB5, 0xFC, 0x99, 0xFC, 0x90, 0xFC, 0x98, 0xFC, 0xB0, 0xFC, 0xD6, 0xFC, 0x09, 0xFD, 
0x46, 0xFD, 0x8B, 0xFD, 0xD5, 0xFD, 0x23, 0xFE, 0x71, 0xFE, 0xBD, 0xFE, 0x05, 0xFF, 0x48, 0xFF, 
0x82, 0xFF, 0xB3, 0xFF, 0xD9, 0xFF, 0xF3, 0xFF, 0x00, 0x00
};